{"type":"FeatureCollection","features":[{"id":"feature_0","type":"Feature","properties":{"STATE_CODE":"1","STATE_NAME":"New South Wales","total_fire":47758,"avg_frp":9.47,"grid_cells":21},"geometry":{"type":"MultiPolygon","coordinates":[[[[159.10542,-31.564104089370893],[159.03799025354255,-31.51210457517575],[159.07724729771297,-31.543442030750306],[159.06893404130042,-31.595785912589125],[159.10542,-31.564104089370893]]],[[[149.97654076384765,-37.50513467807678],[149.94975360429606,-37.37461934112341],[149.97238413564136,-37.32847407687077],[149.94421143335433,-37.27785203325033],[149.9867014105741,-37.239971592445926],[150.0518219191392,-37.26235548928489],[150.00471346613466,-37.14113807871079],[149.8726250586906,-37.08328431457315],[149.94467328093282,-37.05401306486065],[149.94605882366824,-36.94898093353933],[149.9049543891839,-36.91454416917169],[149.93820741483415,-36.90249130164302],[149.94051665272653,-36.81157824371243],[150.06844843196433,-36.55399124624246],[150.06660104165042,-36.39868143894439],[150.14834806304063,-36.26713299905999],[150.1243319889599,-36.14178317676177],[150.1645127282873,-36.01298967802678],[150.15019545335454,-35.89108353216532],[150.18668141205413,-35.83322976802768],[150.2351754077941,-35.83564034153341],[150.237022798108,-35.80154794480945],[150.17744446048462,-35.70305879871799],[150.27674168985692,-35.7233764896949],[150.322464600126,-35.613523211362114],[150.4065208594086,-35.533974285672855],[150.39266543205434,-35.464756389293896],[150.4924245090051,-35.36626724320243],[150.47810723407235,-35.291883832168324],[150.5972639093191,-35.1899510096401],[150.599111299633,-35.12727609849098],[150.5496936087361,-35.103170363433634],[150.58710326259262,-35.08836255475555],[150.70164146205462,-35.12279931912319],[150.6711595218752,-35.03705177584776],[150.75105915295154,-34.990906511595114],[150.77830816008162,-35.00261501148012],[150.77599892218922,-35.082852672456724],[150.8337298694987,-35.07424348136481],[150.84989453474535,-35.01294604079041],[150.7847740261803,-34.98642973222732],[150.74967361021612,-34.8552256599866],[150.78200294070942,-34.79117327826278],[150.82495476550767,-34.78256408717087],[150.85589855326555,-34.614512677056766],[150.9043925490055,-34.596949927229275],[150.86190257178572,-34.53737432487325],[150.7953965204852,-34.55528144234442],[150.81156118573188,-34.5074143398734],[150.88638049344493,-34.49157342826428],[150.87437245640456,-34.53840742780427],[150.92194275698756,-34.493984001770016],[150.88407125555256,-34.45782539918399],[150.90993471994722,-34.46471275205752],[150.92794677550776,-34.31663466527665],[151.17180229694299,-34.086597079300795],[151.07850908609086,-34.08935202045021],[151.10206331259315,-34.06524628539285],[151.0609588781088,-34.06421318246183],[151.10529624564248,-34.04217365326653],[151.11176211174114,-34.07247800591006],[151.15332839380395,-34.07316674119741],[151.16533643084432,-34.04079618269183],[151.2304569394094,-34.02633274165741],[151.22214368299683,-34.001193903669034],[151.15933241232415,-34.02323343286433],[151.162103497795,-34.00016080073801],[151.13762557613578,-34.037008138611384],[151.10945287384874,-34.022544697576976],[151.11822797783978,-33.99051850671506],[151.13993481402815,-34.0032601095311],[151.16810751631516,-33.94988312476124],[151.2493926901269,-34.00188263895639],[151.26601920295204,-33.9681346098761],[151.28126017304174,-33.83279812591126],[151.266942898109,-33.87067856671567],[151.20782640806408,-33.85346018453184],[151.18935250492507,-33.875844081370815],[151.1736496872569,-33.87136730200302],[151.18565772429724,-33.845884096370966],[151.15101915591157,-33.87240040493405],[151.1542520889609,-33.84209605229052],[151.11915167299674,-33.864824316773166],[151.09375005618057,-33.824533302463024],[151.08081832398324,-33.845884096370966],[151.07527615304153,-33.83279812591126],[151.08405125703257,-33.82212272895729],[151.0512600789608,-33.82350019953199],[151.0928263610236,-33.819712155451555],[151.13393079550798,-33.844850993439934],[151.18011555335553,-33.83624180234802],[151.15194285106853,-33.82177836131361],[151.24662160465607,-33.85346018453184],[151.2687902884229,-33.82694387596876],[151.219372597526,-33.81867905252052],[151.23230432972332,-33.78734159694597],[151.20459347501475,-33.77253378826788],[151.30158146649467,-33.82350019953199],[151.2914208197682,-33.74670621499215],[151.31774613174133,-33.741885067980675],[151.30019592375925,-33.72707725930259],[151.3431477485575,-33.624455701487015],[151.3352963397234,-33.58244284895849],[151.31589874142742,-33.60172743700437],[151.33206340667408,-33.62342259855598],[151.304814399544,-33.63547546608466],[151.31220396079962,-33.666812921659215],[151.26971398357983,-33.656137524705244],[151.3029670092301,-33.62066765740657],[151.29280636250363,-33.57176745200452],[151.1731878396784,-33.62652190734907],[151.1597942599026,-33.660614304073036],[151.1639508881089,-33.62583317206172],[151.2133685790058,-33.60792605459054],[151.18611957187574,-33.59208514298143],[151.24708345223453,-33.578999172521726],[151.21290673142732,-33.57280055493555],[151.23138063456636,-33.539052525855254],[151.19858945649457,-33.5500722904529],[151.17503522999232,-33.51425805551055],[151.1487099180192,-33.53664195234953],[151.162103497795,-33.57589986372864],[151.12099906331065,-33.599661231142306],[151.10298700775007,-33.58760836361363],[151.1200753681537,-33.58588652539525],[151.1311597100371,-33.56797940792408],[151.15148100349003,-33.561780790337906],[151.11130026416265,-33.50702633499335],[151.1537902413824,-33.52390034953349],[151.1311597100371,-33.49118542338424],[151.15563763169632,-33.46707968832688],[151.1025251601716,-33.484298070510704],[151.085436799768,-33.47534451177512],[151.0798946288263,-33.44882820321203],[151.06927213452136,-33.45674865901659],[151.07296691514915,-33.44917257085571],[151.07943278124782,-33.44538452677527],[151.0969829892299,-33.48016565878659],[151.16626012600128,-33.42678867401674],[151.1597942599026,-33.51115874671747],[151.18196294366945,-33.50082771740718],[151.19951315165153,-33.53629758470585],[151.1921235903959,-33.488774849878496],[151.23738465308654,-33.4536493502235],[151.237846500665,-33.4756888794188],[151.19766576133762,-33.49531783510835],[151.22722400636007,-33.53044333476335],[151.23138063456636,-33.507370702637026],[151.26555735537357,-33.48498680579806],[151.23738465308654,-33.51081437907379],[151.25862964169642,-33.57073434907349],[151.34776622434225,-33.506337599706],[151.36346904201042,-33.52080104074041],[151.33575818730188,-33.52217851131511],[151.34545698644988,-33.54731734930349],[151.41704336111363,-33.523211614246144],[151.50433255344555,-33.362391924649245],[151.4941719067191,-33.33656435137351],[151.44891084402843,-33.354471468844686],[151.4419831303513,-33.33002136614366],[151.46877028990292,-33.32864389556896],[151.44152128277284,-33.30694873401734],[151.51911167595676,-33.26183657269573],[151.50848918165184,-33.22257866131661],[151.56206350075502,-33.2373864699947],[151.52049721869219,-33.26252530798308],[151.5454369879299,-33.277677484304846],[151.5029470107101,-33.34379607189072],[151.5791518611586,-33.28215426367264],[151.56668197653977,-33.24427382286823],[151.63873019878199,-33.17574466177662],[151.66597920591207,-33.0868978097081],[151.6405775890959,-33.09585136844368],[151.63595911331115,-33.0693350598806],[151.59716391671918,-33.16162558838588],[151.581461099051,-33.10273872131721],[151.5528265491855,-33.14578467677677],[151.5680675192752,-33.17540029413294],[151.50987472438726,-33.13786422097221],[151.56852936685368,-33.11444722120221],[151.54820807340076,-33.08861964792648],[151.50941287680877,-33.10239435367354],[151.5491317685577,-33.06244770700707],[151.6137904295443,-33.08207666269663],[151.57730447084472,-33.032832089650896],[151.61979444806448,-33.04798426597266],[151.58423218452185,-32.99598475177751],[151.5888506603066,-32.989097398903986],[151.61656151501515,-33.00562704580046],[151.6082482586026,-32.966024766777664],[151.64381052214523,-32.974978325513256],[151.62810770447706,-33.015613707467075],[151.66089888254885,-33.08379850091501],[151.80407163187633,-32.915747090800906],[151.7855977287373,-32.925389384823845],[151.76342904497045,-32.92435628189282],[151.73387079994802,-32.87752228235282],[151.77451338685387,-32.889575149881495],[151.77497523443236,-32.90231675269753],[151.79391098514986,-32.883032164651645],[151.78652142389424,-32.91987950252502],[151.88535680568805,-32.83826437097371],[152.11581874734748,-32.79280784200842],[152.18694327443274,-32.741152695456954],[152.18740512201123,-32.71153707810078],[152.0908789781098,-32.72806672499725],[152.06362997097972,-32.69845110764108],[152.0696339894999,-32.73598718080181],[152.05854964761647,-32.716013857468575],[151.93662188689888,-32.73702028373284],[151.9781881689617,-32.70568282815828],[151.94447329573296,-32.67675594608946],[151.9684893698137,-32.65437204925049],[152.04238498236984,-32.67951088723887],[152.06132073308734,-32.6498952698827],[152.06871029434296,-32.68949754890549],[152.12182276586768,-32.65781572568726],[152.12967417470176,-32.68570950482505],[152.2049553299933,-32.70120604879049],[152.1957183784238,-32.64782906402064],[152.33565819470195,-32.526956021090214],[152.53979482438825,-32.44361905132051],[152.516240597886,-32.408493551665515],[152.55180286142863,-32.33445450827508],[152.5236301591416,-32.294507861608615],[152.57073861214613,-32.21564767120671],[152.50561810358104,-32.14505230425304],[152.54810808080083,-32.02796730540305],[152.60861011358114,-31.94704090913909],[152.7545539483795,-31.845108086610864],[152.73608004524047,-31.8110156898869],[152.84969454954552,-31.641242441554414],[152.84553792133923,-31.57305764810648],[152.93790743703437,-31.47560160494605],[152.9148150581106,-31.409483017360174],[152.97624078604787,-31.3140931800618],[152.97716448120482,-31.171524975579757],[153.0552167219672,-31.079578814718147],[153.03905205672058,-31.003129197821977],[153.09031713793138,-30.922202801558015],[153.07553801542016,-30.877779375523755],[153.0136504399044,-30.860905360983608],[152.98824882308824,-30.732111862248622],[153.03166249546496,-30.498974967479676],[153.1531284086041,-30.309572763457634],[153.1401966764068,-30.255851411044112],[153.2067027277073,-30.15632916202162],[153.1970039285593,-30.040621633746337],[153.2727469314293,-29.916993649666495],[153.3688112277523,-29.484123521565216],[153.3766626365864,-29.36566105214052],[153.34433330609306,-29.344310258232582],[153.34433330609306,-29.29644315576156],[153.4565622676627,-29.140100245532455],[153.4330080411604,-29.10084233415334],[153.4639518289183,-29.018882834958347],[153.5900362178422,-28.87769210105101],[153.526763099591,-28.87287095403954],[153.5766426380664,-28.869771645246452],[153.5747952477525,-28.84015602789028],[153.59188360815608,-28.875625895188954],[153.6089719685597,-28.843255336683367],[153.59604023636237,-28.77507054323543],[153.63853021358216,-28.63594601519015],[153.59049806542066,-28.624926250592505],[153.55355025914258,-28.531258251512515],[153.58634143721437,-28.2581747100771],[153.55632134461345,-28.170016593295934],[153.55493580187803,-28.23613518088181],[153.5378474414744,-28.18379129904299],[153.49489561667616,-28.220294269272692],[153.50875104403045,-28.189989916629166],[153.55632134461345,-28.16829475507755],[153.54246591725916,-28.168639122721228],[153.53461450842508,-28.177592681456815],[153.4768835611156,-28.156930622836228],[153.3895943687837,-28.235102077950778],[153.3300160311603,-28.23716828381284],[153.23164249694497,-28.26506206295063],[153.1780681778418,-28.24749931312313],[153.10879104107042,-28.35769695909959],[152.8801764897249,-28.30948548898489],[152.75085916775168,-28.363895576685767],[152.6381683586036,-28.310862959559593],[152.61461413210134,-28.269538842318426],[152.57905186855868,-28.33910110634106],[152.525939397034,-28.3063861801918],[152.53425265344654,-28.26265148944489],[152.46358997393975,-28.259207813008132],[152.38599958075582,-28.368716723697236],[152.30979473030732,-28.363206841398416],[152.21696336703369,-28.449298752317524],[152.16061796245964,-28.43311347306473],[152.01698336555367,-28.525404001570017],[151.95555763761638,-28.51886101634016],[152.01005565187654,-28.664872897258974],[152.07609985559856,-28.708263220362205],[152.0428468299483,-28.7316802201322],[152.01513597523976,-28.850487057200574],[152.03822835416355,-28.864606130591305],[152.00959380429805,-28.90765208605086],[151.91583874586746,-28.929347247602475],[151.84933269456695,-28.907996453694537],[151.83224433416336,-28.95999596788968],[151.7777463199032,-28.95999596788968],[151.73387079994802,-28.871493483464832],[151.70662179281794,-28.87183785110851],[151.5454369879299,-28.95310861501615],[151.49832853492535,-29.01991593788938],[151.50248516313164,-29.070882349153493],[151.39395098218984,-29.177980686336863],[151.31497504627046,-29.165583451164512],[151.27987463030632,-29.10084233415334],[151.27479430694308,-28.938989541625418],[151.10298700775007,-28.836367983809836],[151.0452560604406,-28.844632807258073],[151.01061749205493,-28.74063377886779],[150.75244469568696,-28.633535441684415],[150.63236432528328,-28.67658139714397],[150.44577790357903,-28.66521726490265],[150.28967342205422,-28.537112501455013],[150.2120830288703,-28.57430420697207],[150.15250469124692,-28.55019847191472],[150.01625965559657,-28.580502824558245],[149.97700261142612,-28.613562118351183],[149.72113905295055,-28.60908533898339],[149.70312699738997,-28.633879809328093],[149.5881269503495,-28.572926736397363],[149.50314699590996,-28.57430420697207],[149.45234376227762,-28.594966265592653],[149.38722325371253,-28.69586598518985],[149.29716297590977,-28.709985058580585],[149.08055646160463,-28.84187786610866],[149.03252431344313,-28.95586355616556],[148.95816685330854,-28.998909511625115],[140.99914753343535,-28.999253879268792],[141.01254111321114,-34.02461090343903],[141.0037660092201,-34.02771021223212],[141.04256120581206,-34.06111387366874],[141.17464961325615,-34.07316674119741],[141.18758134545345,-34.07936535878359],[141.24161751213512,-34.06145824131241],[141.32475007626078,-34.13894096113961],[141.35892679706797,-34.11070281435814],[141.444368599086,-34.167867843208434],[141.49701922303223,-34.15547060803608],[141.5187260592206,-34.18095381366814],[141.50995095522956,-34.21642368096681],[141.60324416608168,-34.19128484297843],[141.6027823185032,-34.16235796090961],[141.58384656778568,-34.152026931599316],[141.6046297088171,-34.149271990449904],[141.67760162621627,-34.1010605203352],[141.74641691540916,-34.10347109384094],[141.87665793253933,-34.1375634905649],[141.8849711889519,-34.11483522608226],[141.92238084280842,-34.114490858438586],[141.92561377585776,-34.13446418177182],[141.94501137415375,-34.119312005450055],[141.96995114339143,-34.12000074073741],[142.04246121321214,-34.10519293205932],[142.02768209070092,-34.12310004953049],[142.0757142388624,-34.13136487297873],[142.08264195253952,-34.17337772550725],[142.1195897588176,-34.17475519608196],[142.1482243086831,-34.14858325516255],[142.15930865056652,-34.171311519645194],[142.16669821182214,-34.171311519645194],[142.22073437850378,-34.181986916599165],[142.23551350101502,-34.22365540148402],[142.23597534859348,-34.30699237125371],[142.28631673464736,-34.29666134194342],[142.28400749675498,-34.32662132694327],[142.3311159497595,-34.3393629297593],[142.3842284212842,-34.34693901792018],[142.35097539563395,-34.39652795860958],[142.35328463352636,-34.46953389906899],[142.379148097921,-34.46677895791958],[142.359750499625,-34.498805148781486],[142.39485091558916,-34.49363963412634],[142.3749914697147,-34.51533479567796],[142.40039308653087,-34.52291088383884],[142.3676019084591,-34.53048697199972],[142.4516581677417,-34.58420832441324],[142.46782283298833,-34.56423500108001],[142.46412805236054,-34.626565544585446],[142.4969192304323,-34.66926713240132],[142.51908791419916,-34.70370389676897],[142.51169835294354,-34.740895602286024],[142.50754172473725,-34.74881605809058],[142.55695941563417,-34.775332366653664],[142.56712006236063,-34.76706754320543],[142.616999600836,-34.78566339596396],[142.64655784585847,-34.76327949912499],[142.61838514357146,-34.72884273475735],[142.6784253287733,-34.722299749527494],[142.68442934729347,-34.71403492607926],[142.69089521339214,-34.70129332326323],[142.683967499715,-34.6709889706197],[142.7107546592666,-34.67581011763117],[142.68950967065672,-34.61830072113721],[142.75924865500656,-34.60004923602236],[142.74816431312314,-34.576632236252365],[142.78418842424423,-34.5804202803328],[142.79157798549986,-34.54632788360884],[142.78788320487206,-34.59006257435574],[142.86824468352685,-34.6272542798728],[142.88671858666586,-34.679942529355294],[142.92366639294394,-34.64791633849339],[142.97262223626237,-34.69509470567706],[142.9892487490875,-34.662724147171474],[143.03959013514137,-34.70267079383794],[143.11256205254054,-34.68097563228632],[143.10701988159883,-34.70163769090691],[143.21878699558997,-34.7295314700447],[143.22432916653167,-34.7588027197572],[143.27420870500706,-34.75260410217102],[143.25204002124022,-34.77292179314793],[143.27651794289943,-34.79220638119381],[143.34810431756318,-34.79151764590646],[143.32224085316855,-35.03670740820408],[143.39475092298923,-35.19236158314583],[143.44971078482786,-35.18926227435274],[143.47141762101623,-35.21922225935259],[143.57071485038853,-35.20682502418024],[143.59103614384145,-35.28155280285803],[143.56193974639746,-35.33734036113361],[143.6205943888639,-35.38761803711037],[143.75083540599405,-35.38796240475405],[143.8589077393574,-35.47990856561566],[143.97021300577006,-35.50022625659257],[143.99007245164452,-35.55463634429344],[144.105072498685,-35.59079494687947],[144.26440991325913,-35.751270268832684],[144.3489280201202,-35.7671111804418],[144.3812573506135,-35.85251435607356],[144.41127744321443,-35.85905734130341],[144.4080445101651,-35.904169502625024],[144.59093615124152,-36.0432940306703],[144.61541407290073,-36.03158553078531],[144.6177233107931,-36.077042059750596],[144.63296428088282,-36.04811517768178],[144.65513296464965,-36.075320221532216],[144.6888478378784,-36.061545515785156],[144.68376751451515,-36.09529354486545],[144.72579564415645,-36.08943929492295],[144.71748238774387,-36.11216755940559],[144.77706072536725,-36.12973030923309],[144.86342622254224,-36.05913494227942],[144.9821210502105,-36.07222091273913],[144.9234664077441,-35.98888394296943],[144.9571812809728,-35.96099016383164],[144.96826562285622,-35.86560032653327],[145.11420945765457,-35.82048816521165],[145.35529389361895,-35.86697779710797],[145.5354144492245,-35.80189231245312],[145.67396872276723,-35.92586466417664],[145.81159930115302,-35.99163888411884],[145.90258327411274,-35.952380972739725],[145.95384835532354,-35.961334531475316],[145.97186041088412,-36.01574461917619],[146.13489260608605,-36.00265864871648],[146.18615768729688,-36.0419165600956],[146.2826838311983,-36.01092347216472],[146.2831456787768,-36.04157219245192],[146.33902923577236,-36.02642001613016],[146.36858748079482,-36.050870118831185],[146.42169995231953,-35.96581131084311],[146.49975219308195,-35.99095014883149],[146.5025232785528,-35.95823522268223],[146.54963173155733,-35.9923276194062],[146.61244300223004,-35.972698663716635],[146.68587676720767,-36.04053908952089],[146.73159967747677,-36.02366507498075],[146.7500735806158,-36.06120114814148],[146.87292503649036,-36.073598383313836],[146.94358771599718,-36.115955603486036],[146.95698129577295,-36.07807516268163],[147.05304559209594,-36.10803514768148],[147.12324642402425,-35.994393825268254],[147.14449141263412,-36.037784148371486],[147.31999349245493,-36.0608567804978],[147.404511599316,-35.94342741400414],[147.4941100295403,-35.94342741400414],[147.55184097684977,-36.00403611929119],[147.58417030734307,-35.98475153124531],[147.5490698913789,-35.9644338402684],[147.6012586677467,-35.97924164894649],[147.70840730595307,-35.928619605326055],[147.91254393563935,-35.9950825605556],[147.93425077182772,-36.0477708100381],[147.99983312797127,-36.046048971819715],[147.9804355296753,-36.08633998612986],[148.00260421344214,-36.14006133854338],[148.0377046294063,-36.14075007383074],[148.03493354393544,-36.31052332216322],[148.0589496180162,-36.32016561618616],[148.0377046294063,-36.39007224785248],[148.12453197415977,-36.46480002653026],[148.13330707815078,-36.56707721670217],[148.21736333743337,-36.59807030463305],[148.10882915649157,-36.80090284675847],[148.19473280608807,-36.796081699747],[149.97654076384765,-37.50513467807678]],[[151.1450151373914,-33.81936778780788],[151.13670188097882,-33.81523537608376],[151.14409144223444,-33.802838140911405],[151.1450151373914,-33.81936778780788]],[[151.30619994227942,-33.704004627176275],[151.29326821008212,-33.721567377003765],[151.26971398357983,-33.715024391773916],[151.28126017304174,-33.708825774187744],[151.29373005766058,-33.71468002413024],[151.29788668586687,-33.7036602595326],[151.30619994227942,-33.704004627176275]],[[151.69646114609148,-32.844118620916205],[151.68537680420803,-32.82414529758297],[151.75696317887179,-32.85272781200812],[151.7837503384234,-32.820357253502536],[151.81838890680908,-32.83103265045651],[151.7837503384234,-32.88440963522635],[151.77358969169694,-32.856171488444886],[151.69646114609148,-32.844118620916205]],[[151.70061777429777,-32.85135034143342],[151.73294710479107,-32.87958848821488],[151.7117021161812,-32.87097929712297],[151.70061777429777,-32.85135034143342]],[[151.58607957483576,-33.207770852638525],[151.56852936685368,-33.232909690626904],[151.55421209192093,-33.22774417597176],[151.55698317739177,-33.19743982332823],[151.58607957483576,-33.207770852638525]],[[151.4553767101271,-33.41749074763747],[151.4479871488715,-33.42988798280983],[151.44383052066522,-33.423344997579974],[151.4553767101271,-33.41749074763747]],[[151.43551726425267,-33.45640429137291],[151.42581846510467,-33.471212100051],[151.42258553205534,-33.46019233545336],[151.43551726425267,-33.45640429137291]],[[151.38286664030642,-33.47190083533835],[151.3773244693647,-33.49945024683247],[151.3334489494095,-33.5018608203382],[151.3182079793198,-33.43126545338453],[151.36947306053062,-33.438841541545415],[151.33575818730188,-33.47431140884409],[151.352384700127,-33.488774849878496],[151.38286664030642,-33.47190083533835]],[[151.3163605890059,-33.48636427637276],[151.30435255196554,-33.48154312936129],[151.30712363743638,-33.46776842361423],[151.32421199784,-33.482920599936],[151.3163605890059,-33.48636427637276]],[[151.03370987097873,-33.98466425677257],[151.11545689236894,-33.997405859588596],[151.0489508410684,-34.02047849171492],[151.0397138894989,-34.005326315393155],[151.06603920147202,-33.99189597728977],[151.03278617582177,-33.99258471257713],[151.03370987097873,-33.98466425677257]],[[151.03370987097873,-33.98431988912889],[151.0152359678397,-33.98259805091051],[151.04479421286214,-33.94781691889919],[151.04664160317606,-33.97054518338183],[151.03370987097873,-33.98431988912889]],[[149.3992312907529,-35.31908887601876],[149.35212283774837,-35.351459434524344],[149.20756454568547,-35.345260816938165],[149.14660066532667,-35.41482308096081],[149.14244403712038,-35.59251678509785],[149.07824722371225,-35.585973799868],[149.1096528590486,-35.69651581348813],[149.09579743169434,-35.84562700320003],[149.0486889786898,-35.92035478187782],[148.9590905484655,-35.89556031153312],[148.8865804786448,-35.810157135901356],[148.8865804786448,-35.71924407797078],[148.8556366908869,-35.76091256285563],[148.76742380339803,-35.64727124044241],[148.7886687920079,-35.58804000573006],[148.76280532761328,-35.49540510958109],[148.8080663903039,-35.30979094963949],[149.120737200932,-35.124521157341576],[149.18909064254643,-35.16584527458274],[149.2047934602146,-35.229553288662885],[149.23850833344335,-35.221977200502],[149.27222320667207,-35.27363234705347],[149.3992312907529,-35.31908887601876]]],[[[152.32873048102482,-32.617524711377115],[152.30517625452256,-32.60719368206682],[152.3121039681997,-32.626822637756376],[152.32873048102482,-32.617524711377115]]],[[[152.22850955649557,-32.68708697539975],[152.2225055379754,-32.68398766660667],[152.2238910807108,-32.6922524900549],[152.22850955649557,-32.68708697539975]]],[[[152.2035697872579,-32.7476956806868],[152.19248544537447,-32.73977522488225],[152.18509588411885,-32.74976188654887],[152.2035697872579,-32.7476956806868]]],[[[151.9818829495895,-32.67090169614696],[151.97403154075542,-32.66539181384814],[151.97957371169713,-32.67744468137681],[151.9818829495895,-32.67090169614696]]],[[[151.97495523591238,-32.67985525488255],[151.96941306497067,-32.667458019710196],[151.96571828434284,-32.67434537258372],[151.97495523591238,-32.67985525488255]]],[[[150.42129998191984,-35.53121934452344],[150.42037628676286,-35.526053829868296],[150.41113933519335,-35.53018624159242],[150.42129998191984,-35.53121934452344]]],[[[150.2310187795878,-36.25060335216352],[150.22409106591067,-36.24406036693367],[150.22270552317525,-36.25645760210602],[150.22917138927392,-36.25886817561175],[150.2310187795878,-36.25060335216352]]]]}},{"id":1,"type":"Feature","properties":{"STATE_CODE":"2","STATE_NAME":"Victoria","total_fire":52357,"avg_frp":11.44,"grid_cells":23},"geometry":{"type":"MultiPolygon","coordinates":[[[[140.9658945077851,-38.05612290795908],[141.29519183123833,-38.220730641636415],[141.39217982271822,-38.31956415537155],[141.37416776715767,-38.38671584588846],[141.46099511191113,-38.36226574318743],[141.54274213330135,-38.432861110141104],[141.57322407348073,-38.38981515468154],[141.62633654500547,-38.406344801578015],[141.6503526190862,-38.39291446347463],[141.60139677576777,-38.3130211701417],[141.7417984396244,-38.253101200142],[141.92930855648558,-38.27824003813038],[142.14591507079072,-38.39153699289993],[142.24475045258453,-38.3963581399114],[142.26137696540965,-38.36467631669316],[142.37268223182232,-38.3495241403714],[142.56342528173283,-38.421841345543456],[142.8576221892219,-38.605389299623],[143.0806945696257,-38.65084582858829],[143.23310427052272,-38.76655335686357],[143.35641757397576,-38.75381175404754],[143.51113651276512,-38.857466414794146],[143.55408833756337,-38.855744576575766],[143.6815582692227,-38.737626474794745],[143.866297300613,-38.67150788720887],[144.03671905707057,-38.47590706560065],[144.10461065110653,-38.4693640803708],[144.4288276511965,-38.281683714567144],[144.6140285301653,-38.292359111521115],[144.67222132505327,-38.26515406767068],[144.62326548173482,-38.25137936192362],[144.68653859998602,-38.197313641866415],[144.70639804586045,-38.210055244682444],[144.72025347321474,-38.14669159824598],[144.6920807709277,-38.11983092203922],[144.6315787381474,-38.10743368686687],[144.47824534209343,-38.164598715717155],[144.42559471814718,-38.123963333763335],[144.41681961415614,-38.15530078933789],[144.36509268536685,-38.1449697600276],[144.36139790473905,-38.105023113361135],[144.39788386343864,-38.07368565778658],[144.50687989195893,-38.09159277525775],[144.51565499594997,-38.04544751100511],[144.65143818402186,-38.0017128202582],[144.7992294091341,-37.92319699749997],[144.8144703792238,-37.87498552738527],[144.9040688094481,-37.872574953879536],[144.89714109577096,-37.84261496887969],[144.92577564563646,-37.839860027730275],[144.97011301317013,-37.86086645399454],[145.01814516133163,-37.981739496924966],[145.09943033514335,-38.026851658246585],[145.11836608586086,-38.145658495314954],[145.03246243626438,-38.212810185831856],[144.98858691630917,-38.31680921422214],[144.92300456016562,-38.34917977272772],[144.8144703792238,-38.36846436077361],[144.65190003160032,-38.30406761140611],[144.83848645330454,-38.43045053663536],[144.88744229662296,-38.49897969772697],[144.93732183509837,-38.496913491864916],[145.03246243626438,-38.48658246255462],[145.05001264424646,-38.43010616899169],[145.12991227532277,-38.3905038899689],[145.23428982805828,-38.40978847801478],[145.18394844200444,-38.37466297835978],[145.22181994343944,-38.37776228715287],[145.19272354599548,-38.29649152324523],[145.22320548617486,-38.306478184911846],[145.25461112151123,-38.22314121514215],[145.2984866414664,-38.248624420774206],[145.34698063720637,-38.21349892111921],[145.48876784379846,-38.23347224445244],[145.5488080290003,-38.3715636695667],[145.51555500335004,-38.41564272795728],[145.41625777397775,-38.40703353686537],[145.4342698295383,-38.493469815428156],[145.37192040644408,-38.53617140324403],[145.4836875204352,-38.556144726577266],[145.60653897630976,-38.67873960772607],[145.71414946209464,-38.64499157864579],[145.76541454330544,-38.6666867401974],[145.8693302484625,-38.77619565088651],[145.92105717725178,-38.90946592898929],[146.0064989792698,-38.877784105771056],[145.99772387527875,-38.8464466501965],[146.03374798639987,-38.81304298875989],[146.13350706335063,-38.837493091460914],[146.2337279878799,-38.91876385536855],[146.26929025142252,-38.972829575425756],[146.2489689579696,-38.99590220755208],[146.35242281554815,-39.058921486344865],[146.3214790277903,-39.08784836841368],[146.374591499315,-39.13674857381574],[146.42631842810428,-39.12986122094221],[146.43093690388906,-39.065464471574714],[146.48312568025682,-39.06098769220692],[146.431860599046,-39.01105438387384],[146.489129698777,-38.91049903192032],[146.47850720447207,-38.79169219485195],[146.4378646175662,-38.77895059203592],[146.4147722386424,-38.85195653249532],[146.2928444779248,-38.90464478197782],[146.27298503205031,-38.806155635886356],[146.2332661403014,-38.80891057703577],[146.1856958397184,-38.743480724737246],[146.21202115169152,-38.69285868111681],[146.35057542523427,-38.67288535778358],[146.38706138393385,-38.7207524602546],[146.4946718697187,-38.679772710657105],[146.55101727429275,-38.70387844571446],[146.6530855891359,-38.64292537278373],[146.65770406492067,-38.67150788720887],[146.69788480424805,-38.67529593128931],[146.71312577433775,-38.6477465197952],[146.8151940891809,-38.648779622726224],[146.8780053598536,-38.62639572588726],[146.8438286390464,-38.604700564335644],[146.9255756604366,-38.59436953502535],[146.88308568321685,-38.63466054933549],[147.47609797397973,-38.151857112901126],[147.78830693702938,-37.955223188361884],[148.2894115596756,-37.81093314566146],[148.72770491164914,-37.81540992502925],[148.8085282378824,-37.78648304296043],[149.12443198155984,-37.777185116581165],[149.2754561397214,-37.803701425144254],[149.4851349403494,-37.775463278362786],[149.67726353299534,-37.685238955719555],[149.77517521963222,-37.55782292755927],[149.97654076384765,-37.50513467807678],[148.19473280608807,-36.796081699747],[148.10882915649157,-36.80090284675847],[148.21736333743337,-36.59807030463305],[148.13330707815078,-36.56707721670217],[148.12453197415977,-36.46480002653026],[148.0377046294063,-36.39007224785248],[148.0589496180162,-36.32016561618616],[148.03493354393544,-36.31052332216322],[148.0377046294063,-36.14075007383074],[148.00260421344214,-36.14006133854338],[147.9804355296753,-36.08633998612986],[147.99983312797127,-36.046048971819715],[147.93425077182772,-36.0477708100381],[147.91254393563935,-35.9950825605556],[147.70840730595307,-35.928619605326055],[147.6012586677467,-35.97924164894649],[147.5490698913789,-35.9644338402684],[147.58417030734307,-35.98475153124531],[147.55184097684977,-36.00403611929119],[147.4941100295403,-35.94342741400414],[147.404511599316,-35.94342741400414],[147.31999349245493,-36.0608567804978],[147.14449141263412,-36.037784148371486],[147.12324642402425,-35.994393825268254],[147.05304559209594,-36.10803514768148],[146.95698129577295,-36.07807516268163],[146.94358771599718,-36.115955603486036],[146.87292503649036,-36.073598383313836],[146.7500735806158,-36.06120114814148],[146.73159967747677,-36.02366507498075],[146.68587676720767,-36.04053908952089],[146.61244300223004,-35.972698663716635],[146.54963173155733,-35.9923276194062],[146.5025232785528,-35.95823522268223],[146.49975219308195,-35.99095014883149],[146.42169995231953,-35.96581131084311],[146.36858748079482,-36.050870118831185],[146.33902923577236,-36.02642001613016],[146.2831456787768,-36.04157219245192],[146.2826838311983,-36.01092347216472],[146.18615768729688,-36.0419165600956],[146.13489260608605,-36.00265864871648],[145.97186041088412,-36.01574461917619],[145.95384835532354,-35.961334531475316],[145.90258327411274,-35.952380972739725],[145.81159930115302,-35.99163888411884],[145.67396872276723,-35.92586466417664],[145.5354144492245,-35.80189231245312],[145.35529389361895,-35.86697779710797],[145.11420945765457,-35.82048816521165],[144.96826562285622,-35.86560032653327],[144.9571812809728,-35.96099016383164],[144.9234664077441,-35.98888394296943],[144.9821210502105,-36.07222091273913],[144.86342622254224,-36.05913494227942],[144.77706072536725,-36.12973030923309],[144.71748238774387,-36.11216755940559],[144.72579564415645,-36.08943929492295],[144.68376751451515,-36.09529354486545],[144.6888478378784,-36.061545515785156],[144.65513296464965,-36.075320221532216],[144.63296428088282,-36.04811517768178],[144.6177233107931,-36.077042059750596],[144.61541407290073,-36.03158553078531],[144.59093615124152,-36.0432940306703],[144.4080445101651,-35.904169502625024],[144.41127744321443,-35.85905734130341],[144.3812573506135,-35.85251435607356],[144.3489280201202,-35.7671111804418],[144.26440991325913,-35.751270268832684],[144.105072498685,-35.59079494687947],[143.99007245164452,-35.55463634429344],[143.97021300577006,-35.50022625659257],[143.8589077393574,-35.47990856561566],[143.75083540599405,-35.38796240475405],[143.6205943888639,-35.38761803711037],[143.56193974639746,-35.33734036113361],[143.59103614384145,-35.28155280285803],[143.57071485038853,-35.20682502418024],[143.47141762101623,-35.21922225935259],[143.44971078482786,-35.18926227435274],[143.39475092298923,-35.19236158314583],[143.32224085316855,-35.03670740820408],[143.34810431756318,-34.79151764590646],[143.27651794289943,-34.79220638119381],[143.25204002124022,-34.77292179314793],[143.27420870500706,-34.75260410217102],[143.22432916653167,-34.7588027197572],[143.21878699558997,-34.7295314700447],[143.10701988159883,-34.70163769090691],[143.11256205254054,-34.68097563228632],[143.03959013514137,-34.70267079383794],[142.9892487490875,-34.662724147171474],[142.97262223626237,-34.69509470567706],[142.92366639294394,-34.64791633849339],[142.88671858666586,-34.679942529355294],[142.86824468352685,-34.6272542798728],[142.78788320487206,-34.59006257435574],[142.79157798549986,-34.54632788360884],[142.78418842424423,-34.5804202803328],[142.74816431312314,-34.576632236252365],[142.76155789289894,-34.59832739780398],[142.68950967065672,-34.61657888291883],[142.69089521339214,-34.70129332326323],[142.68442934729347,-34.71403492607926],[142.6784253287733,-34.722299749527494],[142.61838514357146,-34.72884273475735],[142.64655784585847,-34.76327949912499],[142.6156140581006,-34.78531902832028],[142.56712006236063,-34.76706754320543],[142.55695941563417,-34.775332366653664],[142.50754172473725,-34.74881605809058],[142.51169835294354,-34.740895602286024],[142.51908791419916,-34.70370389676897],[142.4969192304323,-34.66926713240132],[142.46412805236054,-34.626565544585446],[142.46782283298833,-34.56423500108001],[142.4516581677417,-34.58420832441324],[142.3676019084591,-34.53048697199972],[142.40039308653087,-34.52291088383884],[142.3749914697147,-34.51533479567796],[142.39485091558916,-34.49363963412634],[142.359750499625,-34.498805148781486],[142.379148097921,-34.46677895791958],[142.35328463352636,-34.46953389906899],[142.35097539563395,-34.39652795860958],[142.3842284212842,-34.34693901792018],[142.3311159497595,-34.3393629297593],[142.28400749675498,-34.32662132694327],[142.28631673464736,-34.29666134194342],[142.23597534859348,-34.30699237125371],[142.23551350101502,-34.22365540148402],[142.2188869881899,-34.18095381366814],[142.16669821182214,-34.171311519645194],[142.15930865056652,-34.171311519645194],[142.14637691836919,-34.14892762280623],[142.1195897588176,-34.17475519608196],[142.08264195253952,-34.17337772550725],[142.0757142388624,-34.13136487297873],[142.02768209070092,-34.12310004953049],[142.04246121321214,-34.10519293205932],[141.96995114339143,-34.12000074073741],[141.94501137415375,-34.119312005450055],[141.92561377585776,-34.13446418177182],[141.92238084280842,-34.114490858438586],[141.8849711889519,-34.11483522608226],[141.87665793253933,-34.1375634905649],[141.74641691540916,-34.10347109384094],[141.67760162621627,-34.1010605203352],[141.6046297088171,-34.149271990449904],[141.6027823185032,-34.16235796090961],[141.60324416608168,-34.19128484297843],[141.50995095522956,-34.21642368096681],[141.5187260592206,-34.18095381366814],[141.49517183271834,-34.15478187274873],[141.444368599086,-34.167867843208434],[141.35892679706797,-34.11070281435814],[141.32475007626078,-34.13894096113961],[141.24161751213512,-34.06145824131241],[141.18758134545345,-34.07936535878359],[141.17464961325615,-34.07316674119741],[141.04256120581206,-34.06111387366874],[141.0037660092201,-34.02771021223212],[141.01254111321114,-34.02461090343903],[140.9806736302963,-34.01600171234712],[140.96358526989272,-33.980531845048446],[140.9658945077851,-38.05612290795908]],[[146.84059570599706,-38.615720328933286],[146.7921017102571,-38.63224997582976],[146.7981057287773,-38.620197108301085],[146.82535473590735,-38.60986607899079],[146.84059570599706,-38.615720328933286]]],[[[149.9183479689597,-37.56849832451324],[149.9049543891839,-37.54818063353633],[149.90633993191932,-37.56746522158222],[149.9183479689597,-37.56849832451324]]],[[[146.87892905501056,-38.63810422577226],[146.83551538263384,-38.65428950502505],[146.85814591397914,-38.65256766680667],[146.8285876689567,-38.67942834301343],[146.87892905501056,-38.63810422577226]]],[[[146.8262784310643,-38.68356075473755],[146.79856757635577,-38.67564029893299],[146.75284466608667,-38.68941500468004],[146.78794508205084,-38.68080581358814],[146.8262784310643,-38.68356075473755]]],[[[146.81565593675938,-38.659455019680195],[146.793949100571,-38.65670007853078],[146.78609769173693,-38.66909731370313],[146.81565593675938,-38.659455019680195]]],[[[146.73945108631088,-38.67288535778358],[146.72790489684897,-38.66117685789858],[146.70989284128842,-38.676673401864015],[146.71543501223013,-38.68390512238122],[146.73945108631088,-38.67288535778358]]],[[[146.7158968598086,-38.68700443117431],[146.70758360339605,-38.676673401864015],[146.69603741393416,-38.69079247525475],[146.7158968598086,-38.68700443117431]]],[[[146.6854149196292,-38.67770650479505],[146.66878840680408,-38.68390512238122],[146.6835675293153,-38.68975937232372],[146.6854149196292,-38.67770650479505]]],[[[146.67756351079512,-38.70835522508225],[146.6184470207502,-38.69767982812828],[146.58519399509996,-38.715586945599455],[146.60274420308204,-38.72695107784078],[146.67756351079512,-38.70835522508225]]],[[[146.66925025438255,-38.71834188674887],[146.62953136263363,-38.72454050433504],[146.65262374155742,-38.72729544548445],[146.66925025438255,-38.71834188674887]]],[[[146.62029441106412,-38.757944165771654],[146.5768807386874,-38.73487153364533],[146.5002140406604,-38.76276531278313],[146.54178032272324,-38.72832854841548],[146.50945099222992,-38.718686254392544],[146.46465177711778,-38.739003945369454],[146.4946718697187,-38.774818180311804],[146.54547510335104,-38.79100345956459],[146.62029441106412,-38.757944165771654]]],[[[146.62306549653496,-38.757599798127984],[146.65585667460675,-38.75553359226592],[146.66786471164713,-38.74761313646136],[146.62306549653496,-38.757599798127984]]],[[[146.6341498384184,-38.696991092840925],[146.6267602771628,-38.6901037399674],[146.62167995379954,-38.69458051933519],[146.6341498384184,-38.696991092840925]]],[[[146.50206143097432,-38.71627568088681],[146.45125819734199,-38.71042143094431],[146.43878831272315,-38.72763981312813],[146.49328632698328,-38.725229239622394],[146.50206143097432,-38.71627568088681]]],[[[146.32979228420285,-39.141569720827206],[146.31224207622077,-39.13468236795368],[146.32563565599656,-39.14742397076971],[146.32979228420285,-39.141569720827206]]],[[[146.24619787249873,-39.02448472197722],[146.2411175491355,-39.01656426617266],[146.23649907335073,-39.02207414847148],[146.24065570155702,-39.029650236632364],[146.24619787249873,-39.02448472197722]]],[[[146.24157939671397,-39.08888147134471],[146.22218179841798,-39.071318721517216],[146.2355753781938,-39.09749066243663],[146.24157939671397,-39.08888147134471]]],[[[145.50354696630967,-38.35434528738287],[145.45228188509884,-38.30682255255552],[145.35206096056962,-38.311299331923315],[145.297101098731,-38.28202808221082],[145.26569546339465,-38.40290112514125],[145.35252280814808,-38.42011950732507],[145.4060971272513,-38.37259677249772],[145.50354696630967,-38.35434528738287]]],[[[145.36453084518845,-38.553389785427854],[145.3409766186862,-38.535827035600356],[145.35898867424675,-38.50931072703727],[145.297101098731,-38.506555785887855],[145.29063523263233,-38.450079492324925],[145.20011310725107,-38.45111259525595],[145.11605684796848,-38.51826428577286],[145.22135809586098,-38.529972785657854],[145.27123763433636,-38.504833947669475],[145.36453084518845,-38.553389785427854]]],[[[145.34605694204942,-38.50862199174992],[145.3368199904799,-38.493814183071834],[145.3331252098521,-38.49932406537065],[145.34605694204942,-38.50862199174992]]],[[[144.7022414176542,-38.24345890611906],[144.6786871911519,-38.23760465617656],[144.66298437348374,-38.253101200142],[144.67222132505327,-38.264465332383324],[144.7022414176542,-38.24345890611906]]],[[[142.01428851092513,-38.412543419164194],[141.9935053698937,-38.417364566175664],[141.99904754083542,-38.425285021980216],[142.01428851092513,-38.412543419164194]]]]}},{"id":2,"type":"Feature","properties":{"STATE_CODE":"3","STATE_NAME":"Queensland","total_fire":309250,"avg_frp":9.43,"grid_cells":44},"geometry":{"type":"MultiPolygon","coordinates":[[[[153.53461450842508,-28.177592681456815],[153.55216471640716,-28.164162343353432],[153.51429321497216,-28.161063034560346],[153.4505582491425,-28.083580314733148],[153.43439358389585,-27.934124757377575],[153.42146185169852,-27.9410121102511],[153.41915261380615,-27.983024962779627],[153.41083935739357,-27.870416743297433],[153.3665019898599,-27.800854479274793],[153.39467469214694,-27.818761596745965],[153.41176305255053,-27.7905234499645],[153.38405219784198,-27.784324832378324],[153.42654217506177,-27.778470582435823],[153.43947390725907,-27.735768994619946],[153.3854377405774,-27.70856395076951],[153.41591968075682,-27.6414122602526],[153.36742568501685,-27.64864398076981],[153.38312850268503,-27.708908318413187],[153.29907224340243,-27.710630156631566],[153.32308831748318,-27.700299127321273],[153.29722485308855,-27.594922628356283],[153.31800799411997,-27.581492290252903],[153.24087944851448,-27.465096026690265],[153.18869067214672,-27.475771423644236],[153.16513644564446,-27.39725560088601],[153.1914617576176,-27.36729561588616],[153.14250591429914,-27.421705703587037],[153.05336933165333,-27.460274879678796],[153.04967455102553,-27.440301556345563],[153.1415822191422,-27.415851453644535],[153.1605179698597,-27.377282277552776],[153.06953399689996,-27.313918631116312],[153.0538311792318,-27.230237293702938],[153.10786734591346,-27.261574749277493],[153.1166424499045,-27.19821110284103],[153.03766651398516,-27.196489264622645],[153.02196369631696,-27.124172059450594],[153.03766651398516,-27.12761573588736],[153.04320868492687,-27.149310897438973],[153.14435330461305,-27.07527185404854],[153.09909224192242,-27.06390772180722],[153.06029704533046,-26.988835575485755],[153.02473478178783,-26.9881468401984],[153.0649155211152,-26.976438340313404],[153.04320868492687,-26.946133987669878],[153.0612207404874,-26.89275700290003],[153.0921645282453,-26.895167576405765],[153.1512810182902,-26.802188312613126],[153.1392729812498,-26.679249063820638],[153.09863039434396,-26.642746093590937],[153.11987538295384,-26.37930484617846],[153.07738540573405,-26.37930484617846],[153.0612207404874,-26.313186258592587],[153.19238545277454,-25.9330043799738],[153.11987538295384,-25.933693115261153],[153.07230508237083,-25.811786969399694],[153.0464416179762,-25.807998925319254],[153.07184323479237,-25.82280673399734],[153.0464416179762,-25.849323042560425],[153.06630106385063,-25.885481645146452],[153.05844965501655,-25.914408527215272],[153.02473478178783,-25.908209909629097],[153.05614041712417,-25.93128254175542],[153.01642152537528,-25.997401129341295],[152.99933316497166,-25.969162982559826],[153.0312006478865,-25.934037482904827],[152.99702392707928,-25.934726218192182],[153.02981510515104,-25.888925321583216],[153.02196369631696,-25.86619705710057],[152.99379099402995,-25.881004865778657],[153.02057815358154,-25.82969408687087],[152.98732512793129,-25.803522145951458],[152.93652189429895,-25.81488627819278],[152.97346970057703,-25.762198028710287],[152.93698374187744,-25.759787455204552],[152.87832909941102,-25.68368220595206],[152.91158212506127,-25.674728647216472],[152.86170258658586,-25.553511236642365],[152.90234517349174,-25.54145836911369],[152.89680300255003,-25.498756781297814],[152.9563813401734,-25.433671296642967],[152.82383108515086,-25.49393563428634],[152.89634115497157,-25.41886348796488],[152.92451385725857,-25.430916355493554],[152.9143532105321,-25.293513665666655],[152.8344535794558,-25.276295283482835],[152.8136704384244,-25.243580357333574],[152.72222461788618,-25.269752298252982],[152.64417237712377,-25.23393806331063],[152.6150759796798,-25.183316019690196],[152.54718438564387,-25.20501118124181],[152.54025667196674,-25.18985900492005],[152.55549764205642,-25.1716075198052],[152.63308803524035,-25.151634196471964],[152.54626069048692,-25.07380710900109],[152.53379080586808,-25.089648020610205],[152.54210406228063,-25.069330329633296],[152.55087916627167,-25.07380710900109],[152.48622050528508,-24.97049681589816],[152.4682084497245,-24.816220111531116],[152.4127867403074,-24.75767761210612],[152.38138110497107,-24.796591155841558],[152.37907186707866,-24.732194406474065],[152.27423246676466,-24.711876715497155],[152.04423237268372,-24.52488508498085],[151.88628050084503,-24.149524353373533],[151.8788909395894,-24.19360341176412],[151.84933269456695,-24.21839788210882],[151.87565800654008,-24.171563882568826],[151.77128045380454,-24.1295510300403],[151.76481458770587,-24.015220972339723],[151.73848927573277,-24.00316810481105],[151.71585874438745,-24.087193809868097],[151.70477440250403,-24.03967107504075],[151.7301760193202,-24.022452692856927],[151.61055749649498,-23.979406737397372],[151.60455347797478,-24.00867798710987],[151.67752539537395,-24.049657736707367],[151.6826057187372,-24.104067824408244],[151.57360969021693,-24.03588303096031],[151.5551357870779,-24.069975427684277],[151.57591892810927,-24.07755151584516],[151.58007555631556,-24.087193809868097],[151.5606779580196,-24.073763471764718],[151.5454369879299,-24.11336575078751],[151.50109962039622,-24.044836589695898],[151.54405144519447,-24.029340045730457],[151.44059758761588,-23.9921483402134],[151.4937100591406,-24.066876118891187],[151.46599920443205,-24.072041633546334],[151.44336867308675,-24.025896369293694],[151.43782650214501,-24.076862780557807],[151.4267421602616,-23.98732719320193],[151.32421199784,-23.875063341363415],[151.30435255196554,-23.900202179351794],[151.3182079793198,-23.854745650386505],[151.1727259920999,-23.815832106651065],[151.15101915591157,-23.72836272515725],[151.10945287384874,-23.7042569900999],[151.1348544906649,-23.698402740157402],[151.12192275846758,-23.67154206395064],[151.0401757370774,-23.637105299582995],[151.0263203097231,-23.57201981492815],[150.97551707609077,-23.55549016803168],[150.96812751483515,-23.60507910872109],[150.9251756900369,-23.622641858548587],[150.95935241084413,-23.598536123491236],[150.93441264160643,-23.543781668146682],[150.85728409600097,-23.620920020330203],[150.866059199992,-23.575463491364914],[150.83419171707718,-23.5537683298133],[150.87806723703238,-23.552390859238592],[150.7898543495435,-23.51003363906639],[150.87160137093372,-23.480762389353895],[150.76768566577667,-23.303068685216854],[150.82495476550767,-23.28034042073421],[150.828187698557,-23.236261362343622],[150.74967361021612,-23.128818657516575],[150.83511541223413,-22.684240029530294],[150.77784631250313,-22.639127868208682],[150.7838503310233,-22.5292745898759],[150.75429208600087,-22.523764707577076],[150.77415153187533,-22.55234722200222],[150.7381274207542,-22.62397569188692],[150.75891056178563,-22.62673063303633],[150.74828806748067,-22.636028559415593],[150.7362800304403,-22.62363132424324],[150.73350894496946,-22.641538441714417],[150.70718363299633,-22.636028559415593],[150.69425190079903,-22.60641294205942],[150.73212340223404,-22.623286956599568],[150.72473384097842,-22.56302261895619],[150.6794727782878,-22.573353648266483],[150.64437236232362,-22.47417576688767],[150.72381014582146,-22.51859919292193],[150.75336839084392,-22.446281987749877],[150.69332820564208,-22.430441076140763],[150.66700289366895,-22.34641537108371],[150.66654104609046,-22.454202443554436],[150.65545670420704,-22.422176252692527],[150.62728400192003,-22.441805208382085],[150.65776594209945,-22.414255796887968],[150.61111933667337,-22.38877259125591],[150.64252497200974,-22.37947466487665],[150.61758520277203,-22.347792841658418],[150.64575790505904,-22.345382268152683],[150.56216349335494,-22.316799753727537],[150.52983416286165,-22.40254729700297],[150.53907111443115,-22.442838311313114],[150.5898743480635,-22.464189105221053],[150.53306709591095,-22.450070031830318],[150.59772575689757,-22.559578942519426],[150.55154099905,-22.566466295392953],[150.54876991357915,-22.61708833901339],[150.51459319277194,-22.557512736657365],[150.54461328537286,-22.561300780737806],[150.4919626614266,-22.52135413407134],[150.49750483236832,-22.560267677806777],[150.30075776393764,-22.3977261499915],[150.2171633522335,-22.393938105911058],[150.17744446048462,-22.360534444474446],[150.19222358299584,-22.325408944819447],[150.04304681514816,-22.126020079130793],[149.95575762281624,-22.18525131384314],[149.91511503591036,-22.321276533095332],[149.9719222880629,-22.329885724187243],[149.91280579801798,-22.34262732700327],[150.04674159577596,-22.661167397403975],[149.8111993307533,-22.382229606026062],[149.75208284070843,-22.43629532608326],[149.76686196321964,-22.371209841428414],[149.65832778227784,-22.355024562175622],[149.59736390191904,-22.281329886428864],[149.46527549447495,-21.925598110511107],[149.47174136057362,-21.838473096660966],[149.43433170671707,-21.818155405684056],[149.43063692608928,-21.745838200512004],[149.42186182209824,-21.77166577378774],[149.42509475514757,-21.74342762700627],[149.4795927694077,-21.74273889171892],[149.43848833492336,-21.64011733390334],[149.48467309277095,-21.53164152614526],[149.4435686582866,-21.593283334363345],[149.43802648734487,-21.553681055340554],[149.37382967393674,-21.535085202582025],[149.39599835770358,-21.493072350053502],[149.35027544743448,-21.509257629306294],[149.33965295312953,-21.474476497294972],[149.2902352622326,-21.50684705580056],[149.29808667106673,-21.42626502718027],[149.3382674103941,-21.426953762467626],[149.33133969671698,-21.410424115571157],[149.27637983487836,-21.400781821548215],[149.3174842693627,-21.39286136574366],[149.2985485186452,-21.273365793387935],[149.25605854142543,-21.24478327896279],[149.17939184339843,-21.284729925629257],[149.2140304117841,-21.241683970169703],[149.17384967245673,-21.19863801471015],[149.19601835622356,-21.2110352498825],[149.2149541069411,-21.1452610299403],[149.15260468384685,-21.142850456434566],[149.16368902573026,-21.132175059480595],[149.1992512892729,-21.13768494177942],[149.21680149725498,-21.122532765457656],[149.22280551577518,-21.147671603446035],[149.22696214398144,-21.062957163101633],[149.20571715537156,-21.07673186884869],[149.15814685478855,-21.00028225195252],[149.1327452379724,-20.9961498402284],[149.12258459124592,-21.033341545745458],[149.08886971801718,-20.97583214925149],[149.0140504103041,-20.992017428504287],[149.01174117241175,-20.93554113494135],[149.05884962541626,-20.928653782067823],[149.04591789321893,-20.903170576435766],[148.9152150285103,-20.891806444194444],[148.8847330883309,-20.848760488734886],[148.8750342891829,-20.862535194481946],[148.87549613676137,-20.88319725310253],[148.84316680626807,-20.875965532585326],[148.83901017806178,-20.824654753677535],[148.7872832492725,-20.81673429787298],[148.8408575683757,-20.791251092240923],[148.73093784469845,-20.716523313563137],[148.70645992303923,-20.67072241695417],[148.72724306407065,-20.632841976149763],[148.69999405694057,-20.63972932902329],[148.66212255550556,-20.58566360896609],[148.71523502703027,-20.494750551035512],[148.6801346110661,-20.441373566265664],[148.69260449568498,-20.441373566265664],[148.73648001564015,-20.482008948219484],[148.76372902277024,-20.47959837471375],[148.78451216380165,-20.451704595575958],[148.7563394615146,-20.418989669426693],[148.78589770653707,-20.430353801668016],[148.79374911537116,-20.453770801438015],[148.79097802990032,-20.415201625346253],[148.82423105555057,-20.4262213899439],[148.8214599700797,-20.49681675689757],[148.85702223362233,-20.52780984482845],[148.9299941510215,-20.53366409477095],[148.8842712407524,-20.48820756580566],[148.90274514389145,-20.467201139541395],[148.83854833048332,-20.43104253695537],[148.81637964671648,-20.384897272702727],[148.8408575683757,-20.35183797890979],[148.76927119371194,-20.299838464714647],[148.80206237178373,-20.27814330316303],[148.76927119371194,-20.236130450634505],[148.73324708259082,-20.253693200462006],[148.73878925353256,-20.281586979599798],[148.67320689738898,-20.28227571488715],[148.67782537317373,-20.178621054140542],[148.65288560393606,-20.216157127301273],[148.63949202416023,-20.17104496597966],[148.63025507259073,-20.219600803738036],[148.60115867514676,-20.210991612646126],[148.62009442586427,-20.17655484827848],[148.58268477200772,-20.197561274542746],[148.56282532613326,-20.0667015699457],[148.51340763523638,-20.093217878508785],[148.45198190729909,-20.059469849428496],[148.46583733465337,-20.1383300398304],[148.43489354689547,-20.16829002483025],[148.3526846779268,-20.162780142531425],[148.2307569172092,-20.04535077603776],[148.26770472348724,-20.023655614486145],[148.26031516223162,-19.97682161494615],[148.1120620895409,-19.941696115291155],[148.08019460662607,-19.881776145291454],[147.9919817191372,-19.92757704190042],[147.9176242590026,-19.90829245385454],[147.86497363505634,-19.85112742500425],[147.82340735299354,-19.709592323453236],[147.75228282590825,-19.706493014660147],[147.74489326465266,-19.76916792580926],[147.7823029185092,-19.805326528395284],[147.76059608232083,-19.841140763337634],[147.671459499675,-19.828399160521606],[147.6012586677467,-19.75745942592426],[147.61557594267944,-19.67308935322353],[147.42113811214114,-19.322178724317244],[147.4409975580156,-19.42101223805238],[147.1260175094951,-19.422389708627087],[147.03919016474165,-19.297039886328864],[147.06043515335153,-19.256404504375045],[147.01609778581786,-19.18236546098461],[146.95790499092993,-19.308748386213864],[146.88262383563836,-19.303582871558717],[146.83551538263384,-19.24297416627166],[146.79071616752168,-19.240563592765927],[146.76808563617638,-19.184776034490344],[146.67848720595208,-19.190630284432846],[146.45402928281283,-19.073545285582856],[146.28961154487547,-18.892063537365374],[146.2734468796288,-18.81148150874509],[146.3385673881939,-18.63034412817128],[146.3191697898979,-18.6461850397804],[146.3381055406154,-18.526689467424674],[146.18939062034622,-18.473656850298504],[146.14089662460626,-18.364147939609396],[146.0161977784178,-18.24499673489735],[146.0078845220052,-18.120680015530155],[146.10117773285734,-17.976734340473406],[146.11965163599638,-17.855861297542976],[146.09101708613088,-17.800073739267393],[146.1492098810188,-17.64855197604976],[146.06838655478555,-17.51046055093551],[146.0277439678797,-17.550407197601977],[146.03282429124292,-17.512182389153892],[146.0771616587766,-17.50460630099301],[146.0730050305703,-17.394753022660225],[146.02081625420254,-17.3468859201892],[145.9492298795388,-17.1306230399604],[145.88918969433695,-17.057617099500995],[145.95754313595137,-16.896453042260422],[145.91920978693787,-16.864426851398516],[145.86979209604095,-16.906784071570716],[145.84900895500957,-16.871314204272043],[145.7792699706597,-16.94053210065101],[145.77465149487495,-16.869936733697337],[145.72477195639956,-16.80381814611146],[145.58206105465055,-16.68707751490515],[145.4684465503455,-16.479768193411935],[145.41025375545757,-16.459450502435025],[145.41810516429166,-16.338233091860918],[145.48876784379846,-16.276591283642837],[145.44119754321542,-16.17465846111461],[145.47675980675808,-16.07616931502315],[145.41394853608537,-15.951163860368606],[145.35714128393283,-15.910528478414786],[145.37653888222883,-15.838900008530086],[145.35159911299115,-15.806873817668176],[145.36129791213912,-15.719748803818039],[145.31280391639916,-15.646742863358636],[145.32296456312565,-15.570293246462466],[145.27216132949331,-15.541366364393646],[145.26153883518836,-15.45975123284233],[145.2282858095381,-15.461817438704387],[145.287402299583,-15.3753811601416],[145.2855549092691,-15.316149925429254],[145.3562175887759,-15.276547646406463],[145.33959107595075,-15.226269970429705],[145.31465130671307,-15.258640528935292],[145.26338622550227,-15.251064440774407],[145.23382798047982,-15.139144956579567],[145.35159911299115,-14.951120223132232],[145.28232197621978,-14.95525263485635],[145.21997255312553,-14.882935429684299],[145.22967135227353,-14.83128028313283],[145.13499259868598,-14.835068327213271],[144.95625758581588,-14.744844004570048],[144.9100728279683,-14.613984299973001],[144.78260289630896,-14.593666608996092],[144.7742896398964,-14.54545513888139],[144.69300446608466,-14.567150300433006],[144.61864700595007,-14.475548507215073],[144.65097633644336,-14.358463508365084],[144.58724137061373,-14.360874081870818],[144.59647832218323,-14.260663097560975],[144.51611684352844,-14.166650730837308],[144.43621721245214,-14.258596891698918],[144.3429240016,-14.307841464744648],[144.19605647164474,-14.261007465204653],[144.16834561693616,-14.381536140491406],[144.02932949581498,-14.481402757157571],[143.88430935617356,-14.482091492444926],[143.780855498595,-14.399098890318903],[143.70372695298954,-14.208663583365833],[143.6810964216442,-14.014440232332323],[143.6224417791778,-13.967606232792328],[143.53191965379654,-13.754442661356613],[143.59796385751858,-13.422472252852529],[143.53330519653198,-13.34120148894489],[143.5157549885499,-13.2592419897499],[143.49866662814628,-12.949655478084782],[143.5439276908369,-12.842901508545086],[143.44971078482786,-12.848755758487584],[143.4012167890879,-12.900066537395375],[143.35133725061252,-12.899033434464346],[143.35780311671118,-12.798478082510826],[143.43862644294444,-12.611830819638197],[143.30330510245102,-12.551566481994822],[143.24742154545547,-12.379038292512927],[143.07838533173333,-12.337369807628079],[143.0788471793118,-12.15933173584736],[143.1855339699397,-11.990935958089583],[143.24418861240613,-11.96889642889429],[143.16752191437917,-11.973373208262082],[143.0982447776078,-11.892102444354446],[143.0659154471145,-11.92826104694047],[142.97446962657628,-11.93308219395194],[142.85623664648648,-11.845612812458125],[142.82667840146402,-11.476450698436985],[142.86870653110532,-11.381749596425962],[142.79342537581377,-11.278439303323033],[142.78603581455815,-11.07422929062291],[142.7162968302083,-10.960932335853357],[142.61469036294363,-10.941992115451157],[142.58928874612747,-10.8682974397044],[142.48214010792108,-10.978495085680855],[142.51724052388525,-10.843847337003368],[142.60914819200192,-10.749146234992352],[142.58097548971492,-10.72469613229132],[142.53109595123954,-10.687504426774268],[142.49830477316775,-10.716775676486769],[142.43826458796588,-10.708166485394855],[142.31495128451286,-10.91513143924439],[142.19348537137373,-10.91513143924439],[142.1329833385934,-10.948535100681006],[142.1574612602526,-11.121752025450256],[142.11635682576826,-11.224717950909508],[142.12005160639606,-11.368663625966263],[141.94224028868288,-11.94547942912429],[142.01244112061121,-12.039147428204284],[141.9325414895349,-12.070829251422516],[141.9477824596246,-12.151066912399124],[141.9154531291313,-12.165185985789858],[141.94454952657526,-12.148656338893389],[141.88635673168733,-11.985081708147082],[141.90898726303263,-11.95546609079091],[141.8503326205662,-11.98439297285973],[141.71501128007282,-12.234748249812498],[141.59169797661977,-12.558798202512026],[141.64342490540906,-12.57773842291423],[141.7094691091311,-12.518851555845558],[141.81985068038682,-12.601499790327903],[141.89374629294292,-12.593579334523348],[141.82724024164241,-12.648678157511576],[141.8775816276963,-12.67140642199422],[141.86326435276354,-12.693445951189513],[141.80368601514016,-12.679671245442456],[141.7399510493105,-12.853576905499057],[141.63603534415344,-12.908675728487285],[141.58338472020722,-12.996833845268455],[141.69561368177682,-13.269917386703867],[141.52334453500535,-13.57227217785178],[141.4669991304313,-13.864295939689399],[141.48177825294255,-13.953487159401593],[141.5990875378754,-14.101565246182464],[141.60185862334623,-14.242411612446126],[141.52565377289773,-14.487257007100073],[141.59031243388435,-14.857452224052242],[141.66697913191132,-15.023437428304284],[141.63234056352564,-15.161873221062212],[141.57553331137314,-15.205263544165444],[141.56952929285293,-15.2965209697397],[141.434669799938,-15.65776262795628],[141.40926818312184,-15.871270567035673],[141.37324407200072,-15.917071463644636],[141.4328224096241,-16.074791844448445],[141.2859548796688,-16.408139723527235],[141.29657737397375,-16.496297840308404],[141.20466970585707,-16.69189866191662],[141.08228009756098,-16.80312941082411],[141.0647298895789,-16.870281101341014],[140.958043098951,-16.99804149714497],[140.90077399922,-17.348607758407585],[140.8282639293993,-17.465348389613897],[140.38442840648406,-17.677823225762257],[140.0043278493985,-17.714670563635636],[139.93782179809799,-17.630989226222262],[139.83390609294094,-17.605506020590205],[139.82189805590056,-17.570724888578887],[139.64685782365825,-17.538009962429626],[139.47689791477916,-17.400951640246404],[139.43625532787328,-17.422646801798017],[139.45057260280603,-17.393719919729197],[139.41731957715578,-17.37443533168332],[139.3060143107431,-17.364793037660377],[139.2376608691287,-17.319680876338765],[139.15499015258155,-17.164026701397013],[139.1577612380524,-17.02937895271953],[139.08663671096713,-16.99838586478865],[139.03860456280563,-16.91229395386954],[138.88388562401624,-16.884744542375426],[138.6289457606976,-16.768003911169114],[138.47930714527146,-16.78350045513455],[138.32366451132512,-16.750441161341612],[138.17587328621286,-16.68604441197412],[138.00129490154902,-16.544509310423106],[137.99898566365664,-25.99671239405394],[140.9996093810138,-25.996368026410263],[140.99914753343535,-28.999253879268792],[148.95816685330854,-28.998909511625115],[149.03252431344313,-28.95586355616556],[149.08055646160463,-28.84187786610866],[149.29716297590977,-28.709985058580585],[149.38722325371253,-28.69586598518985],[149.45234376227762,-28.594966265592653],[149.50314699590996,-28.57430420697207],[149.5881269503495,-28.572926736397363],[149.70312699738997,-28.633879809328093],[149.72113905295055,-28.60908533898339],[149.97700261142612,-28.613562118351183],[150.01625965559657,-28.580502824558245],[150.15250469124692,-28.55019847191472],[150.2120830288703,-28.57430420697207],[150.28967342205422,-28.537112501455013],[150.44577790357903,-28.66521726490265],[150.63236432528328,-28.67658139714397],[150.75244469568696,-28.633535441684415],[151.01061749205493,-28.74063377886779],[151.0452560604406,-28.844632807258073],[151.10298700775007,-28.836367983809836],[151.27479430694308,-28.938989541625418],[151.27987463030632,-29.10084233415334],[151.31497504627046,-29.165583451164512],[151.39395098218984,-29.177980686336863],[151.50248516313164,-29.070882349153493],[151.49832853492535,-29.01991593788938],[151.5454369879299,-28.95310861501615],[151.70662179281794,-28.87183785110851],[151.73387079994802,-28.871493483464832],[151.7777463199032,-28.95999596788968],[151.83224433416336,-28.95999596788968],[151.84933269456695,-28.907996453694537],[151.91583874586746,-28.929347247602475],[152.00959380429805,-28.90765208605086],[152.03822835416355,-28.864606130591305],[152.01513597523976,-28.850487057200574],[152.0428468299483,-28.7316802201322],[152.07609985559856,-28.708263220362205],[152.01005565187654,-28.664872897258974],[151.95555763761638,-28.51886101634016],[152.01698336555367,-28.525404001570017],[152.16061796245964,-28.43311347306473],[152.21696336703369,-28.449298752317524],[152.30979473030732,-28.363206841398416],[152.38599958075582,-28.368716723697236],[152.46358997393975,-28.259207813008132],[152.53425265344654,-28.26265148944489],[152.525939397034,-28.3063861801918],[152.57905186855868,-28.33910110634106],[152.61461413210134,-28.269538842318426],[152.6381683586036,-28.310862959559593],[152.75085916775168,-28.363895576685767],[152.8801764897249,-28.30948548898489],[153.10879104107042,-28.35769695909959],[153.1780681778418,-28.24749931312313],[153.23164249694497,-28.26506206295063],[153.3300160311603,-28.23716828381284],[153.3895943687837,-28.235102077950778],[153.4768835611156,-28.156930622836228],[153.53461450842508,-28.177592681456815]],[[141.66328435128352,-15.002775369683697],[141.65266185697857,-14.973848487614877],[141.65958957065573,-14.983146413994142],[141.66328435128352,-15.002775369683697]],[[153.41869076622766,-27.98371369806698],[153.4279277177972,-27.98853484507845],[153.42654217506177,-27.998521506745067],[153.41499598559986,-27.99886587438874],[153.41869076622766,-27.98371369806698]],[[153.38451404542047,-27.873516052090523],[153.38081926479265,-27.873860419734196],[153.38128111237114,-27.86111881691817],[153.38451404542047,-27.873516052090523]],[[153.38035741721419,-27.88212524318243],[153.3586505810258,-27.893489375423755],[153.34895178187782,-27.91931694869949],[153.34248591577915,-27.894866845998457],[153.38035741721419,-27.88212524318243]],[[153.38081926479265,-27.85905261105611],[153.36049797133973,-27.848377214102143],[153.37943372205723,-27.85526456697567],[153.38081926479265,-27.85905261105611]],[[153.1891525197252,-27.489201761747616],[153.192847300353,-27.495056011690117],[153.1873051294113,-27.491267967609677],[153.1891525197252,-27.489201761747616]],[[153.05336933165333,-27.470261541345412],[153.05336933165333,-27.474738320713207],[153.04274683734837,-27.47749326186262],[153.0367428188282,-27.462341085540857],[153.04921270344704,-27.474049585425853],[153.05336933165333,-27.470261541345412]],[[153.03443358093583,-27.468539703127032],[153.03166249546496,-27.48197004123041],[153.00533718349186,-27.476115791287913],[153.0233492390524,-27.500221526345264],[152.99794762223624,-27.51502933502335],[153.00025686012862,-27.506764511575117],[153.02057815358154,-27.50056589398894],[152.9947146891869,-27.48989049703497],[153.00348979317795,-27.474738320713207],[153.01642152537528,-27.467506600196003],[153.03027695272954,-27.479559467724677],[153.03443358093583,-27.468539703127032]],[[153.0081082689627,-27.520883584965848],[152.97254600542007,-27.506075776287762],[152.9739315481555,-27.544644952379524],[152.90419256380565,-27.5449893200232],[152.90742549685498,-27.55566471697717],[152.89449376465765,-27.57908171674717],[152.90603995411954,-27.601809981229813],[152.8556985680657,-27.595611363643638],[152.87417247120473,-27.57873734910349],[152.9051162589626,-27.600776878298785],[152.89310822192223,-27.577359878528785],[152.8940319170792,-27.56048586398864],[152.90603995411954,-27.554287246402463],[152.9032688686487,-27.544300584735847],[152.92497570483707,-27.540856908299084],[152.92682309515095,-27.529148408414084],[152.93836928461286,-27.525360364333643],[152.97346970057703,-27.542578746517464],[152.96561829174294,-27.514340599736],[152.97069861510616,-27.504698305713056],[153.0081082689627,-27.520883584965848]],[[152.93698374187744,-25.760476190491904],[152.94206406524066,-25.765297337503377],[152.93698374187744,-25.768052278652785],[152.93698374187744,-25.760476190491904]],[[152.525015701877,-25.07105216785168],[152.52316831156313,-25.069674697276973],[152.50746549389495,-25.077595153081532],[152.5236301591416,-25.06898596198962],[152.525015701877,-25.07105216785168]],[[150.57417153039532,-22.482096222692228],[150.59310728111282,-22.475897605106052],[150.60788640362404,-22.500692075450754],[150.57417153039532,-22.482096222692228]],[[142.5943690694907,-10.889303865968664],[142.588826898549,-10.889648233612334],[142.5832847276073,-10.901356733497337],[142.58790320339205,-10.888615130681309],[142.5943690694907,-10.889303865968664]],[[149.4514200671207,-21.729308553615535],[149.43248431640316,-21.7268979801098],[149.4357172494525,-21.72207683309833],[149.4514200671207,-21.729308553615535]],[[151.6364209608896,-24.000413163661637],[151.63826835120352,-23.996969487224874],[151.64150128425285,-24.002479369523694],[151.6364209608896,-24.000413163661637]]],[[[143.58780321079212,-13.532325531185311],[143.59103614384145,-13.52474944302443],[143.58503212532125,-13.517173354863548],[143.58780321079212,-13.532325531185311]]],[[[147.42021441698418,-19.321145621386215],[147.41421039846398,-19.312536430294305],[147.38465215344155,-19.302549768627685],[147.42021441698418,-19.321145621386215]]],[[[153.54662254546545,-27.43479167404674],[153.43855021210214,-27.394845027380274],[153.39836947277473,-27.496433482264823],[153.41268674770748,-27.738868303413035],[153.45379118219182,-27.72888164174642],[153.54662254546545,-27.43479167404674]]],[[[153.46857030470306,-27.028437854508546],[153.36142166649668,-27.061152780657807],[153.36557829470297,-27.201310411634115],[153.4279277177972,-27.36350757180572],[153.4196144613846,-27.203720985139853],[153.46857030470306,-27.028437854508546]]],[[[153.44547792577927,-27.75746415617156],[153.4066827291873,-27.833913773067728],[153.42654217506177,-27.933780389733897],[153.42700402264023,-27.868350537435376],[153.44547792577927,-27.75746415617156]]],[[[153.41915261380615,-27.93171418387184],[153.41176305255053,-27.931369816228163],[153.4163815283353,-27.939979007320073],[153.41915261380615,-27.93171418387184]]],[[[153.39744577761778,-27.82323837611376],[153.38220480752807,-27.822894008470087],[153.39005621636215,-27.829781361343613],[153.39744577761778,-27.82323837611376]]],[[[153.39051806394065,-27.620061466344662],[153.38312850268503,-27.615929054620548],[153.3725060083801,-27.630736863298633],[153.39051806394065,-27.620061466344662]]],[[[153.3762007890079,-27.618339628126282],[153.36049797133973,-27.614207216402164],[153.3609598189182,-27.580459187321875],[153.34664254398544,-27.622472039850397],[153.3762007890079,-27.618339628126282]]],[[[153.37481524627248,-27.498155320483203],[153.3591124286043,-27.485758085310852],[153.33648189725898,-27.498155320483203],[153.34479515367155,-27.514340599736],[153.37481524627248,-27.498155320483203]]],[[[153.36188351407515,-27.68411384806848],[153.35403210524106,-27.64933271605716],[153.34987547703477,-27.681703274562743],[153.36188351407515,-27.68411384806848]]],[[[152.95037732165324,-25.573828927619275],[153.01503598263983,-25.769085381583817],[153.07784725331254,-25.792502381353813],[153.10786734591346,-25.560054221872218],[153.36049797133973,-25.00631105084051],[153.27043769353693,-24.893358463714637],[153.26443367501676,-24.69706890681907],[153.11895168779688,-24.815187008600088],[153.16929307385075,-24.83206102314023],[153.22610032600326,-24.911954316473164],[153.22240554537547,-24.995635653886538],[152.99240545129453,-25.22085209285093],[153.05152194133942,-25.244613460264603],[153.05152194133942,-25.345168812218123],[152.95037732165324,-25.573828927619275]]],[[[153.35264656250564,-27.632458701517017],[153.33509635452356,-27.62109456927569],[153.34710439156393,-27.638657319103192],[153.35264656250564,-27.632458701517017]]],[[[153.34156222062222,-27.6049092900229],[153.33324896420964,-27.614207216402164],[153.33694374483747,-27.620750201632017],[153.34156222062222,-27.6049092900229]]],[[[153.34156222062222,-27.64864398076981],[153.3286304884249,-27.635213642666425],[153.32909233600338,-27.670339142321424],[153.34156222062222,-27.64864398076981]]],[[[153.3397148303083,-27.690312465654657],[153.32632125053252,-27.67757086283863],[153.3193935368554,-27.68032580398804],[153.32724494568947,-27.69478924502245],[153.3397148303083,-27.690312465654657]]],[[[153.33879113515135,-27.566684481574814],[153.3300160311603,-27.56324080513805],[153.31846984169843,-27.573571834448344],[153.33509635452356,-27.57494930502305],[153.33879113515135,-27.566684481574814]]],[[[153.24134129609297,-27.391056983299833],[153.2348754299943,-27.37762664519645],[153.22610032600326,-27.391745718587185],[153.2390320582006,-27.39725560088601],[153.24134129609297,-27.391056983299833]]],[[[153.20762642286422,-27.081814839278394],[153.1300360296803,-26.814241180141803],[153.1300360296803,-26.8741611501415],[153.07738540573405,-26.910319752727528],[153.07923279604796,-26.972305928589286],[153.16559829322296,-27.09937758910589],[153.20762642286422,-27.081814839278394]]],[[[153.18869067214672,-27.4017323802538],[153.1836103487835,-27.393467556805568],[153.1780681778418,-27.396566865598654],[153.18869067214672,-27.4017323802538]]],[[[153.08569866214663,-27.008120163531636],[153.0787709484695,-27.001577178301783],[153.07784725331254,-27.009842001750016],[153.08569866214663,-27.008120163531636]]],[[[152.99379099402995,-25.33483778290783],[152.9887106706667,-25.313831356643565],[152.9429877603976,-25.27285160704607],[152.95915242564428,-25.30281159204592],[152.99379099402995,-25.33483778290783]]],[[[152.96931307237074,-25.477405987389872],[152.9605379683797,-25.477405987389872],[152.96099981595816,-25.491525060780607],[152.96931307237074,-25.477405987389872]]],[[[152.9642327490075,-25.61997419187192],[152.9526865595456,-25.616186147791478],[152.95776688290883,-25.637536941699416],[152.9642327490075,-25.61997419187192]]],[[[152.95591949259494,-25.494968737217373],[152.90927288716887,-25.499789884228843],[152.9148150581106,-25.52906113394134],[152.93606004672048,-25.522862516355165],[152.95591949259494,-25.494968737217373]]],[[[152.94991547407474,-25.558332383653838],[152.93790743703437,-25.56280916302163],[152.94206406524066,-25.583471221642217],[152.94991547407474,-25.558332383653838]]],[[[152.93836928461286,-25.610676265492653],[152.93097972335724,-25.58622616279163],[152.92913233304336,-25.598967765607657],[152.93836928461286,-25.610676265492653]]],[[[152.93005602820028,-25.618252353653535],[152.92128092420924,-25.61411994192942],[152.92682309515095,-25.624450971239714],[152.93005602820028,-25.618252353653535]]],[[[152.9277467903079,-25.58312685399854],[152.92035722905229,-25.574862030550307],[152.9240520096801,-25.597934662676625],[152.9277467903079,-25.58312685399854]]],[[[152.92174277178773,-25.560398589515895],[152.9148150581106,-25.56280916302163],[152.92081907663078,-25.567974677676776],[152.92174277178773,-25.560398589515895]]],[[[152.91204397263974,-25.54937882491825],[152.90234517349174,-25.555233074860748],[152.90650180169803,-25.56384226595266],[152.91204397263974,-25.54937882491825]]],[[[152.9037307162272,-25.571073986469866],[152.89865039286394,-25.560054221872218],[152.88895159371594,-25.570040883538834],[152.9037307162272,-25.571073986469866]]],[[[152.90095963075632,-25.592424780377804],[152.8991122404424,-25.57830570698707],[152.88895159371594,-25.57899444227442],[152.89172267918678,-25.59449098623986],[152.90095963075632,-25.592424780377804]]],[[[151.66413181559815,-24.047247163201632],[151.64889084550845,-24.04449222205222],[151.66043703497036,-24.052757045500456],[151.66413181559815,-24.047247163201632]]],[[[151.54774622582227,-24.078240251132513],[151.5417422073021,-24.074796574695746],[151.53620003636036,-24.082028295212954],[151.54774622582227,-24.078240251132513]]],[[[151.46184257622576,-24.04380348676487],[151.4595333383334,-24.039326707397073],[151.4595333383334,-24.056545089580897],[151.46184257622576,-24.04380348676487]]],[[[151.44013574003742,-24.046902795557955],[151.4369028069881,-24.037260501535016],[151.42812770299705,-24.040015442684428],[151.4364409594096,-24.054134516075163],[151.44013574003742,-24.046902795557955]]],[[[151.3944128297683,-23.86473231205312],[151.33252525425254,-23.753845930789307],[151.33622003488034,-23.824785665386653],[151.36069795653958,-23.8240969300993],[151.37409153631538,-23.880917591305913],[151.3944128297683,-23.86473231205312]]],[[[151.31543689384895,-23.75935581308813],[151.22583846362465,-23.60955588808888],[151.23507541519416,-23.483517330503304],[151.18334848640487,-23.541371094640947],[151.20228423712237,-23.51209984492845],[151.07296691514915,-23.488338477514777],[151.05680224990252,-23.447703095560957],[150.97967370429706,-23.48868284515845],[151.04756529833298,-23.62298622619226],[151.1297741673017,-23.669131490444904],[151.21475412174124,-23.794481312743127],[151.24523606192062,-23.79413694509945],[151.26232442232424,-23.749024783777838],[151.285416801248,-23.797580621536216],[151.31543689384895,-23.75935581308813]]],[[[151.28864973429734,-23.805156709697098],[151.2817220206202,-23.801368665616657],[151.286340496405,-23.818587047800477],[151.28864973429734,-23.805156709697098]]],[[[151.16302719295194,-23.396736684296844],[151.1450151373914,-23.3988028901589],[151.15609947927481,-23.40569024303243],[151.16302719295194,-23.396736684296844]]],[[[150.99491467438673,-23.181162539355395],[150.97551707609077,-23.148791980849808],[150.93164155613556,-23.178407598205983],[150.93903111739118,-23.198380921539215],[150.99491467438673,-23.181162539355395]]],[[[150.97551707609077,-23.21525493607936],[150.9727459906199,-23.209056318493186],[150.9648945817858,-23.21559930372304],[150.97551707609077,-23.21525493607936]]],[[[150.91455319573197,-23.079574084470845],[150.89192266438664,-23.054435246482466],[150.88453310313105,-23.077507878608785],[150.91455319573197,-23.079574084470845]]],[[[150.87160137093372,-23.505901227342274],[150.85035638232384,-23.511755477284773],[150.8646736572566,-23.51692099193992],[150.87160137093372,-23.505901227342274]]],[[[150.86513550483505,-23.527940756537564],[150.83788649770497,-23.521053403664038],[150.8471234492745,-23.532761903549037],[150.86513550483505,-23.527940756537564]]],[[[150.6984085290053,-21.953491889648898],[150.68593864438645,-21.945915801488017],[150.6771635403954,-21.96554475717757],[150.6905571201712,-21.967266595395955],[150.6984085290053,-21.953491889648898]]],[[[150.6771635403954,-22.090205844188443],[150.66931213156133,-22.082974123671235],[150.6697739791398,-22.09433825591256],[150.6771635403954,-22.090205844188443]]],[[[150.6623844178842,-22.334706871198712],[150.656380399364,-22.33091882711827],[150.66053702757029,-22.33952801821018],[150.6623844178842,-22.334706871198712]]],[[[150.64760529537295,-22.008935080280803],[150.64483420990211,-22.0017033597636],[150.64160127685278,-22.00824634499345],[150.64760529537295,-22.008935080280803]]],[[[150.56077795061952,-22.29510459217592],[150.4790309292293,-22.206602107751078],[150.5002759178392,-22.269621386543864],[150.47533614860149,-22.261012195451954],[150.45917148335485,-22.296482062750627],[150.4998140702607,-22.30302504798048],[150.4831875574356,-22.349170312233124],[150.56077795061952,-22.29510459217592]]],[[[150.5284486201262,-22.373620414934148],[150.5210590588706,-22.366388694416944],[150.5155168879289,-22.372242944359442],[150.5284486201262,-22.373620414934148]]],[[[150.5002759178392,-22.54649297205972],[150.49704298478986,-22.540638722117222],[150.4979666799468,-22.55441342786428],[150.5002759178392,-22.54649297205972]]],[[[150.46563734945352,-22.24792622499225],[150.4406975802158,-22.23139657809578],[150.4157578109781,-22.27960804821048],[150.4217618294983,-22.29923700390004],[150.42730400044002,-22.27582000413004],[150.46563734945352,-22.24792622499225]]],[[[150.44993453178532,-22.31473354786548],[150.44254497052972,-22.31370044493445],[150.44947268420685,-22.320932165451655],[150.44993453178532,-22.31473354786548]]],[[[150.3737296813368,-22.020643580165803],[150.36680196765968,-22.011345653786538],[150.3594124064041,-22.013756227292273],[150.36911120555206,-22.024087256602566],[150.3737296813368,-22.020643580165803]]],[[[150.36403088218884,-21.720354994879948],[150.3395529605296,-21.741361421144212],[150.29983406878068,-21.74652693579936],[150.33909111295114,-21.769943935569355],[150.36403088218884,-21.720354994879948]]],[[[150.35063730241302,-21.6669780101101],[150.33862926537267,-21.655958245512455],[150.32569753317534,-21.658713186661867],[150.3400148081081,-21.674209730627307],[150.35063730241302,-21.6669780101101]]],[[[150.32338829528297,-22.235528989819898],[150.31415134371343,-22.233118416314163],[150.2975248308883,-22.243793813268134],[150.31969351465517,-22.244826916199163],[150.32338829528297,-22.235528989819898]]],[[[150.3021433066731,-21.664911804248042],[150.29105896478967,-21.64390537798378],[150.24718344483446,-21.619110907639076],[150.24302681662817,-21.675242833558336],[150.3021433066731,-21.664911804248042]]],[[[150.2827457083771,-22.351925253382532],[150.2730469092291,-22.347104106371063],[150.25087822546226,-22.36466685619856],[150.26196256734568,-22.371209841428414],[150.2827457083771,-22.351925253382532]]],[[[150.28043647048472,-21.48343005603056],[150.26658104313043,-21.476887070800707],[150.26288626250263,-21.483774423674237],[150.2730469092291,-21.490661776547764],[150.28043647048472,-21.48343005603056]]],[[[150.27627984227843,-21.516489349823498],[150.24533605452055,-21.517178085110853],[150.25734409156092,-21.528542217352175],[150.27627984227843,-21.516489349823498]]],[[[150.18621956447566,-21.977941992349923],[150.1792918507985,-21.970021536545367],[150.15158099608996,-21.97139900712007],[150.16866935649358,-22.004113933269334],[150.18621956447566,-21.977941992349923]]],[[[150.14973360577608,-21.96106797780978],[150.14003480662808,-21.958313036660368],[150.14280589209892,-21.980352565855657],[150.14280589209892,-21.960723610166102],[150.14973360577608,-21.96106797780978]]],[[[150.1395729590496,-21.998259683326832],[150.1280267695877,-21.987584286372865],[150.12525568411684,-22.001358992119922],[150.1395729590496,-21.998259683326832]]],[[[150.12017536075362,-21.9183663899939],[150.10816732371325,-21.92215443407434],[150.10816732371325,-21.932141095740956],[150.1183279704397,-21.931107992809928],[150.12017536075362,-21.9183663899939]]],[[[150.04027572967732,-22.11155663809638],[150.01025563707637,-22.10088124114241],[149.9331270914709,-22.1521920200502],[149.9451351285113,-22.172165343383433],[150.04027572967732,-22.11155663809638]]],[[[150.0190307410674,-22.62087638309383],[150.01256487496875,-22.618810177231772],[150.01579780801808,-22.62879683889839],[150.0190307410674,-22.62087638309383]]],[[[149.9317415487355,-22.187317519705196],[149.92527568263682,-22.175264652176523],[149.91973351169514,-22.200403490164902],[149.9317415487355,-22.187317519705196]]],[[[149.92989415842158,-22.133596167291675],[149.9012596085561,-22.051981035740358],[149.86985397321973,-22.226231063440636],[149.9091110173902,-22.223476122291224],[149.92989415842158,-22.133596167291675]]],[[[149.91696242622427,-21.506502688156882],[149.9091110173902,-21.492727982409825],[149.90726362707628,-21.500304070570706],[149.91696242622427,-21.506502688156882]]],[[[149.91557688348885,-22.235873357463575],[149.9049543891839,-22.234840254532546],[149.89848852308523,-22.260323460164603],[149.91003471254714,-22.256191048440485],[149.91557688348885,-22.235873357463575]]],[[[149.91142025528256,-21.018189369423695],[149.90356884644848,-21.002692825458254],[149.89433189487897,-21.004759031320315],[149.89756482792828,-21.020944310573107],[149.91142025528256,-21.018189369423695]]],[[[149.90957286496865,-22.47417576688767],[149.89802667550677,-22.462811634646346],[149.9049543891839,-22.47693070803708],[149.90957286496865,-22.47417576688767]]],[[[149.9007977609776,-22.235873357463575],[149.88878972393724,-22.237939563325632],[149.89433189487897,-22.244138180911808],[149.9007977609776,-22.235873357463575]]],[[[149.89664113277132,-21.49789349706497],[149.89109896182964,-21.485151894248943],[149.88832787635877,-21.499270967639678],[149.89664113277132,-21.49789349706497]]],[[[149.89479374245744,-22.256191048440485],[149.87770538205382,-22.255157945509456],[149.88463309573098,-22.263078401314015],[149.89479374245744,-22.256191048440485]]],[[[149.89294635214353,-22.24792622499225],[149.88463309573098,-22.235873357463575],[149.8744724490045,-22.23828393096931],[149.8767816868969,-22.251369901429015],[149.89294635214353,-22.24792622499225]]],[[[149.8804764675247,-21.993438536315363],[149.8439905088251,-22.004113933269334],[149.86154071680718,-22.01306749200492],[149.8804764675247,-21.993438536315363]]],[[[149.8421431185112,-21.659401921949218],[149.83152062420623,-21.647349054420545],[149.83382986209864,-21.66215686309863],[149.8421431185112,-21.659401921949218]]],[[[149.83752464272644,-21.3790866599966],[149.82182182505827,-21.371510571835717],[149.83336801452015,-21.383219071720717],[149.83752464272644,-21.3790866599966]]],[[[149.8190507395874,-21.605680569535696],[149.8056571598116,-21.590872760857607],[149.7807173905739,-21.612567922409223],[149.79133988487885,-21.616355966489664],[149.8190507395874,-21.605680569535696]]],[[[149.80427161707618,-21.831930111431113],[149.79364912277123,-21.830208273212733],[149.79318727519276,-21.839506199591995],[149.80427161707618,-21.831930111431113]]],[[[149.7636290301703,-22.405646605796058],[149.75531577375773,-22.40082545878459],[149.75346838344385,-22.411845223382233],[149.7636290301703,-22.405646605796058]]],[[[149.71744427232272,-21.455880644536446],[149.71005471106713,-21.4390066299963],[149.7063599304393,-21.447960188731887],[149.71744427232272,-21.455880644536446]]],[[[149.69481374097742,-21.32398783700837],[149.69065711277113,-21.31227933712337],[149.66617919111192,-21.302292675456755],[149.6855767894079,-21.33259702810028],[149.69481374097742,-21.32398783700837]]],[[[149.6647936483765,-21.974842683556837],[149.6550948492285,-21.966233492464927],[149.65786593469934,-21.9782863599936],[149.6647936483765,-21.974842683556837]]],[[[149.65370930649306,-21.92904178694787],[149.64262496460964,-21.931796728097282],[149.6514000686007,-21.93661787510875],[149.65370930649306,-21.92904178694787]]],[[[149.626460299363,-20.77024466597666],[149.62230367115671,-20.760946739597397],[149.6130667195872,-20.778165121781218],[149.626460299363,-20.77024466597666]]],[[[149.62599845178454,-20.868733812068122],[149.6033679204392,-20.84634991522915],[149.57796630362304,-20.869078179711796],[149.59690205434055,-20.88526345896459],[149.62599845178454,-20.868733812068122]]],[[[149.588588797928,-22.138417314303144],[149.5770426084661,-22.119132726257263],[149.57242413268133,-22.12498697619976],[149.588588797928,-22.138417314303144]]],[[[149.5825847794078,-21.97449831591316],[149.57658076088762,-21.967955330683306],[149.55856870532705,-21.987584286372865],[149.56642011416113,-21.992061065740657],[149.5825847794078,-21.97449831591316]]],[[[149.50037591043912,-21.82951953792538],[149.48559678792788,-21.817811038040382],[149.46897027510278,-21.821599082120823],[149.48698233066332,-21.83640689079891],[149.50037591043912,-21.82951953792538]]],[[[149.4985285201252,-21.597760113731137],[149.48559678792788,-21.59741574608746],[149.49344819676196,-21.60499183424834],[149.4985285201252,-21.597760113731137]]],[[[149.483749397614,-20.74097341626416],[149.4661991896319,-20.72685434287343],[149.47220320815208,-20.74717203385034],[149.483749397614,-20.74097341626416]]],[[[149.46943212268124,-20.928309414424145],[149.464351799318,-20.92589884091841],[149.46712288478886,-20.937262973159733],[149.46943212268124,-20.928309414424145]]],[[[149.4606570186902,-20.914879076320762],[149.42555660272603,-20.906958620516207],[149.426480297883,-20.945527796607966],[149.4514200671207,-20.934163664366643],[149.4606570186902,-20.914879076320762]]],[[[149.4227855172552,-20.919700223332235],[149.41401041326415,-20.896971958849587],[149.3858377109771,-20.904203679366795],[149.40569715685157,-20.924177002700027],[149.4227855172552,-20.919700223332235]]],[[[149.41216302295024,-20.77299960712607],[149.3899943391834,-20.76921156304563],[149.3978457480175,-20.779198224712246],[149.41216302295024,-20.77299960712607]]],[[[149.30085775653757,-20.796760974539744],[149.2911589573896,-20.774377077700777],[149.27360874940752,-20.778509489424895],[149.27637983487836,-20.79331729810298],[149.30085775653757,-20.796760974539744]]],[[[149.28977341465415,-20.80984694499945],[149.27453244456444,-20.79641660689607],[149.24913082774827,-20.80605890091901],[149.26483364541645,-20.823277283102833],[149.28977341465415,-20.80984694499945]]],[[[149.2089500884209,-20.690695740287403],[149.197403898959,-20.689662637356374],[149.20340791747918,-20.69861619609196],[149.2089500884209,-20.690695740287403]]],[[[149.19370911833118,-20.6717555198852],[149.1817010812908,-20.666245637586375],[149.1724641297213,-20.672099887528876],[149.18909064254643,-20.689318269712697],[149.19370911833118,-20.6717555198852]]],[[[149.17800630066301,-20.24749458287583],[149.17292597729977,-20.241295965289652],[149.17200228214284,-20.25024952402524],[149.17800630066301,-20.24749458287583]]],[[[149.1664601112011,-20.6834640197702],[149.15491392173922,-20.66211322586226],[149.13597817102172,-20.686563328563285],[149.14567697016972,-20.693795049080492],[149.15629946447464,-20.67451046103461],[149.1664601112011,-20.6834640197702]]],[[[149.1572231596316,-20.237163553565537],[149.15075729353293,-20.238885391783917],[149.15491392173922,-20.243362171151713],[149.1572231596316,-20.237163553565537]]],[[[149.1327452379724,-20.467201139541395],[149.120737200932,-20.469267345403455],[149.13228339039392,-20.482008948219484],[149.1327452379724,-20.467201139541395]]],[[[149.12674121945219,-20.348049934829348],[149.11796611546117,-20.34391752310523],[149.11796611546117,-20.35562602299023],[149.12397013398135,-20.357003493564935],[149.12674121945219,-20.348049934829348]]],[[[149.1248938291383,-20.271255950289504],[149.12350828640288,-20.26505733270333],[149.1193516581966,-20.27160031793318],[149.1248938291383,-20.271255950289504]]],[[[149.12443198155984,-20.543995124081242],[149.11242394451946,-20.537796506495066],[149.09579743169434,-20.547094432874328],[149.11473318241184,-20.55294868281683],[149.12443198155984,-20.543995124081242]]],[[[149.1115002493625,-20.27435525908259],[149.10503438326384,-20.266090435634357],[149.11103840178401,-20.287785597185973],[149.1115002493625,-20.27435525908259]]],[[[149.10457253568535,-20.48132021293213],[149.08055646160463,-20.43655241925419],[149.04360865532655,-20.522299962529626],[149.06716288182884,-20.526088006610067],[149.10457253568535,-20.48132021293213]]],[[[149.10364884052842,-20.250938259312594],[149.07547613824138,-20.270222847358475],[149.07501429066292,-20.301215935289353],[149.09348819380193,-20.300871567645675],[149.10364884052842,-20.250938259312594]]],[[[149.08979341317414,-20.52195559488595],[149.07917091886918,-20.515756977299773],[149.0810183091831,-20.52574363896639],[149.08979341317414,-20.52195559488595]]],[[[149.08886971801718,-20.6600470200002],[149.05515484478846,-20.61837853511535],[149.06670103425034,-20.641106799597996],[149.08886971801718,-20.6600470200002]]],[[[149.07455244308443,-20.303970876438765],[149.06577733909342,-20.303970876438765],[149.06993396729968,-20.30948075873759],[149.07455244308443,-20.303970876438765]]],[[[149.06439179635797,-20.45308206615066],[149.03668094164942,-20.430353801668016],[149.02421105703058,-20.441373566265664],[149.03390985617858,-20.460313786667868],[149.06439179635797,-20.45308206615066]]],[[[149.0620825584656,-20.293295479484794],[149.01497410546108,-20.269878479714798],[149.0260584473445,-20.234752980059802],[148.9914198789588,-20.25024952402524],[148.99603835474355,-20.20307115684157],[148.95585761541616,-20.157958995519955],[148.9378455598556,-20.239574127071272],[148.96186163393634,-20.24473964172642],[148.9129057906179,-20.29088490597906],[148.93738371227712,-20.307070185231854],[148.97479336613367,-20.26884537678377],[148.96324717667176,-20.328765346783467],[149.0620825584656,-20.293295479484794]]],[[[149.04407050290504,-20.155892789657898],[149.02051627640276,-20.160713936669367],[149.03852833196333,-20.183097833508334],[149.03668094164942,-20.164846348393485],[149.04407050290504,-20.155892789657898]]],[[[149.03621909407096,-20.396950140231404],[149.02328736187363,-20.397294507875078],[149.03390985617858,-20.40383749310493],[149.03621909407096,-20.396950140231404]]],[[[148.99603835474355,-20.352871081840817],[148.99049618380184,-20.34977177304773],[148.98911064106642,-20.356659125921258],[148.99603835474355,-20.352871081840817]]],[[[148.98264477496775,-20.35183797890979],[148.9590905484655,-20.347361199541997],[148.94662066384666,-20.332553390863907],[148.95262468236683,-20.377321184541845],[148.98264477496775,-20.35183797890979]]],[[[148.96786565245654,-20.06773467287673],[148.90690177209774,-20.071178349313495],[148.88750417380174,-20.169323127761277],[148.91567687608875,-20.12352223115231],[148.902283296313,-20.16622381896819],[148.9299941510215,-20.132820157531576],[148.93137969375695,-20.178276686496865],[148.9512391396314,-20.15658152494525],[148.93692186469866,-20.101827069600695],[148.96786565245654,-20.06773467287673]]],[[[148.9415403404834,-20.37594371396714],[148.93553632196324,-20.339785111381115],[148.92768491312916,-20.33737453787538],[148.92814676070762,-20.369400728737286],[148.9415403404834,-20.37594371396714]]],[[[148.92907045586458,-20.31877868511685],[148.92399013250133,-20.31120259695597],[148.92722306555066,-20.32566603799038],[148.92907045586458,-20.31877868511685]]],[[[148.92768491312916,-20.852204165171653],[148.91798611398116,-20.847383018160183],[148.91798611398116,-20.854614738677387],[148.92768491312916,-20.852204165171653]]],[[[148.92445198007982,-20.25610377396774],[148.91013470514707,-20.257481244542447],[148.90828731483316,-20.274010891438916],[148.9212190470305,-20.271255950289504],[148.92445198007982,-20.25610377396774]]],[[[148.9152150285103,-20.85254853281533],[148.902283296313,-20.826720959539596],[148.89166080200803,-20.82913153304533],[148.8976648205282,-20.854959106321065],[148.9152150285103,-20.85254853281533]]],[[[148.8981266681067,-20.050516290692908],[148.88103830770308,-20.037085952589525],[148.88103830770308,-20.06188042293423],[148.8981266681067,-20.050516290692908]]],[[[148.882885698017,-20.601504520575205],[148.8787290698107,-20.59048475597756],[148.87595798433983,-20.599438314713147],[148.882885698017,-20.601504520575205]]],[[[148.87595798433983,-20.61355738810388],[148.86441179487795,-20.60701440287403],[148.8657973376134,-20.619067270402706],[148.87595798433983,-20.61355738810388]]],[[[148.87549613676137,-20.385241640346404],[148.85332745299453,-20.31602374396744],[148.8445523490035,-20.335652699656997],[148.85148006268065,-20.381453596265963],[148.87549613676137,-20.385241640346404]]],[[[148.85055636752367,-20.261269288622888],[148.83023507407074,-20.255759406324064],[148.82654029344295,-20.28537502368024],[148.83993387321874,-20.280553876668765],[148.85055636752367,-20.261269288622888]]],[[[148.82977322649228,-20.23578608299083],[148.80991378061782,-20.214090921439215],[148.82284551281515,-20.238196656496566],[148.82977322649228,-20.23578608299083]]],[[[148.61409040734407,-20.149005436784368],[148.60762454124543,-20.137641304543045],[148.6002349799898,-20.15244911322113],[148.61409040734407,-20.149005436784368]]],[[[148.57621890590906,-20.101138334313344],[148.57067673496735,-20.096317187301874],[148.5697530398104,-20.103893275462756],[148.57621890590906,-20.101138334313344]]],[[[148.47876906685067,-20.001616085290852],[148.44505419362196,-19.974066673796738],[148.44459234604346,-20.044317673106733],[148.47461243864439,-20.049827555405553],[148.47876906685067,-20.001616085290852]]],[[[148.29403003546037,-20.031920437934378],[148.28248384599846,-20.02709929092291],[148.2778653702137,-20.038119055520557],[148.28617862662628,-20.04052962902629],[148.29403003546037,-20.031920437934378]]],[[[146.8835475307953,-19.113491932249325],[146.8322824495845,-19.10488274115741],[146.7791699780598,-19.12933284385844],[146.84613787693877,-19.18167672569726],[146.8835475307953,-19.113491932249325]]],[[[146.69372817604176,-18.755693950469507],[146.6420012472525,-18.749839700527005],[146.57226226290265,-18.677522495354953],[146.57965182415825,-18.77084612679127],[146.69372817604176,-18.755693950469507]]],[[[146.64292494240942,-19.031876800698008],[146.63368799083992,-19.022234506675066],[146.62906951505516,-19.033254271272714],[146.64292494240942,-19.031876800698008]]],[[[146.62167995379954,-19.031876800698008],[146.6147522401224,-19.025333815468155],[146.5981257272973,-19.03532047713477],[146.62167995379954,-19.031876800698008]]],[[[146.56764378711787,-18.6709795101251],[146.5477843412434,-18.652039289722897],[146.5385473896739,-18.658237907309072],[146.55655944523446,-18.687853524665247],[146.56764378711787,-18.6709795101251]]],[[[146.55101727429275,-18.842474596675967],[146.53208152357524,-18.835242876158762],[146.54870803640037,-18.848673214262142],[146.55101727429275,-18.842474596675967]]],[[[146.527001200212,-18.672356980699806],[146.50575621160212,-18.659959745527456],[146.5196116389564,-18.71471420087201],[146.527001200212,-18.672356980699806]]],[[[146.5080654494945,-18.6227680400104],[146.49698110761108,-18.581788290412906],[146.48451122299224,-18.567324849378494],[146.48959154635548,-18.667535833688337],[146.5080654494945,-18.6227680400104]]],[[[146.50529436402365,-18.553894511275114],[146.50206143097432,-18.543219114321143],[146.4905152415124,-18.539086702597025],[146.489129698777,-18.557682555355555],[146.50529436402365,-18.553894511275114]]],[[[146.23742276850768,-18.282188440414405],[146.12704119725197,-18.234665705587055],[146.07069579267792,-18.246718573115732],[146.19123801066013,-18.36655851311513],[146.2240291887319,-18.47882236495365],[146.32378826568265,-18.486398453114532],[146.35842683406835,-18.4182136596666],[146.27575611752118,-18.317658307713078],[146.30531436254364,-18.241897426104263],[146.25035450070501,-18.23707627909279],[146.22310549357493,-18.19471905892059],[146.23742276850768,-18.282188440414405]]],[[[146.28730230698307,-18.14237517708177],[146.28222198361985,-18.135143456564567],[146.2771416602566,-18.138931500645008],[146.28730230698307,-18.14237517708177]]],[[[146.20878821864218,-18.460570879838798],[146.19262355339555,-18.45953777690777],[146.18985246792468,-18.47090190914909],[146.20601713317134,-18.47193501208012],[146.20878821864218,-18.460570879838798]]],[[[146.17922997361973,-18.396862865758656],[146.14505325281254,-18.35794932202322],[146.19262355339555,-18.42957779190792],[146.1783062784628,-18.373101498344983],[146.17922997361973,-18.396862865758656]]],[[[146.19216170581706,-18.16648091213912],[146.16029422290222,-18.152361838748387],[146.15244281406814,-18.17543447087471],[146.17599704057042,-18.180944353173533],[146.19216170581706,-18.16648091213912]]],[[[146.18708138245384,-18.43061089483895],[146.18246290666906,-18.426134115471154],[146.1778444308843,-18.43439893891939],[146.18708138245384,-18.43061089483895]]],[[[146.18061551635518,-18.419591130241304],[146.1704548696287,-18.423379174321745],[146.1764588881489,-18.432332733057333],[146.18061551635518,-18.419591130241304]]],[[[146.1783062784628,-17.967092046450464],[146.1515191189112,-17.927489767427673],[146.13396891092913,-17.935410223232232],[146.1783062784628,-17.967092046450464]]],[[[146.01665962599628,-17.155417510305103],[146.00511343653437,-17.154384407374074],[146.01157930263304,-17.165059804328045],[146.01665962599628,-17.155417510305103]]],[[[146.00511343653437,-16.924346821398213],[145.99079616160162,-16.925379924329246],[145.98571583823838,-16.94225393886939],[146.00049496074962,-16.936744056570568],[146.00511343653437,-16.924346821398213]]],[[[145.47722165433655,-14.670116225892258],[145.46706100761008,-14.654275314283144],[145.45043449478496,-14.64704359376594],[145.44812525689258,-14.680102887558878],[145.47722165433655,-14.670116225892258]]],[[[144.98951061146613,-14.50275355106551],[144.97888811716118,-14.493111257042571],[144.95071541487414,-14.499309874628747],[144.97888811716118,-14.511362742157424],[144.98951061146613,-14.50275355106551]]],[[[144.81770331227312,-14.431813816468164],[144.81539407438075,-14.425270831238311],[144.80430973249733,-14.432846919399196],[144.810775598596,-14.437668066410666],[144.81770331227312,-14.431813816468164]]],[[[144.53274335635356,-14.118783628366284],[144.52535379509797,-14.112240643136431],[144.52535379509797,-14.12016109894099],[144.53274335635356,-14.118783628366284]]],[[[144.33830552581526,-14.095366628596288],[144.32768303151033,-14.09502226095261],[144.32629748877488,-14.102253981469815],[144.33553444034442,-14.102253981469815],[144.33830552581526,-14.095366628596288]]],[[[144.33830552581526,-14.095366628596288],[144.34061476370763,-14.088823643366435],[144.3318396597166,-14.086068702217023],[144.32860672666726,-14.093989158021582],[144.33830552581526,-14.095366628596288]]],[[[144.28380751155512,-14.194888877618776],[144.2727231696717,-14.158730275032752],[144.23254243034432,-14.175259921929221],[144.2403938391784,-14.191445201182013],[144.28380751155512,-14.194888877618776]]],[[[144.27872718819188,-14.226226333193331],[144.2764179502995,-14.216584039170392],[144.24547416254163,-14.221060818538184],[144.26995208420084,-14.238623568365686],[144.27872718819188,-14.226226333193331]]],[[[144.26810469388695,-14.148054878078781],[144.23115688760888,-14.132902701757018],[144.20945005142053,-14.18490221595216],[144.24501231496316,-14.151842922159222],[144.26810469388695,-14.148054878078781]]],[[[144.23115688760888,-14.21004105394054],[144.22238178361783,-14.206253009860099],[144.20252233774337,-14.23035874491745],[144.23115688760888,-14.21004105394054]]],[[[144.06396806420065,-9.91267722850229],[144.0514981795818,-9.908544816778168],[144.03902829496295,-9.923008257812576],[144.05796404568048,-9.92369699309993],[144.06396806420065,-9.91267722850229]]],[[[143.7845502792228,-9.577263143561439],[143.75914866240663,-9.580362452354528],[143.7600723575636,-9.596892099250994],[143.77577517523176,-9.598269569825696],[143.7845502792228,-9.577263143561439]]],[[[143.77946995585955,-14.22174955382554],[143.7748514800748,-14.214173465664658],[143.77254224218242,-14.220027715607156],[143.77946995585955,-14.22174955382554]]],[[[143.72220085612858,-13.866017777907778],[143.71527314245142,-13.862229733827338],[143.7180442279223,-13.870150189631897],[143.72220085612858,-13.866017777907778]]],[[[143.50189956119561,-12.526772011650117],[143.47511240164403,-12.520573394063941],[143.4543292606126,-12.50438811481115],[143.47511240164403,-12.521262129351296],[143.50189956119561,-12.526772011650117]]],[[[143.42292362527627,-9.75013570068701],[143.40444972213723,-9.748069494824946],[143.39844570361703,-9.754612480054803],[143.42292362527627,-9.75013570068701]]],[[[143.41507221644218,-12.289502705157052],[143.41322482612827,-12.283992822858231],[143.40352602698027,-12.287780866938672],[143.41507221644218,-12.289502705157052]]],[[[143.4012167890879,-12.86872908182082],[143.38920875204752,-12.86872908182082],[143.39244168509686,-12.875960802338025],[143.4012167890879,-12.86872908182082]]],[[[143.40075494150943,-12.895934125671257],[143.39475092298923,-12.876649537625376],[143.3933653802538,-12.894212287452877],[143.40075494150943,-12.895934125671257]]],[[[143.39059429478294,-12.878715743487437],[143.37904810532106,-12.876649537625376],[143.3841284286843,-12.883192522855229],[143.39059429478294,-12.878715743487437]]],[[[143.38828505689057,-12.869762184751849],[143.38505212384123,-12.86494103774038],[143.37673886742868,-12.8704509200392],[143.38828505689057,-12.869762184751849]]],[[[143.3785862577426,-12.886291831648318],[143.35872681186814,-12.88698056693567],[143.3744296295363,-12.895934125671257],[143.3785862577426,-12.886291831648318]]],[[[143.27605609532097,-11.985426075790759],[143.26220066796668,-11.975095046480465],[143.26728099132993,-11.989558487514877],[143.27605609532097,-11.985426075790759]]],[[[142.97724071204712,-9.804890156031561],[142.97539332173324,-9.795247862008623],[142.9716985411054,-9.805578891318916],[142.97724071204712,-9.804890156031561]]],[[[142.94860616218162,-9.853790361433617],[142.91720052684528,-9.843114964479646],[142.89780292854928,-9.85344599378994],[142.91258205106053,-9.866876331893323],[142.94860616218162,-9.853790361433617]]],[[[142.86778283594836,-10.03906015373154],[142.85716034164344,-10.019431198041978],[142.82621655388556,-10.024941080340803],[142.8576221892219,-10.053179227122271],[142.86778283594836,-10.03906015373154]]],[[[142.8008149370694,-9.37580807201072],[142.64701969343693,-9.364788307413072],[142.5966783073831,-9.403357483504834],[142.7070598786388,-9.428151953849543],[142.8008149370694,-9.37580807201072]]],[[[142.7832647290873,-9.904068037410376],[142.7814173387734,-9.89580321396214],[142.7643289783698,-9.89408137574376],[142.76848560657606,-9.90475677269773],[142.7832647290873,-9.904068037410376]]],[[[142.7255337817778,-9.368231983849839],[142.68904782307823,-9.358245322183222],[142.66734098688988,-9.369953822068219],[142.69874662222622,-9.37718554258543],[142.7255337817778,-9.368231983849839]]],[[[142.70567433590338,-10.953011880048798],[142.68997151823518,-10.920296953899538],[142.6516381692217,-10.91478707160072],[142.69228075612756,-10.958521762347623],[142.70567433590338,-10.953011880048798]]],[[[142.66641729173293,-10.628961927349273],[142.63916828460285,-10.618286530395302],[142.6382445894459,-10.653067662406627],[142.6539474071141,-10.65134582418824],[142.66641729173293,-10.628961927349273]]],[[[142.6493289313293,-9.764599141721419],[142.62854579029792,-9.757711788847892],[142.62207992419926,-9.772519597525978],[142.6479433885939,-9.772519597525978],[142.6493289313293,-9.764599141721419]]],[[[142.63916828460285,-10.920296953899538],[142.63408796123963,-10.914098336313366],[142.6206943814638,-10.918575115681158],[142.63547350397505,-10.926839939129394],[142.63916828460285,-10.920296953899538]]],[[[142.62762209514096,-10.59831320706207],[142.61977068630688,-10.589704015970163],[142.60914819200192,-10.592803324763246],[142.61515221052213,-10.600723780567805],[142.62762209514096,-10.59831320706207]]],[[[142.62254177177772,-10.74329198504985],[142.61515221052213,-10.720908088210884],[142.58420842276422,-10.714365102981034],[142.6119192774728,-10.745358190911908],[142.62254177177772,-10.74329198504985]]],[[[142.55187909227092,-9.41954276275763],[142.52878671334713,-9.410933571665716],[142.531557798818,-9.436072409654095],[142.55187909227092,-9.41954276275763]]],[[[142.5177023714637,-10.191959387523873],[142.50430879168792,-10.183694564075644],[142.51308389567896,-10.19540306396064],[142.5177023714637,-10.191959387523873]]],[[[142.51446943841438,-10.158211358443587],[142.50199955379554,-10.157178255512555],[142.5084654198942,-10.163376873098734],[142.51446943841438,-10.158211358443587]]],[[[142.49045336433366,-10.243270166431664],[142.47382685150853,-10.25015751930519],[142.4798308700287,-10.260488548615484],[142.49045336433366,-10.243270166431664]]],[[[142.41101558083582,-10.711610161831622],[142.38977059222594,-10.718153147061471],[142.38561396401965,-10.750179337923377],[142.41101558083582,-10.711610161831622]]],[[[142.34404768195682,-10.172330431834318],[142.26599544119443,-10.11585413827138],[142.21981068334685,-10.128940108731086],[142.18378657222573,-10.189548814018139],[142.27846532581327,-10.259799813328137],[142.34404768195682,-10.172330431834318]]],[[[142.32649747397474,-10.611054809878098],[142.30617618052182,-10.570419427924278],[142.23597534859348,-10.607266765797661],[142.26784283150832,-10.642392265452656],[142.32649747397474,-10.611054809878098]]],[[[142.32095530303303,-10.531161516545168],[142.312180199042,-10.505678310913112],[142.28400749675498,-10.528062207752079],[142.30017216200162,-10.54218128114281],[142.32095530303303,-10.531161516545168]]],[[[142.3195697602976,-9.56796521718217],[142.29047336285365,-9.551435570285705],[142.25814403236032,-9.55384614379144],[142.2835456491765,-9.570031423044234],[142.3195697602976,-9.56796521718217]]],[[[142.3047906377864,-10.721941191141916],[142.2950918386384,-10.701623500165006],[142.2816982588626,-10.716431308843092],[142.29001151527515,-10.73399405867059],[142.3047906377864,-10.721941191141916]]],[[[142.2950918386384,-9.262855484884852],[142.2225817688177,-9.229451823448237],[142.13205964343643,-9.264577323103232],[142.24521230016302,-9.290749264022644],[142.2950918386384,-9.262855484884852]]],[[[142.27754163065632,-10.706444647176475],[142.2036460181002,-10.59486953062531],[142.1103528072481,-10.661676853498534],[142.150071698997,-10.76498714660147],[142.27754163065632,-10.706444647176475]]],[[[142.25075447110473,-9.22910745580456],[142.2336661107011,-9.221187],[142.24244121469215,-9.234617338103384],[142.25075447110473,-9.22910745580456]]],[[[142.23274241554415,-10.573863104361045],[142.22165807366073,-10.56973069263693],[142.2054934084141,-10.581439192521927],[142.21057373177732,-10.589015280682808],[142.23274241554415,-10.573863104361045]]],[[[142.2299713300733,-10.53391645769458],[142.2128829696697,-10.52151922252223],[142.1842484198042,-10.568353222062221],[142.21380666482665,-10.566287016200164],[142.2299713300733,-10.53391645769458]]],[[[142.2013367802078,-9.94883583108831],[142.18701950527506,-9.94229284585846],[142.16485082150822,-9.951590772237722],[142.17824440128402,-9.972941566145664],[142.2013367802078,-9.94883583108831]]],[[[142.19256167621677,-10.105867476604764],[142.18193918191182,-10.05937784470845],[142.1140475878759,-10.068675771087712],[142.0872604283243,-10.129973211662119],[142.1634652787728,-10.180939622926232],[142.19256167621677,-10.105867476604764]]],[[[142.18840504801048,-9.232895499884997],[142.16438897392976,-9.223941941149413],[142.15653756509565,-9.246670205632057],[142.18840504801048,-9.232895499884997]]],[[[142.17916809644097,-10.585571604246041],[142.14637691836919,-10.59521389826898],[142.1690074497145,-10.605889295222951],[142.17916809644097,-10.585571604246041]]],[[[142.17316407792077,-10.207800299132991],[142.1634652787728,-10.216753857868582],[142.1690074497145,-10.2281179901099],[142.17316407792077,-10.207800299132991]]],[[[142.1708548400284,-10.553545413384136],[142.14545322321223,-10.565598280912809],[142.1579231078311,-10.570075060280601],[142.1708548400284,-10.553545413384136]]],[[[142.14083474742748,-10.37344113574136],[142.1329833385934,-10.354156547695474],[142.12467008218084,-10.353467812408127],[142.12605562491626,-10.38411653269533],[142.14083474742748,-10.37344113574136]]],[[[142.1154331306113,-10.99158105614056],[142.10850541693418,-10.967475321083214],[142.09973031294314,-10.975395776887773],[142.09880661778618,-10.989514850278503],[142.1154331306113,-10.99158105614056]]],[[[142.07663793401935,-10.26530969562696],[142.0738668485485,-10.259111078040782],[142.06601543971442,-10.262554754477549],[142.07663793401935,-10.26530969562696]]],[[[142.06047326877268,-10.353812180051804],[142.04846523173234,-10.35484528298283],[142.04800338415384,-10.365865047580478],[142.06047326877268,-10.353812180051804]]],[[[139.8874804120441,-16.65298511818118],[139.87177759437594,-16.6454090300203],[139.8482233678737,-16.663316147491475],[139.8556129291293,-16.677090853238532],[139.8874804120441,-16.65298511818118]]],[[[139.813584799488,-16.491476693296935],[139.8020386100261,-16.488033016860168],[139.80665708581085,-16.496642207952082],[139.813584799488,-16.491476693296935]]],[[[139.73460886356864,-16.4773576199062],[139.7262956071561,-16.450841311343115],[139.70135583791838,-16.47425831111311],[139.73091408294084,-16.50146335496355],[139.73460886356864,-16.4773576199062]]],[[[139.71197833222334,-16.53039023703237],[139.67641606868068,-16.450496943699438],[139.54802244186442,-16.390576973699737],[139.46535172531725,-16.446020164331642],[139.30416692042922,-16.46289417887179],[139.15083352437526,-16.6337005301353],[139.2298094602946,-16.731156573295735],[139.31294202442024,-16.730123470364703],[139.37390590477906,-16.686388779617797],[139.37575329509295,-16.641965353583537],[139.4510344503845,-16.666415456284565],[139.43902641334415,-16.630601221342214],[139.46581357289574,-16.627846280192802],[139.47320313415133,-16.583078486514864],[139.4528818406984,-16.569648148411485],[139.4838256284563,-16.555873442664428],[139.50691800738008,-16.576535501285015],[139.5143075686357,-16.545198045710457],[139.47505052446525,-16.526257825308253],[139.5313959290393,-16.515582428354286],[139.546636899129,-16.460483605366054],[139.56649634500346,-16.47460267875679],[139.59605459002591,-16.554151604446044],[139.6570184703847,-16.519370472434726],[139.71197833222334,-16.53039023703237]]],[[[139.63946826240263,-17.07449111404114],[139.59513089486896,-17.11237155484555],[139.60390599886,-17.138199128121283],[139.61452849316493,-17.13957659869599],[139.63946826240263,-17.07449111404114]]],[[[139.47274128657287,-17.09584190794908],[139.518464196842,-17.12304695179952],[139.57804253446534,-17.093431334443345],[139.49444812276124,-16.979790012030122],[139.49029149455495,-17.044531129041292],[139.46165694468945,-17.02524654099541],[139.394227198232,-17.08310030513305],[139.43440793755937,-17.13957659869599],[139.42748022388224,-17.105484201972022],[139.47274128657287,-17.09584190794908]],[[139.47966900025,-17.093775702087022],[139.48059269540695,-17.084477775707757],[139.48474932361324,-17.092742599155994],[139.47966900025,-17.093775702087022]]],[[[139.56049232648326,-17.114437760707606],[139.5521790700707,-17.114437760707606],[139.54940798459984,-17.129245569385695],[139.56049232648326,-17.114437760707606]]],[[[139.47782160993611,-16.679501426744267],[139.45241999311995,-16.67433591208912],[139.44133565123653,-16.703607161801617],[139.46442803016032,-16.70050785300853],[139.47782160993611,-16.679501426744267]]],[[[139.28384562697627,-16.264194048470486],[139.27276128509286,-16.26453841611416],[139.2736849802498,-16.27521381306813],[139.28384562697627,-16.264194048470486]]],[[[139.27968899876998,-16.993909085420853],[139.26537172383723,-16.984266791397914],[139.26075324805248,-16.98977667369674],[139.2626006383664,-16.999074600076],[139.27968899876998,-16.993909085420853]]],[[[139.26583357141573,-17.05830583478835],[139.2432030400704,-17.02937895271953],[139.2071789289493,-17.003207011800118],[139.2145684902049,-17.036266305593056],[139.26583357141573,-17.05830583478835]]],[[[139.18870502581026,-16.681567632606328],[139.145753201012,-16.69189866191662],[139.14113472522726,-16.754229205422053],[139.18454839760398,-16.73356714680147],[139.18870502581026,-16.681567632606328]]],[[[139.15221906711068,-16.821725263582636],[139.13235962123622,-16.797963896168962],[139.0907933391734,-16.826546410594105],[139.11342387051872,-16.849274675076753],[139.15221906711068,-16.821725263582636]]],[[[139.07693791181913,-16.902307292202924],[139.0737049787698,-16.8909431599616],[139.04599412406125,-16.885433277662777],[139.07693791181913,-16.902307292202924]]],[[[139.06770096024962,-16.865115586685867],[139.06308248446484,-16.860638807318075],[139.05892585625855,-16.876824086570867],[139.06770096024962,-16.865115586685867]]]]}},{"id":3,"type":"Feature","properties":{"STATE_CODE":"4","STATE_NAME":"South Australia","total_fire":6461,"avg_frp":10.4,"grid_cells":28},"geometry":{"type":"MultiPolygon","coordinates":[[[[140.9806736302963,-34.01600171234712],[141.00284231406314,-34.02185596228962],[140.9996093810138,-25.996368026410263],[129.00173298736988,-25.998778599915997],[129.0012711397914,-31.68704333816338],[130.15219530535308,-31.576501324543244],[130.8061714764748,-31.60577257425574],[131.02647277140773,-31.537587780807808],[131.14886237970381,-31.463548737417376],[131.75850118329186,-31.72010263195632],[132.20048931589315,-32.0272785701157],[132.4152484398844,-31.99869605569056],[132.47344123477237,-32.03003351126511],[132.4378789712297,-32.00110662919629],[132.44619222764229,-31.970802276552767],[132.53117218208183,-31.934988041610417],[132.74639315365155,-31.949451482644825],[132.96346151553516,-32.06515901092011],[132.97962618078182,-32.10648312816128],[133.0064133403334,-32.08341049603496],[133.08816036172362,-32.12714518678187],[133.138039900199,-32.17501228925289],[133.12557001558017,-32.208760318333184],[133.1648270597506,-32.17019114224142],[133.25303994723947,-32.21082652419524],[133.3227789315893,-32.17983343626436],[133.3897468304683,-32.20015112724127],[133.44609223504236,-32.17845596568966],[133.4876585171052,-32.20600537718377],[133.49181514531145,-32.19567434787348],[133.4641042906029,-32.17225734810348],[133.41191551423515,-32.1777672304023],[133.39528900141002,-32.141608627816275],[133.45163440598407,-32.13609874551746],[133.47287939459395,-32.09994014293143],[133.4968954686747,-32.150562186551866],[133.52506817096173,-32.127489554425544],[133.55324087324874,-32.16950240695407],[133.5920360698407,-32.0871985401154],[133.6668553775538,-32.10372818701187],[133.64283930347304,-32.144707936609365],[133.69271884194842,-32.155383333563336],[133.67932526217263,-32.202561700747005],[133.75691565535655,-32.20600537718377],[133.76984738755388,-32.26385914132141],[133.82157431634317,-32.23389915632156],[133.9508916383164,-32.38852022833228],[133.91948600298002,-32.42846687499875],[133.8668353790338,-32.399195625286254],[133.84882332347325,-32.5417638297683],[133.8936225385854,-32.541075094480945],[133.92271893602936,-32.4949298302283],[133.99153422522227,-32.505260859538595],[134.0367952879129,-32.459804330573306],[134.08621297880978,-32.470824095170954],[134.05711658136582,-32.440864110171105],[134.16287967683678,-32.46910225695257],[134.26633353441537,-32.573790020630206],[134.2903496084961,-32.69294122534225],[134.22199616688167,-32.78970853321533],[134.1965945500655,-32.79521841551416],[134.20028933069332,-32.74666257775578],[134.15271903011032,-32.72393431327313],[134.20490780647808,-32.725311783847836],[134.08067080786807,-32.709470872238725],[134.06034951441515,-32.722556842698424],[134.13840175517757,-32.83964184154841],[134.06034951441515,-32.90782663499635],[134.1411728406484,-32.94432960522605],[134.16749815262153,-32.926766855398554],[134.20167487342874,-32.96361419327193],[134.19336161701617,-33.01354750160502],[134.13840175517757,-33.01802428097281],[134.1679600002,-33.05556035413354],[134.23030942329424,-33.04316311896119],[134.26032951589517,-33.1526720296503],[134.32822110993112,-33.19950602919029],[134.35824120253204,-33.1481952502825],[134.2788034190342,-33.10755986832868],[134.27557048598487,-33.02491163384634],[134.3587030501105,-33.12546698579986],[134.36886369683697,-33.17574466177662],[134.45107256580567,-33.14475157384574],[134.63073127383274,-33.245306925799255],[134.663984299483,-33.22292302896029],[134.63119312141123,-33.21362510258103],[134.64089192055923,-33.182632014650146],[134.59840194333944,-33.196406720397206],[134.55822120401206,-33.16128122074221],[134.5951690102901,-33.13889732390324],[134.7023176484965,-33.17471155884559],[134.71894416132162,-33.23015474947749],[134.65844212854128,-33.23359842591426],[134.80207672544725,-33.32864389556896],[134.8450285502455,-33.43643096803968],[134.86350245338454,-33.54662861401614],[134.8302494277343,-33.626177539705395],[135.04039007594076,-33.75497103844039],[135.25237811446115,-33.9812205803358],[135.27962712159123,-34.11965637309373],[135.24129377257773,-34.14996072573726],[135.30364319567195,-34.18405312246122],[135.34613317289174,-34.267390092230926],[135.38908499769,-34.59522808901089],[135.42233802334025,-34.60142670659707],[135.39647455894558,-34.59316188314883],[135.42233802334025,-34.54873845711457],[135.39139423558237,-34.53393064843648],[135.40524966293663,-34.50706997222972],[135.41032998629987,-34.53875179544795],[135.4458922498425,-34.53702995722957],[135.43157497490975,-34.603492912459124],[135.47314125697258,-34.61657888291883],[135.45790028688288,-34.586274530275304],[135.5165549293493,-34.61313520648206],[135.3655307711877,-34.64206208855089],[135.4020167298873,-34.63345289745897],[135.29763917715178,-34.552182133551334],[135.35398458172583,-34.522222148551485],[135.22143432670327,-34.49846078113781],[135.20619335661357,-34.42924288475885],[135.10920536513365,-34.58834073613736],[135.25237811446115,-34.551837765907656],[135.341514697107,-34.62897611809118],[135.32488818428186,-34.686485514585144],[135.474526799708,-34.74399491107911],[135.62416541513414,-34.906192071250715],[135.61862324419246,-34.94441687969879],[135.6860529906499,-34.94476124734247],[135.71284015020152,-34.86521232165322],[135.79227793369935,-34.8610799099291],[135.85370366163662,-34.88656311556115],[135.856012899529,-34.92719849751497],[135.92898481692816,-34.94820492377924],[135.95438643374433,-35.006403055560554],[136.0047278197982,-34.98023111464114],[135.95992860468607,-34.848682674756745],[136.01581216168162,-34.79427258705587],[136.00657521011212,-34.736074455274554],[135.97932620298204,-34.73056457297573],[135.98071174571746,-34.78463029303293],[135.95623382405824,-34.75708088153881],[135.89342255338553,-34.80563671929719],[135.7858120676007,-34.809424763377635],[135.84631410038102,-34.7529484698147],[135.89157516307165,-34.75157099923999],[135.85370366163662,-34.71541239665397],[135.8541655092151,-34.66547908832088],[135.89111331549316,-34.615890147631475],[135.93729807334074,-34.64894944142441],[135.90219765737658,-34.592473147861476],[135.9322177499775,-34.52842076613766],[136.02181618020182,-34.51636789860898],[136.0564547485875,-34.47917619309193],[136.09201701213013,-34.54288420717207],[136.12157525715259,-34.46746769320693],[136.11649493378934,-34.42579920832208],[136.09201701213013,-34.42958725240253],[136.13035036114363,-34.40720335556355],[136.11233830558305,-34.35933625309253],[136.23380421872218,-34.295972606656065],[136.32432634410344,-34.18164254895549],[136.3631215406954,-34.069378697116974],[136.57464773163733,-33.943340139531394],[136.59265978719787,-33.899605448784484],[136.99169609500095,-33.724666685796855],[137.21338293266933,-33.66095867171671],[137.31452755235554,-33.471556467694676],[137.3607123102031,-33.43918590918909],[137.37456773755738,-33.29282966062661],[137.43414607518076,-33.23015474947749],[137.4521581307413,-33.13063250045501],[137.5362143900239,-33.09481826551266],[137.6415156379164,-32.95534936982369],[137.7865357775578,-32.99977279585796],[137.7495879712797,-32.92160134074341],[137.79808196701967,-32.893707561605616],[137.80962815648158,-32.748728783617835],[137.7495879712797,-32.70843776930769],[137.75051166643667,-32.41538090453905],[137.76621448410486,-32.439486639596396],[137.7823791493515,-32.55037302086021],[137.8359534684547,-32.57482312356123],[137.83918640150404,-32.603750005630054],[137.82533097414975,-32.603750005630054],[137.82163619352195,-32.58067737350373],[137.80270044280445,-32.607882417354176],[137.8678209513695,-32.664014343273436],[137.8378008587686,-32.695696166491665],[137.9444876493965,-32.75768234235342],[137.9010739770198,-32.77765566568666],[137.95187721065213,-33.005971413444136],[138.0188451095311,-33.03558703080031],[138.04609411666118,-33.08655344206442],[138.0248491280513,-33.1058380301103],[138.05440737307373,-33.11513595648957],[138.0243872804728,-33.18194327936279],[138.01191739585397,-33.178155235282354],[138.00083305397055,-33.13166560338603],[137.8378008587686,-33.20708211735117],[137.811013699217,-33.26631335206352],[137.85165628612287,-33.32623332206322],[137.8812145311453,-33.323134013270135],[137.87059203684038,-33.396484321373215],[137.94910612518126,-33.51253621729217],[137.93940732603326,-33.548006084590845],[137.9772788274683,-33.55868148154482],[137.93525069782697,-33.552827231602315],[137.9177004898449,-33.62514443677436],[137.89322256818568,-33.62548880441804],[137.9195478801588,-33.58726399596996],[137.87890529325296,-33.5969062899929],[137.60041120343203,-33.87687718430184],[137.63043129603295,-33.92198934562346],[137.5269774384544,-34.00429321246212],[137.56762002536027,-34.04355112384124],[137.52235896266964,-34.12929866711667],[137.44984889284893,-34.13549728470285],[137.49972843132431,-34.22641034263343],[137.5001902789028,-34.31215788590886],[137.41521032446326,-34.459547237402376],[137.4831019184992,-34.439229546425466],[137.5094272304723,-34.61795635349353],[137.44892519769198,-34.91032448297483],[137.37502958513585,-34.95371480607806],[137.2766560509205,-34.89379483607836],[137.09330256226562,-34.91996677699777],[137.01340293118932,-34.89310610079101],[136.93027036706368,-35.0291313200432],[136.96121415482156,-35.08216393716937],[136.9408928613686,-35.12899793670937],[136.8457522602026,-35.1899510096401],[136.82173618612188,-35.245394200272],[136.88316191405914,-35.30049302326023],[137.00139489414894,-35.223354671076706],[137.1741258884989,-35.237473744467444],[137.23786085432855,-35.16446780400804],[137.33484884580847,-35.1679114804448],[137.42306173329735,-35.09800484877849],[137.55468829316294,-35.117289436824365],[137.6373590097101,-35.16825584808848],[137.75882492284924,-35.11487886331863],[137.72464820204203,-35.05358142274423],[137.76390524621246,-35.040495452284524],[137.79992935733358,-34.87760955682557],[137.86504986589867,-34.7777429401594],[137.90753984311843,-34.615890147631475],[137.87567236020362,-34.59763866251662],[137.88768039724397,-34.5074143398734],[137.9177004898449,-34.42820978182782],[138.00729892006922,-34.349005223782235],[138.0017567491275,-34.25705906292063],[138.0437848787688,-34.17441082843828],[138.10243952123523,-34.13894096113961],[138.1657126394864,-34.22124482797828],[138.1463150411904,-34.26566825401254],[138.2229817392174,-34.31112478297783],[138.26547171643716,-34.476765619586196],[138.40864446576467,-34.600393603666035],[138.43035130195304,-34.6682340294703],[138.53241961679618,-34.73745192584926],[138.56613449002492,-34.824921307343075],[138.5162549515495,-34.81080223395234],[138.50009028630288,-34.8435171601016],[138.51533125639259,-34.77016685199852],[138.47792160253604,-34.782908454814546],[138.51764049428496,-35.03223062883629],[138.469146498545,-35.10936898101981],[138.44097379625796,-35.35008196394964],[138.3412147193072,-35.39278355176552],[138.24468857540575,-35.50091499187992],[138.1657126394864,-35.51951084463845],[138.09597365513656,-35.62523171124711],[138.19157610388106,-35.665178357913575],[138.27609421074212,-35.63935078463784],[138.52225897006971,-35.643138828718286],[138.63171684616847,-35.54396094733947],[138.7628815584556,-35.52054394756948],[139.05523107563076,-35.649681813948135],[139.3771388378284,-35.89211663509635],[139.6551710800708,-36.22202083773838],[139.85099445334453,-36.647314877678774],[139.84268119693198,-36.83947202285023],[139.66995020258204,-36.957590124631245],[139.79141611572118,-37.11289993192932],[139.7886450302503,-37.157667725607254],[139.74292211998122,-37.155945887388874],[139.74015103451035,-37.18211782830828],[139.84083380661806,-37.32227545928459],[139.99324350751507,-37.4858500900309],[140.0500507596676,-37.4786183695137],[140.1207134391744,-37.53096225135251],[140.1128620303403,-37.57848498617986],[140.24772152325525,-37.68627205865059],[140.39643644352444,-37.91906458577586],[140.6624606487265,-38.0616327902579],[140.9658945077851,-38.05612290795908],[140.96358526989272,-33.980531845048446],[140.9806736302963,-34.01600171234712]]],[[[138.54627504415043,-34.79909373406734],[138.51440756123563,-34.756736513895135],[138.51856418944192,-34.80563671929719],[138.54627504415043,-34.79909373406734]]],[[[138.54396580625806,-34.80598108694087],[138.53749994015942,-34.801504307573076],[138.5241063603836,-34.81011349866499],[138.54396580625806,-34.80598108694087]]],[[[138.13476885172852,-35.841494591475914],[138.04609411666118,-35.74266107774078],[137.9407928687687,-35.71614476917769],[137.9006121294413,-35.719588445614455],[137.85211813370134,-35.79500495957959],[137.77729882598828,-35.78432956262563],[137.75836307527075,-35.80602472417724],[137.8147084798448,-35.82186563578636],[137.7542064470645,-35.84287206205062],[137.7458931906519,-35.800859209522095],[137.80362413796138,-35.75746888641886],[137.7805317590376,-35.72406522498225],[137.57778067208673,-35.72578706320063],[137.64382487580878,-35.654158593315934],[137.56992926325265,-35.632463431764315],[137.62673651540516,-35.59699356446564],[137.62165619204194,-35.5611793295233],[137.51866418204182,-35.59561609389094],[137.3136038571986,-35.57908644699447],[137.06974833576336,-35.6693107696377],[136.58757946383466,-35.748859695326956],[136.5330814495745,-35.87662009113091],[136.58157544531446,-35.95100350216502],[136.66563170459705,-35.975797972509724],[136.70535059634597,-36.06395608929089],[136.85406551661518,-36.016433354463544],[136.91549124455244,-36.04363839831398],[136.99723826594266,-36.017466457394576],[137.13117406370066,-36.03399610429104],[137.20968815204154,-35.974076134291344],[137.3708729569296,-35.99852623699237],[137.46093323473235,-36.07497585388854],[137.60272044132444,-36.00920163394634],[137.61195739289394,-35.913123061360615],[137.74127471486716,-35.85320309136091],[137.91123462374625,-35.85974607659077],[138.04101379329794,-35.904169502625024],[138.13476885172852,-35.841494591475914]]],[[[137.381957298813,-34.49742767820678],[137.3611741577816,-34.462990913839135],[137.34085286432864,-34.5263545602756],[137.36533078598788,-34.52945386906869],[137.381957298813,-34.49742767820678]]],[[[136.86699724881248,-35.371432757857576],[136.86053138271384,-35.365578507915075],[136.85452736419364,-35.3710883902139],[136.85822214482147,-35.37832011073111],[136.86699724881248,-35.371432757857576]]],[[[136.49474810056103,-35.1665340098701],[136.45364366607666,-35.134163451364515],[136.44163562903628,-35.14862689239892],[136.4531818184982,-35.16618964222642],[136.49474810056103,-35.1665340098701]]],[[[136.35896491248914,-34.6637572501025],[136.3446476375564,-34.65067127964279],[136.32986851504515,-34.658247367803675],[136.3446476375564,-34.682697470504706],[136.35896491248914,-34.6637572501025]]],[[[136.30539059338594,-34.50534813401134],[136.27998897656977,-34.50397066343663],[136.27490865320652,-34.54942719240192],[136.28460745235452,-34.515679163321636],[136.30539059338594,-34.50534813401134]]],[[[136.2795271289913,-34.681664367573674],[136.26705724437244,-34.67305517648177],[136.26936648226484,-34.68338620579206],[136.2795271289913,-34.681664367573674]]],[[[136.20470782127822,-35.052892687456875],[136.189928698767,-35.0043368496985],[136.10725798221983,-34.93236401217012],[136.08278006056062,-34.945449982629825],[136.15667567311675,-35.006403055560554],[136.1631415392154,-35.05530326096261],[136.20470782127822,-35.052892687456875]]],[[[136.18577207056072,-34.64653886791868],[136.18115359477596,-34.6403402503325],[136.180229899619,-34.64757197084971],[136.18577207056072,-34.64653886791868]]],[[[136.07308126141263,-35.22748708280083],[136.0638443098431,-35.223010303433036],[136.05553105343054,-35.235407538605386],[136.0712338710987,-35.2381624797548],[136.07308126141263,-35.22748708280083]]],[[[136.0698483283633,-34.962668364813645],[136.0601495292153,-34.957502850158505],[136.0504507300673,-34.96817824711247],[136.0698483283633,-34.962668364813645]]],[[[136.03844269302692,-34.90722517418174],[136.0319768269283,-34.90584770360704],[136.027820198722,-34.916867468204686],[136.03844269302692,-34.90722517418174]]],[[[136.0144266189462,-34.88243070383704],[136.008422600426,-34.86521232165322],[136.0010330391704,-34.88036449797498],[136.0144266189462,-34.88243070383704]]],[[[135.98302098360983,-35.033608099411],[135.97886435540357,-35.01983339366394],[135.96547077562775,-35.021899599525995],[135.9742458796188,-35.037396143491435],[135.98302098360983,-35.033608099411]]],[[[135.96039045226453,-34.583175221482215],[135.95577197647978,-34.569400515735154],[135.94607317733178,-34.56836741280413],[135.95253904343045,-34.59350625079251],[135.96039045226453,-34.583175221482215]]],[[[135.9530008910089,-34.7236772201022],[135.93868361607616,-34.687518617516176],[135.91697677988782,-34.67305517648177],[135.92898481692816,-34.732975146481465],[135.9530008910089,-34.7236772201022]]],[[[135.62647465302655,-34.98195295285953],[135.61723770145701,-34.98023111464114],[135.6176995490355,-35.00192627619276],[135.62647465302655,-34.98195295285953]]],[[[134.81316106733067,-33.59415134884349],[134.77621326105262,-33.595184451774514],[134.80669520123203,-33.61033662809628],[134.81316106733067,-33.59415134884349]]],[[[134.68199635504357,-33.2081152202822],[134.67091201316015,-33.2022609703397],[134.6662935373754,-33.214313837868374],[134.67691603168032,-33.217068779017794],[134.68199635504357,-33.2081152202822]]],[[[134.5475987097071,-33.721567377003765],[134.52773926383264,-33.67783268625686],[134.47185570683706,-33.69057428907289],[134.44691593759939,-33.7721894206242],[134.50695612280123,-33.722944847578475],[134.5475987097071,-33.721567377003765]]],[[[134.27972711419116,-32.67985525488255],[134.27510863840638,-32.67434537258372],[134.2598676683167,-32.678477784307844],[134.27972711419116,-32.67985525488255]]],[[[133.85759842746427,-32.38748712540125],[133.81464660266604,-32.355460934539344],[133.78785944311443,-32.35890461097611],[133.85759842746427,-32.38748712540125]]],[[[133.83542974369743,-32.35993771390714],[133.82988757275572,-32.352361625746255],[133.81603214540146,-32.35477219925199],[133.83542974369743,-32.35993771390714]]],[[[133.6834818903789,-32.44017537488375],[133.66916461544616,-32.436387330803306],[133.65761842598425,-32.454983183561836],[133.6834818903789,-32.44017537488375]]],[[[133.67378309123092,-32.23252168574686],[133.55093163535636,-32.263514773677734],[133.54954609262094,-32.307938199712],[133.60034932625328,-32.307938199712],[133.61420475360754,-32.256971788447885],[133.67378309123092,-32.23252168574686]]],[[[133.6548473405134,-32.45119513948139],[133.634064199482,-32.45016203655037],[133.62528909549096,-32.457049389423894],[133.6396063704237,-32.463248007010066],[133.6548473405134,-32.45119513948139]]],[[[133.5306103419034,-32.30449452327523],[133.51306013392136,-32.3020839497695],[133.50151394445945,-32.31826922902229],[133.5306103419034,-32.30449452327523]]],[[[133.4871966695267,-32.370957478504785],[133.47703602280023,-32.37061311086111],[133.47565048006481,-32.3809441401714],[133.48396373647736,-32.38266597838978],[133.4871966695267,-32.370957478504785]]],[[[133.38189542163423,-32.39506321356214],[133.36757814670148,-32.39334137534375],[133.36665445154452,-32.40298366936669],[133.38189542163423,-32.39506321356214]]],[[[133.31123274212743,-32.510082006550064],[133.28860221078213,-32.49045305086051],[133.26781906975071,-32.500439712527125],[133.28767851562517,-32.52833349166492],[133.31123274212743,-32.510082006550064]]],[[[133.2987628575086,-32.55760474137742],[133.28352188741889,-32.55416106494065],[133.2752086310063,-32.56552519718197],[133.29137329625297,-32.567591403044034],[133.2987628575086,-32.55760474137742]]],[[[133.28998775351755,-32.5854985205152],[133.2849074301543,-32.578611167641675],[133.27613232616326,-32.584809785227854],[133.28998775351755,-32.5854985205152]]]]}},{"id":4,"type":"Feature","properties":{"STATE_CODE":"5","STATE_NAME":"Western Australia","total_fire":157444,"avg_frp":13.59,"grid_cells":61},"geometry":{"type":"MultiPolygon","coordinates":[[[[113.39405592035921,-26.39307955192552],[113.36819245596456,-26.399278169511696],[113.3561844189242,-26.33109337606376],[113.32662617390174,-26.337291993649938],[113.29937716677168,-26.01599698209982],[113.26981892174922,-26.241902156351564],[113.26104381775818,-26.19128011273113],[113.15620441744419,-26.151677833708337],[113.2776703305833,-26.293901670546706],[113.29660608130082,-26.400311272442725],[113.58433712269124,-26.67132860801608],[113.96536137493375,-27.230581661346612],[114.10437749605497,-27.50332083513835],[114.16349398609987,-27.706842112551126],[114.17365463282633,-27.6589750100801],[114.18150604166043,-27.68032580398804],[114.10530119121192,-27.8504434199642],[114.17457832798328,-28.11112972622726],[114.32329324825248,-28.23303587208872],[114.53389574403745,-28.494410913639136],[114.61287167995681,-28.66521726490265],[114.61471907027071,-28.76267330806308],[114.57638572125722,-28.784712837258372],[114.87196817148173,-29.11668324576246],[114.99759071282713,-29.493421447944478],[114.95787182107821,-29.683856754897548],[114.9828115903159,-29.911139399723996],[114.95463888802888,-30.04888645719457],[115.00174734103342,-30.13222342696427],[114.9943577797778,-30.23140130834308],[115.04285177551776,-30.273758528515284],[115.02068309175093,-30.317493219262193],[115.05809274560747,-30.510339099720994],[115.18971930547306,-30.825091126041258],[115.3130326089261,-30.97316921282213],[115.44096438816389,-31.277934577475776],[115.68574360475606,-31.65363967672677],[115.75178780847808,-31.848207395403954],[115.75086411332114,-32.02245742310423],[115.72453880134802,-32.054139246322464],[115.77996051076511,-32.01901374666747],[115.77395649224493,-31.989053761667616],[115.80397658484586,-32.00282846741467],[115.84230993385934,-31.963226188391886],[115.8834143683437,-31.967014232472323],[115.88479991107911,-31.93843171804718],[115.91389630852309,-31.950484585575857],[115.90881598515986,-31.934988041610417],[115.94114531565316,-31.919835865288654],[115.95084411480116,-31.92224643879439],[115.95823367605676,-31.89504139494395],[115.97393649372495,-31.893663924369243],[115.95869552363524,-31.895385762587626],[115.96423769457695,-31.908471733047328],[115.95130596237964,-31.92293517408174],[115.94114531565316,-31.920524600576005],[115.9365268398684,-31.9308556298863],[115.91020152789528,-31.936021144541446],[115.91482000368005,-31.95117332086321],[115.89865533843339,-31.953583894368943],[115.88572360623607,-31.94049792390924],[115.88387621592217,-31.96908043833438],[115.8450810193302,-31.965292394253943],[115.86078383699838,-32.04587442287423],[115.84646656206563,-32.00179536448364],[115.7323902101821,-32.055516716897166],[115.7744183398234,-32.1939525096551],[115.73654683838839,-32.26971339126391],[115.6848199095991,-32.26592534718347],[115.74347455206552,-32.333421405344055],[115.71299261188612,-32.37026874321743],[115.75040226574266,-32.439486639596396],[115.71853478282783,-32.564492094250944],[115.77765127287273,-32.59617391746917],[115.74716933269333,-32.64645159344593],[115.66634600646007,-32.61580287315873],[115.7268480392404,-32.75320556298563],[115.71253076430764,-32.787642327353275],[115.6409443896439,-32.61855781430814],[115.71761108767089,-32.55760474137742],[115.71068337399375,-32.52041303586036],[115.62801265744658,-32.59961759390594],[115.60815321157212,-32.66676928442284],[115.68759099506995,-33.10859297125971],[115.66634600646007,-33.3221009103391],[115.63586406628067,-33.30867057223572],[115.57351464318644,-33.4536493502235],[115.36706877560776,-33.6392635101651],[115.20680766587667,-33.6509720100501],[115.00359473134732,-33.530787702407025],[115.02807265300653,-33.634097995509954],[114.97496018148182,-33.69815037723377],[114.99989995071951,-33.7942289498195],[114.97588387663878,-33.86413558148581],[114.99112484672847,-34.09830557918579],[115.03915699488995,-34.19817219585196],[115.02391602480026,-34.25292665119651],[115.1338357484775,-34.37621026763267],[115.16616507897079,-34.356925679586794],[115.14399639520396,-34.289429621426216],[115.17678757327573,-34.26566825401254],[115.20172734251344,-34.27772112154121],[115.16893616444165,-34.3218001799318],[115.3453619394194,-34.316290297632975],[115.57767127139272,-34.42201116424164],[115.94714933417335,-34.72092227895279],[116.00210919601197,-34.842139689526896],[116.26120568753689,-34.8800201303313],[116.48150698246982,-35.01604534958349],[116.53277206368064,-35.0043368496985],[116.63022190273904,-35.060813143261434],[116.7683143287033,-35.01466787900879],[116.92118587717877,-35.064256819698194],[116.95674814072142,-35.01948902602026],[117.15026227610277,-35.06150187854878],[117.19506149121491,-35.017078452514525],[117.32622620350205,-35.043939128721284],[117.33407761233613,-34.993661452744526],[117.36917802830028,-34.96955571768718],[117.45508167789679,-34.96680077653777],[117.46570417220173,-35.020522128951285],[117.39596518785189,-34.99813823211232],[117.3326920696007,-35.02293270245703],[117.4851017704977,-35.0890512900429],[117.54883673632737,-35.08250830481305],[117.6111861594216,-35.13347471607716],[117.6398207092871,-35.13450781900819],[117.64443918507186,-35.06219061383614],[117.6855436195562,-35.04325039343394],[117.89891720081201,-35.123488054410544],[118.0213068091081,-35.1079915104451],[118.0023710583906,-35.08767381946819],[117.94371641592417,-35.09180623119231],[117.9201621894219,-35.040839819928195],[117.90907784753848,-35.084574510675104],[117.84811396717967,-35.04497223165232],[117.91970034184342,-35.03567430527305],[117.9487967392874,-34.943728144411445],[117.97650759399595,-34.95199296785968],[117.96172847148472,-35.01329040843409],[118.03470038888389,-35.020522128951285],[118.10859600144002,-34.98574099693997],[118.18757193735938,-35.02465454067541],[118.21066431628317,-34.97885364406644],[118.17233096726967,-34.96783387946879],[118.17510205274053,-34.939940100331],[118.3339776197362,-34.89138426257263],[118.40325475650758,-34.916867468204686],[118.42773267816679,-34.898615983089826],[118.39725073798739,-34.876576453894536],[118.40048367103671,-34.82388820441204],[118.44020256278563,-34.760868925619256],[118.72239143323434,-34.65686989722897],[118.78150792327924,-34.60900279475795],[118.74548381215813,-34.59350625079251],[118.75518261130613,-34.545639148321484],[118.81152801588017,-34.50948054573546],[118.91405817830179,-34.50328192814928],[118.91174894040941,-34.462990913839135],[119.06923896466965,-34.45885850211502],[119.25443984363844,-34.534619383723836],[119.29000210718108,-34.451971149241494],[119.34634751175513,-34.44611689929899],[119.38237162287624,-34.48537481067811],[119.41839573399734,-34.45885850211502],[119.3906848792888,-34.41960059073591],[119.41562464852649,-34.37345532648327],[119.48259254740547,-34.37517716470165],[119.50291384085841,-34.411335767287675],[119.57634760583606,-34.38723003223032],[119.50753231664318,-34.35899188544885],[119.50337568843689,-34.29046272435724],[119.4571909305893,-34.28908525378254],[119.48213069982701,-34.2794429597596],[119.50383753601537,-34.288052150851506],[119.59759259444596,-34.13446418177182],[119.81650834664347,-33.983631153841536],[119.94444012588127,-33.97777690389904],[120.04235181251813,-33.92336681619816],[120.12640807180072,-33.95435990412904],[120.23124747211473,-33.93232037493375],[120.43676964453645,-33.97192265395654],[120.59333597363974,-33.88617511068111],[120.81363726857269,-33.89271809591096],[120.86859713041132,-33.85621512568126],[121.008075099111,-33.872744772577725],[121.09998276722769,-33.84863903752037],[121.17711131283313,-33.877565919589195],[121.19881814902149,-33.84450662579626],[121.36185034422346,-33.81557974372744],[121.54658937561376,-33.827976978899784],[121.64450106225063,-33.89822797820978],[121.69530429588296,-33.86138064033641],[121.78998304947051,-33.90890337516375],[121.90036462072621,-33.8789433901639],[121.91514374323744,-33.83830800821008],[122.00104739283394,-33.82935444947449],[122.08556549969501,-33.902704757577574],[122.11373820198203,-34.01703481527815],[122.27723224476246,-34.000849536025356],[122.2744611592916,-33.95952541878419],[122.3640595895159,-33.913380154531545],[122.50954157673577,-33.95332680119801],[122.55757372489725,-33.93645278665787],[122.57142915225153,-33.96124725700257],[122.61853760525605,-33.89271809591096],[122.97600763099632,-33.9023603899339],[123.02265423642237,-33.85655949332493],[123.13395950283504,-33.904426595795954],[123.163055900279,-34.016690447634474],[123.28683105131051,-33.9798431097611],[123.37134915817158,-33.89581740470405],[123.53438135337353,-33.940240830738304],[123.57317654996551,-33.88789694889949],[123.76438144745448,-33.79526205275053],[123.74729308705088,-33.765302067750675],[123.77454209418094,-33.69815037723377],[123.87753410418105,-33.63306489257893],[123.87522486628868,-33.59897249585496],[123.9759076383964,-33.55868148154482],[123.99807632216323,-33.426444306373064],[124.10106833216332,-33.1760890294203],[124.23869891054912,-33.01767991332913],[124.3934178493385,-32.94915075223752],[124.81416099332993,-32.87270113534135],[125.02614903185032,-32.7287554602846],[125.53187213028131,-32.54933991792918],[125.95122973153732,-32.2903754498845],[126.20293666180663,-32.23217731810318],[126.6726356491165,-32.308282567355675],[127.32614997265973,-32.25662742080421],[128.31404194301945,-31.979411467644674],[129.0012711397914,-31.68704333816338],[129.0012711397914,-14.879491753247532],[128.7878975585356,-14.860551532845328],[128.6789015300153,-14.795810415834158],[128.58699386189863,-14.807518915719157],[128.55050790319905,-14.767916636696366],[128.39347972651728,-14.804419606926071],[128.38100984189842,-14.823359827328275],[128.46691349149492,-14.889134047270474],[128.51910226786268,-15.014828237212374],[128.4216524288043,-14.88190232675327],[128.44843958835588,-15.002086634396345],[128.35837931055312,-14.885001635546356],[128.34914235898358,-14.967994237672379],[128.41056808692088,-15.032046619396194],[128.35791746297463,-14.991411237442374],[128.36207409118092,-15.066483383763838],[128.31404194301945,-14.925637017500176],[128.29233510683108,-14.966616767097673],[128.33113030342304,-15.035490295832957],[128.28910217378174,-14.974192855258554],[128.2655479472795,-14.982457678706787],[128.22813829342294,-15.003119737327374],[128.19396157261573,-15.093344059970601],[128.23968448288483,-15.247620764337643],[128.30064836324362,-15.319593601866018],[128.2992628205082,-15.460095600486007],[128.341752797728,-15.501419717727178],[128.32743552279524,-15.505207761807618],[128.29233510683108,-15.45975123284233],[128.25815838602387,-15.306163263762638],[128.12837921647218,-15.183568382613828],[128.10020651418515,-15.250031337843378],[128.12837921647218,-15.291699822728226],[128.1145237891179,-15.428069409624097],[128.0683390312703,-15.492121791347913],[127.99860004692047,-15.517949364623647],[128.0193831879519,-15.494187997209973],[128.05263621360214,-15.479380188531884],[128.0895840198802,-15.39018896881969],[128.0401663289833,-15.292732925659259],[128.09281695292952,-15.281024425774259],[128.07480489736898,-15.104019456924568],[128.1390017107771,-14.870882562155622],[128.11868041732419,-14.861240268132683],[128.1925760298803,-14.838512003650038],[128.18380092588927,-14.744155269282693],[128.21843949427495,-14.754486298592987],[128.22167242732428,-14.721082637156371],[128.06926272642727,-14.650142902559026],[127.99305787597876,-14.556130535835358],[127.9524152890729,-14.58609052083521],[127.92747551983521,-14.557852374053741],[127.94918235602357,-14.524104344973452],[127.88036706683067,-14.470727360203604],[127.85034697422975,-14.484502065950661],[127.82864013804138,-14.402542566755667],[127.788459398714,-14.388423493364936],[127.78199353261533,-14.350543052560525],[127.76074854400545,-14.367072699456994],[127.77968429472295,-14.333324670376705],[127.68315815082151,-14.243444715377155],[127.66976457104572,-14.190412098250984],[127.55661191431915,-14.10466455497555],[127.52382073624737,-14.119816731297313],[127.52382073624737,-14.069194687676877],[127.48271630176302,-14.085035599285995],[127.4526962091621,-14.058863658366583],[127.46701348409485,-14.001009894228943],[127.43006567781678,-13.942811762447626],[127.4106680795208,-13.961407615206152],[127.34739496126961,-13.906653159861598],[127.32199334445345,-13.914573615666157],[127.34554757095572,-13.9548646299763],[127.31829856382565,-13.961063247562475],[127.2467121891619,-13.900454542275423],[127.20791699256993,-13.97346048273483],[127.19082863216633,-13.90389821871219],[127.14279648400485,-13.982414041470417],[127.09384064068641,-13.927315218482185],[127.10307759225593,-13.884269263022631],[127.06058761503616,-13.908030630436304],[127.08137075606757,-13.83984583698837],[127.0444229497895,-13.848799395723958],[127.04719403526036,-13.805753440264404],[127.00608960077602,-13.823660557735579],[127.03056752243523,-13.80403160204602],[126.96313777597777,-13.741701058540585],[126.91418193265933,-13.741356690896911],[126.94420202526025,-13.767528631816319],[126.92157149391494,-13.776137822908229],[126.85137066198662,-13.758230705437054],[126.873077498175,-13.798866087390874],[126.84213371041712,-13.817117572505726],[126.81857948391485,-13.769250470034702],[126.76639070754709,-13.776482190551906],[126.7432983286233,-13.79163436687367],[126.80564775171753,-13.930414527275275],[126.90540682866829,-13.985168982619825],[126.8384389297893,-13.971049909229095],[126.8098043799238,-13.997910585435854],[126.7506878898789,-13.972083012160123],[126.72898105369055,-13.996533114861148],[126.70588867476675,-13.97346048273483],[126.70173204656047,-14.021327585205853],[126.75392082292824,-14.011340923539237],[126.76269592691928,-14.050254467274673],[126.72297703517036,-14.065062275952759],[126.69388063772638,-14.134624539975402],[126.68926216194163,-14.09123421687217],[126.64492479440796,-14.077115143481436],[126.6513906605066,-14.173538083710838],[126.60705329297294,-14.18008106894069],[126.60151112203123,-14.235868627216274],[126.56502516333164,-14.21692840681407],[126.56964363911639,-14.139790054630549],[126.51560747243474,-14.157352804458046],[126.4989809596096,-14.130147760607606],[126.52530627158272,-14.081591922849228],[126.47865966615667,-14.109485701987019],[126.4495632687127,-14.083658128711289],[126.5659488584886,-13.9548646299763],[126.53685246104462,-13.93454693899939],[126.48512553225532,-13.995844379573796],[126.43847892682928,-13.98275840911409],[126.39645079718798,-14.014784599976],[126.3941415592956,-14.051631937849379],[126.33410137409375,-14.049910099630996],[126.34518571597717,-14.098121569745697],[126.31424192821929,-14.097432834458345],[126.29761541539416,-14.138756951699516],[126.36088853364535,-14.190067730607307],[126.3008483484435,-14.233458053710539],[126.26990456068562,-14.236557362503625],[126.27267564615647,-14.207286112791127],[126.25373989543897,-14.239312303653037],[126.21586839400395,-14.236557362503625],[126.24311740113401,-14.175604289572895],[126.18584830140303,-14.166995098480985],[126.21402100369005,-14.076426408194084],[126.16552700795009,-14.114306848998492],[126.17014548373484,-14.082280658136582],[126.1918523199232,-14.066439746527465],[126.15074788543886,-14.080214452274525],[126.16044668458686,-14.057486187791877],[126.21725393673937,-14.043022746757469],[126.20062742391424,-14.001009894228943],[126.1442820193402,-14.015128967619678],[126.21586839400395,-13.967606232792328],[126.18723384413845,-13.968294968079682],[126.10964345095452,-14.028214938079383],[126.1308884395644,-13.986890820838209],[126.15859929427295,-13.970016806298062],[126.12626996377965,-13.964162556355564],[126.15859929427295,-13.914917983309834],[126.13227398229984,-13.944533600666006],[126.08562737687377,-13.945566703597038],[126.0948643284433,-13.895289027620276],[126.06253499794998,-13.942811762447626],[126.01126991673917,-13.925593380263802],[126.10733421306213,-13.976904159171593],[126.10271573727738,-14.040956540895408],[126.03805707629077,-13.981380938539385],[126.02189241104412,-13.996877482504825],[126.05606913185133,-14.026493099861],[126.02651088682887,-14.016850805838057],[126.01034622158222,-14.065406643596436],[125.9840209096091,-13.98964576198762],[125.97616950077501,-14.039579070320706],[125.99325786117862,-14.068161584745848],[126.03251490534906,-14.09502226095261],[126.10456312759128,-14.07573767290673],[126.16968363615636,-14.146333039860398],[126.14104908629088,-14.15769717210172],[126.15998483700838,-14.176637392503928],[126.13319767745678,-14.231391847848478],[126.05329804638048,-14.254120112331123],[126.08839846234463,-14.35123178784788],[125.9766313483535,-14.393244640376405],[125.98540645234453,-14.419416581295813],[126.01958317315174,-14.411496125491254],[126.05098880848809,-14.529614227272273],[126.01542654494546,-14.519627565605656],[126.00018557485575,-14.55509743290433],[125.96462331131312,-14.519283197961979],[125.92074779135793,-14.537190315433154],[125.90273573579736,-14.576448226812268],[125.93691245660457,-14.642911182041821],[125.91012529705297,-14.661507034800348],[125.83068751355515,-14.585057417904181],[125.85008511185113,-14.535812844858448],[125.81729393377934,-14.497588036410363],[125.85932206342065,-14.474859771927719],[125.80251481126813,-14.478992183651837],[125.80620959189592,-14.444211051640519],[125.70875975283754,-14.486568271812718],[125.64687217732178,-14.648076696696968],[125.68890030696308,-14.499309874628747],[125.65149065310653,-14.386012919859198],[125.6695027086671,-14.331602832158321],[125.72630996081962,-14.341933861468615],[125.69721356337564,-14.325404214572146],[125.73000474144742,-14.280980788537885],[125.70321758189583,-14.304053420664207],[125.64871956763568,-14.243444715377155],[125.64133000638007,-14.265828612216122],[125.6293219693397,-14.233458053710539],[125.59606894368945,-14.23724609779098],[125.60807698072982,-14.262384935779359],[125.57390025992261,-14.261696200492004],[125.5988400291603,-14.273749068020681],[125.58867938243384,-14.369827640606406],[125.62193240808409,-14.41287359606596],[125.58821753485536,-14.5058528598586],[125.61361915167153,-14.510674006870069],[125.57251471718718,-14.547521344743448],[125.59930187673878,-14.56267352106521],[125.53464321575217,-14.564050991639917],[125.5605066801468,-14.514806418594187],[125.52032594081942,-14.500342977559775],[125.48845845790458,-14.519283197961979],[125.49122954337544,-14.560262947559476],[125.46675162171623,-14.535468477214774],[125.48337813454135,-14.568183403364035],[125.45243434678348,-14.57920316796168],[125.4635186886669,-14.605375108881091],[125.43719337669377,-14.59469971192712],[125.42980381543816,-14.641533711467115],[125.41040621714218,-14.545799506525064],[125.35452266014661,-14.58402431497315],[125.3642214592946,-14.5058528598586],[125.34759494646947,-14.564739726927272],[125.32588811028111,-14.584368682616827],[125.30048649346494,-14.558196741697419],[125.25661097350974,-14.629825211582116],[125.20442219714198,-14.651520373133732],[125.28847845642457,-14.623282226352263],[125.30833790229903,-14.649798534915348],[125.26076760171603,-14.657718990719907],[125.26215314445145,-14.69318885801858],[125.21273545355454,-14.668738755317555],[125.18918122705227,-14.746910210432105],[125.14161092646927,-14.747598945719457],[125.16701254328544,-14.79064490117901],[125.20534589229894,-14.790989268822688],[125.18410090368904,-14.826803503765039],[125.20996436808369,-14.865028312213123],[125.2441410888909,-14.831624650776508],[125.23536598489986,-14.867438885718858],[125.28663106611067,-14.852975444684446],[125.33420136669368,-14.881213591465915],[125.29448247494476,-14.938034252672526],[125.25614912593127,-14.899809444224442],[125.2136591487115,-14.969716075890759],[125.2575346686667,-14.943888502615028],[125.25430173561736,-14.978325266982669],[125.30464312167122,-14.961795620086203],[125.28570737095372,-14.999331693246933],[125.36514515445155,-14.991411237442374],[125.38592829548296,-15.032390987039872],[125.40902067440675,-14.998642957959579],[125.42102871144712,-15.0217155900859],[125.48153074422746,-14.998642957959579],[125.37530580117802,-15.052708678016781],[125.40209296072962,-15.08473486887869],[125.35775559319595,-15.108496236292364],[125.48153074422746,-15.154641500545004],[125.33512506185062,-15.16290632399324],[125.28247443790438,-15.14362173594736],[125.28108889516896,-15.09747647169472],[125.16331776265764,-15.151197824108241],[125.12544626122262,-15.043410751637516],[125.07233378969791,-15.064761545545455],[125.0741811800118,-14.975914693476934],[125.05570727687278,-14.99967606089061],[125.01183175691757,-14.983146413994142],[125.04785586803868,-15.07715878071781],[125.02984381247813,-15.113317383303833],[125.0113699093391,-15.093344059970601],[124.97442210306104,-15.135356912499127],[124.9102252896529,-15.10677439807398],[124.8340204392044,-15.158085176981771],[124.8377152198322,-15.18322401497015],[124.89636986229863,-15.173581720947212],[124.8645023793838,-15.19493251485515],[124.86865900759008,-15.243488352613525],[124.89175138651387,-15.230402382153823],[124.87558672126721,-15.262084205372055],[124.94394016288163,-15.21318399997],[124.93516505889059,-15.187356426694269],[124.97118917001171,-15.20836285295853],[124.97026547485476,-15.164283794567947],[124.99474339651397,-15.161873221062212],[124.99289600620007,-15.197687456004562],[125.01367914723147,-15.154641500545004],[125.05616912445126,-15.164283794567947],[125.00582773839739,-15.241766514395145],[124.9693417796978,-15.21215089703897],[124.9273136500565,-15.229369279222794],[124.87604856884569,-15.30203085203852],[124.89775540503406,-15.339911292842928],[124.9790405788458,-15.32923589588896],[125.03076750763509,-15.274825808188083],[125.08110889368895,-15.314428087210874],[125.07325748485485,-15.253819381923819],[125.08988399767998,-15.24796513198132],[125.10050649198493,-15.285845572785728],[125.11898039512396,-15.255541220142202],[125.08849845494456,-15.33784508698087],[125.15777559171592,-15.306163263762638],[125.16424145781458,-15.330613366463666],[125.09080769283693,-15.35506346916469],[125.07002455180552,-15.44012227715277],[125.42102871144712,-15.695987436404366],[125.2252053381734,-15.572359452324523],[125.08849845494456,-15.463194909279093],[125.04693217288174,-15.473870306233064],[125.0169120802808,-15.54481004083041],[125.00213295776959,-15.51760499697997],[125.01829762301624,-15.471459732727329],[124.99936187229873,-15.510373276462765],[124.98689198767988,-15.505896497094973],[124.9961289392494,-15.47696961502615],[124.95271526687267,-15.489366850198504],[124.9522534192942,-15.47524777680777],[125.00305665292653,-15.448387100601007],[124.9790405788458,-15.40947355686557],[124.87558672126721,-15.343354969279694],[124.84787586655867,-15.35334163094631],[124.84695217140172,-15.298931543245434],[124.82201240216403,-15.312017513705136],[124.83124935373354,-15.325792219452197],[124.78321720557206,-15.294454763877638],[124.75319711297114,-15.35437473387734],[124.73610875256753,-15.343010601636017],[124.77074732095322,-15.30203085203852],[124.70516496480965,-15.253475014280145],[124.70147018418184,-15.278269484624847],[124.67468302463026,-15.255196852498525],[124.66729346337465,-15.2965209697397],[124.70701235512355,-15.320971072440724],[124.66175129243294,-15.324759116521165],[124.6622131400114,-15.35506346916469],[124.74488385655857,-15.36195082203822],[124.67606856736568,-15.400519998129983],[124.67422117705178,-15.497976041290414],[124.64558662718628,-15.424625733187334],[124.61787577247773,-15.465949850428505],[124.62896011436115,-15.525525452784528],[124.51811669552696,-15.468704791577917],[124.44653032086322,-15.506240864738647],[124.49271507871079,-15.486267541405415],[124.51026528669287,-15.52518108514085],[124.4964098593386,-15.51657189404894],[124.4867110601906,-15.49728730600306],[124.41743392341924,-15.549286820198201],[124.40450219122192,-15.615061040140404],[124.45391988211883,-15.591988408014082],[124.50056648754489,-15.636756201692016],[124.4525343393834,-15.616094143071432],[124.45022510149101,-15.60266380496805],[124.44375923539236,-15.669815495484954],[124.4142009903699,-15.637100569335693],[124.41281544763449,-15.681523995369954],[124.36893992767928,-15.671881701347015],[124.39757447754478,-15.725947421404214],[124.4372933692937,-15.711483980369806],[124.4238997895179,-15.732490406634067],[124.39572708723088,-15.731112936059361],[124.38602828808288,-15.717682597955982],[124.40912066700668,-15.863694478874791],[124.4391407596076,-15.87023746410464],[124.44329738781389,-15.809284391173911],[124.46130944337445,-15.803085773587735],[124.47655041346414,-15.82030415577156],[124.46084759579597,-15.854052184851849],[124.49918094480945,-15.889866419794199],[124.47885965135652,-15.893310096230962],[124.47470302315024,-15.88573400807008],[124.47655041346414,-15.941521566345664],[124.51257452458525,-15.93428984582846],[124.49871909723097,-15.997997859908601],[124.63265489498896,-15.778980038530385],[124.70470311723118,-15.741099597725977],[124.6756067197872,-15.784834288472886],[124.7042412696527,-15.750053156461565],[124.74165092350924,-15.822370361633617],[124.70470311723118,-15.814105538185384],[124.68161073830738,-15.88883331686317],[124.65436173117732,-15.853707817208171],[124.60771512575127,-15.891243890368905],[124.6261890288903,-15.920859507725076],[124.59847817418175,-15.967693507265075],[124.64281554171542,-15.988355565885659],[124.58877937503375,-15.973547757207573],[124.58831752745527,-16.109572976459766],[124.64697216992171,-16.098208844218444],[124.5994018693387,-16.12748009393094],[124.56060667274673,-16.119559638126383],[124.5079560488005,-16.20599591668917],[124.51396006732068,-16.164671799447994],[124.45853835790359,-16.102685623586236],[124.47701226104262,-16.078579888528886],[124.44422108297084,-16.06549391806918],[124.43452228382284,-16.17879087283873],[124.39849817270174,-16.169492946459464],[124.37910057440575,-16.216671313643136],[124.40773512427126,-16.250763710367103],[124.39434154449545,-16.338577459504595],[124.42436163709638,-16.35958388576886],[124.5707673194732,-16.32927953312533],[124.69361877534776,-16.34477607709077],[124.81462284090841,-16.41640454697547],[124.90145018566186,-16.416060179331794],[124.95317711445115,-16.371292385653856],[124.94763494350944,-16.39333191484915],[124.91715300333004,-16.420881326343263],[124.84048630530306,-16.434311664446646],[124.74534570413705,-16.389888238412386],[124.44930140633407,-16.410894664676647],[124.38741383081832,-16.345464812378125],[124.33661059718598,-16.418815120481206],[124.38879937355374,-16.415371444044442],[124.40265480090801,-16.46978153174532],[124.46823715705158,-16.49870841381414],[124.42990380803809,-16.49836404617046],[124.41050620974211,-16.5431318398484],[124.39018491628917,-16.44533142904429],[124.3190603892039,-16.46874842881429],[124.32506440772408,-16.415027076400765],[124.22253424530246,-16.41847075283753],[124.1795824205042,-16.309650577435775],[124.12462255866559,-16.280379327723278],[123.99992371247713,-16.264882783757837],[123.90986343467435,-16.210128328413283],[123.99992371247713,-16.2917434599646],[123.93341766117662,-16.297597709907098],[123.98745382785829,-16.370603650366505],[123.88399997027972,-16.30414069513695],[123.91679114835149,-16.352352165251652],[123.88584736059362,-16.342709871228713],[123.90893973951741,-16.363027562205623],[123.88446181785818,-16.353729635826358],[123.90016463552637,-16.422947532205324],[123.8669116098761,-16.412960870538704],[123.87106823808239,-16.447053267262675],[123.8364296696967,-16.354418371113713],[123.87614856144562,-16.37783537088371],[123.86598791471916,-16.327902062550628],[123.79624893036932,-16.316193562665628],[123.74082722095221,-16.263160945539457],[123.79671077794778,-16.263160945539457],[123.77177100871009,-16.215982578355785],[123.81472283350834,-16.219770622436226],[123.77038546597467,-16.170526049390496],[123.7029557195172,-16.12851319686197],[123.72835733633337,-16.156751343643435],[123.7029557195172,-16.153996402494027],[123.70157017678177,-16.19015500508005],[123.69325692036921,-16.151241461344615],[123.55655003714038,-16.1777577699077],[123.61659022234223,-16.26178347496475],[123.57594763543636,-16.245253828068282],[123.59950186193862,-16.264194048470486],[123.55008417104172,-16.28313426887269],[123.59857816678168,-16.32273654789548],[123.62721271664718,-16.290365989389894],[123.71681114687148,-16.372325488584888],[123.66369867534677,-16.383345253182533],[123.62906010696108,-16.356828944619448],[123.6974135485755,-16.414682708757088],[123.66554606566066,-16.43672223795238],[123.50897973655736,-16.380245944389443],[123.51128897444976,-16.391265708987092],[123.58241350153503,-16.427768679216793],[123.50528495592957,-16.419848223412234],[123.66277498018981,-16.491132325653258],[123.5828753491135,-16.49870841381414],[123.64291553431535,-16.530045869388694],[123.47341747301473,-16.470125899388993],[123.49650985193853,-16.514549325423253],[123.42861825790258,-16.49870841381414],[123.42861825790258,-16.51110564898649],[123.46787530207303,-16.518337369503694],[123.51359821234213,-16.56827067783678],[123.51175082202823,-16.597886295192954],[123.5177548405484,-16.56620447197472],[123.54223276220763,-16.57205872191722],[123.52606809696098,-16.544509310423106],[123.6152046796068,-16.554495972089722],[123.56347775081751,-16.58824400117001],[123.57410024512245,-16.62509133904339],[123.50297571803719,-16.658839368123683],[123.61797576507766,-16.679501426744267],[123.71173082350825,-16.75285173484735],[123.79624893036932,-16.911949586225862],[123.94219276516766,-16.85202961622616],[123.95142971673718,-16.818281587145872],[123.95928112557127,-16.85237398386984],[123.79624893036932,-17.003895747087473],[123.82950195601957,-17.134755451684516],[123.9126345201452,-17.21189380386804],[123.86229313409135,-17.21671495087951],[123.64799585767858,-16.999763335363355],[123.58333719669197,-17.03316699679997],[123.64614846736468,-17.18400002473025],[123.56440144597447,-17.405772787257874],[123.5999637095171,-17.515626065590656],[123.58056611122112,-17.584155226682267],[123.51406005992061,-17.418514390073902],[123.39259414678148,-17.316237199901998],[123.38335719521196,-17.240131950649506],[123.29052583193833,-17.10755040783408],[123.26327682480826,-17.011816202892028],[123.14920047292473,-16.92469118904189],[123.1612085099651,-16.817937219502195],[123.10255386749868,-16.783844822778228],[123.13903982619827,-16.688454985479854],[123.09424061108612,-16.70911704410044],[123.08361811678117,-16.66469361806618],[123.05082693870939,-16.69086555898559],[123.03881890166902,-16.62130329496295],[123.02311608400085,-16.604429280422806],[122.99586707687078,-16.640932250652508],[122.99632892444924,-16.602018706917068],[122.95430079480795,-16.57997917772178],[123.00787511391114,-16.528324031170314],[122.97092730763308,-16.516271163641637],[122.98293534467345,-16.464960384733846],[123.0448229201892,-16.473913943469434],[123.07669040310404,-16.44051028203282],[123.01480282758828,-16.4057291500215],[123.03881890166902,-16.359239518125182],[122.98247349709497,-16.4057291500215],[122.98755382045822,-16.3809346796768],[122.92520439736398,-16.38954387076871],[122.90442125633257,-16.488377384503845],[122.85407987027871,-16.512827487204873],[122.88409996287963,-16.53039023703237],[122.79496338023381,-16.571714354273542],[122.81020435032352,-16.545198045710457],[122.77140915373154,-16.590310207032072],[122.7418509087091,-16.683289470824707],[122.7626340497405,-16.710494514675148],[122.78434088592887,-16.696031073640736],[122.77556578193783,-16.735633352663527],[122.83837705261053,-16.744586911399114],[122.84576661386615,-16.792109646226464],[122.78156980045802,-16.747341852548526],[122.78665012382125,-16.771791955249554],[122.77371839162393,-16.751474264272645],[122.74277460386605,-16.77213632289323],[122.75755372637727,-16.74596438197382],[122.63747335597357,-16.800718837318374],[122.57928056108562,-16.762149661226612],[122.55341709669098,-16.805195616686166],[122.57142915225153,-16.836188704617047],[122.534019498395,-16.8368774399044],[122.6120717391574,-16.96532657099571],[122.55387894426946,-16.96222726220262],[122.52755363229633,-16.947763821168213],[122.50815603400035,-16.954306806398066],[122.48044517929179,-16.894731204042042],[122.48090702687027,-16.981511850248502],[122.43102748839489,-16.983233688466886],[122.46982268498685,-16.93639968892689],[122.36636882740828,-16.997697129501297],[122.25321617068171,-17.11994764300643],[122.31787483166832,-17.129589937029372],[122.28831658664588,-17.13957659869599],[122.31879852682528,-17.158861186741866],[122.25183062794629,-17.157483716167164],[122.22642901113012,-17.186410598235984],[122.21118804104042,-17.240476318293183],[122.1733165396054,-17.263548950419505],[122.14514383731839,-17.560393859268594],[122.19964185157852,-17.684710578635787],[122.21303543135431,-17.87376841501415],[122.17516392991931,-17.973979399323994],[122.20703141283414,-18.008760531335312],[122.25044508521086,-17.95228423777238],[122.37791501687018,-17.98982031093311],[122.37006360803609,-18.116547603806037],[122.31510374619747,-18.17233516208162],[122.21442097408975,-18.20401698529985],[122.19964185157852,-18.249817881908818],[122.06339681592817,-18.32592313116131],[121.94654937857379,-18.43922008593086],[121.87219191843919,-18.471590644436446],[121.81538466628668,-18.451272953459537],[121.78905935431355,-18.484332247252475],[121.81723205660057,-18.491908335413356],[121.79506337283374,-18.51842464397644],[121.79090674462745,-18.50396120294203],[121.72948101669017,-18.57558967282673],[121.79090674462745,-18.60933770190702],[121.79321598251983,-18.657204804378043],[121.74102720615207,-18.704727539205393],[121.61817575027752,-18.706449377423773],[121.65558540413404,-18.76705808271083],[121.65327616624167,-18.835931611446114],[121.64265367193673,-18.81802449397494],[121.60293478018781,-18.86933527288273],[121.57614762063622,-18.94750672799728],[121.60016369471695,-18.940619375123752],[121.57799501095012,-18.950950404434046],[121.55305524171243,-18.943374316273164],[121.51102711207113,-19.093862976559766],[121.33321579435795,-19.341807680006802],[121.11383819458194,-19.538441604546044],[120.63120747507476,-19.77020102874029],[120.19614705615056,-19.913802336153363],[119.86638788511885,-19.969589894428946],[119.7643195702757,-19.95547082103821],[119.72506252610526,-20.02606618799188],[119.69688982381824,-20.035019746727468],[119.70104645202453,-19.995073100061003],[119.56941989215893,-20.080476275692757],[119.47104635794359,-20.00574849701497],[119.17176912709128,-19.95650392396924],[119.17223097466976,-20.007814702877027],[119.20686954305543,-20.023655614486145],[119.16068478520786,-20.012291482244823],[119.09972090484905,-19.959258865118652],[119.0683152695127,-20.01539079103791],[118.9939578093781,-20.03570848201482],[118.95931924099241,-20.126965907589078],[118.8965079703197,-20.167601289542894],[118.8604838591986,-20.225455053680538],[118.87803406718068,-20.242673435864358],[118.88265254296543,-20.261269288622888],[118.86972081076811,-20.25334883281833],[118.87433928655287,-20.242329068220684],[118.84200995605957,-20.230620568335684],[118.8452428891089,-20.286408126611267],[118.76811434350344,-20.281586979599798],[118.66558418108181,-20.3428844201742],[118.59815443462435,-20.286408126611267],[118.57321466538666,-20.31602374396744],[118.6295600699607,-20.33427522908229],[118.57875683632837,-20.35769222885229],[118.57460020812209,-20.328076611496115],[118.55196967677678,-20.346328096610968],[118.56213032350324,-20.294328582415826],[118.50624676650767,-20.348738670116703],[118.48731101579017,-20.326010405634058],[118.47945960695607,-20.329109714427144],[118.48915840610407,-20.351149243622437],[118.41664833628337,-20.339440743737438],[118.36353586475866,-20.373877508105082],[118.34598565677658,-20.3297984497145],[118.28871655704557,-20.348738670116703],[118.31827480206803,-20.36526831701317],[118.21528279206792,-20.370778199311992],[118.19634704135042,-20.40383749310493],[118.20558399291994,-20.376288081610817],[118.16494140601407,-20.38283106684067],[118.20004182197823,-20.369056361093612],[118.18156791883919,-20.336341434944348],[117.96542325211253,-20.49096250695507],[117.94094533045332,-20.479942742357423],[117.9317083788838,-20.526432374253744],[117.96172847148472,-20.506803418564186],[117.94279272076722,-20.536763403564034],[117.97096542305424,-20.525054903679038],[117.97512205126051,-20.550538109311095],[117.94186902561026,-20.567067756207564],[117.91970034184342,-20.543650756437565],[117.91231078058782,-20.576710050230503],[117.88182884040842,-20.5519155798858],[117.89799350565507,-20.585319241322413],[117.77421835462356,-20.663490696436966],[117.80978061816619,-20.674166093390934],[117.70401752269524,-20.694483784367844],[117.68046329619297,-20.666590005230052],[117.65644722211223,-20.715490210632108],[117.6282745198252,-20.708947225402255],[117.641668099601,-20.677954137471374],[117.61672833036332,-20.68725206385064],[117.63058375771759,-20.66383506408064],[117.59502149417494,-20.70378171074711],[117.44261179327793,-20.73064238695387],[117.45739091578916,-20.757158695516956],[117.39504149269493,-20.73064238695387],[117.38164791291914,-20.784363739367393],[117.36963987587876,-20.734086063390635],[117.3497804300043,-20.778853857068572],[117.34747119211193,-20.735807901609018],[117.22323419350194,-20.6951725196552],[117.21630647982481,-20.72478813701137],[117.19506149121491,-20.68036471097711],[117.17196911229112,-20.70068240195402],[117.20060366215662,-20.666590005230052],[117.15672814220143,-20.657292078850787],[117.1992181194212,-20.631808873218734],[117.18259160659608,-20.592206594195943],[117.12809359233593,-20.65453713770138],[117.0943787191072,-20.623888417414175],[117.03895700969011,-20.66762310816108],[116.99000116637167,-20.65832518178182],[116.91980033444335,-20.740629048620487],[116.92349511507116,-20.71239090183902],[116.82835451390514,-20.708602857758578],[116.7872500794208,-20.665212534655346],[116.86761155807558,-20.526088006610067],[116.81126615350153,-20.529187315403153],[116.74660749251493,-20.62147784390844],[116.76508139565397,-20.633186343793437],[116.64269178735788,-20.704814813678137],[116.68887654520546,-20.705847916609166],[116.68471991699917,-20.72306629879299],[116.6422299397794,-20.722033195861957],[116.66393677596777,-20.74131778390784],[116.62976005516056,-20.732019857528577],[116.63068375031752,-20.710669063620635],[116.60204920045202,-20.72788744580446],[116.63668776883769,-20.67485482867829],[116.57895682152822,-20.69207321086211],[116.60528213350135,-20.75371501908019],[116.52584435000351,-20.75302628379284],[116.5355431491515,-20.78539684229842],[116.44224993829938,-20.82431038603386],[116.45379612776128,-20.84462807701077],[116.39883626592267,-20.8222441801718],[116.28614545677458,-20.88147541488415],[116.20439843538436,-20.833608312413123],[116.19100485560857,-20.888362767757677],[116.2265671191512,-20.883541620746207],[116.18961931287313,-20.901448738217383],[116.18823377013771,-20.967911693446936],[116.1462056404964,-21.01267948712487],[116.10325381569817,-21.000970987239874],[116.10510120601207,-21.03781832511325],[116.09355501655017,-21.02438798700987],[116.09724979717798,-21.00028225195252],[115.91805293672937,-21.078798074710747],[115.83122559197592,-21.25132626419264],[115.79196854780548,-21.246505117181172],[115.77949866318664,-21.288517969709698],[115.78365529139292,-21.256836146491466],[115.75271150363504,-21.284041190341902],[115.75640628426285,-21.253736837698376],[115.6524905791058,-21.315723013560135],[115.66218937825379,-21.34223932212322],[115.65295242668428,-21.346371733847338],[115.64048254206543,-21.327087145801457],[115.58875561327613,-21.379775395283954],[115.59753071726718,-21.41076848321483],[115.5836752899129,-21.3849409099391],[115.55088411184113,-21.41317905672057],[115.56566323435234,-21.457258115111152],[115.54903672152722,-21.43487421827218],[115.50977967735678,-21.457946850398503],[115.51070337251373,-21.524754173271734],[115.4751411089711,-21.50581395286953],[115.4922294693747,-21.545760599535996],[115.46775154771548,-21.514767511605115],[115.46405676708768,-21.5471380701107],[115.4465065591056,-21.54369439367394],[115.44327362605627,-21.533018996719967],[115.45851459614597,-21.527509114421143],[115.45712905341054,-21.50856889401894],[115.29825348641486,-21.593972069650697],[115.2423699294193,-21.576753687466876],[115.14214900489006,-21.659057554305544],[115.1088959792398,-21.631852510455104],[115.04054253762538,-21.692116848098483],[114.94540193645938,-21.6903950098801],[114.97311279116792,-21.669732951259512],[114.9144581487015,-21.68832880401804],[114.6987753295533,-21.813678626316264],[114.6853817497775,-21.867744346373463],[114.68630544493446,-21.832963214362145],[114.64797209592096,-21.84467171424714],[114.64242992497925,-21.90941283125831],[114.66413676116761,-21.910445934189344],[114.62164678394785,-21.935929139821397],[114.60594396627967,-22.006868874418743],[114.57038170273704,-22.0017033597636],[114.57453833094331,-22.04371621229212],[114.55883551327514,-22.020299212522126],[114.55144595201952,-22.06644447677477],[114.51726923121232,-22.06644447677477],[114.5080322796428,-22.183529475624756],[114.45584350327503,-22.159423740567405],[114.50064271838718,-22.220376813498135],[114.45307241780418,-22.207979578325784],[114.48170696766968,-22.251369901429015],[114.45122502749028,-22.23828393096931],[114.47247001610016,-22.264455871888718],[114.4299800388804,-22.275475636486366],[114.46092382663828,-22.329196988899888],[114.4336748195082,-22.29510459217592],[114.40873505027051,-22.33126319476195],[114.45168687506876,-22.362600650336503],[114.40688765995661,-22.350892150451504],[114.39626516565167,-22.382918341313413],[114.42351417278174,-22.39565994412944],[114.3934940801808,-22.390838797117972],[114.40550211722118,-22.439050267232673],[114.380100500405,-22.44111647309473],[114.40365472690728,-22.4693546198762],[114.34038160865609,-22.516188619416194],[114.31728922973231,-22.440772105451053],[114.28218881376814,-22.433884752577526],[114.1436345402254,-22.538228148611488],[114.12192770403705,-22.41597763510635],[114.1782731086111,-22.35330272395724],[114.1782731086111,-22.305435621486215],[114.11592368551686,-22.33126319476195],[114.13301204592047,-22.26170093073931],[114.08036142197423,-22.15425822591226],[114.14871486358864,-21.866711243442435],[114.19120484080841,-21.814711729247293],[114.16534137641376,-21.785784847178473],[114.02401601740019,-21.851214699476994],[113.93349389201893,-21.973120845338453],[113.73767051874519,-22.471076458094583],[113.65407610704108,-22.578863530565307],[113.68640543753438,-22.66426670619706],[113.6707026198662,-22.717299323323232],[113.75522072672727,-22.75621286705867],[113.82634525381255,-22.955946100391003],[113.81248982645828,-23.08267339326393],[113.7603010500905,-23.121242569355694],[113.79447777089771,-23.296181332343323],[113.77831310565107,-23.478007448204483],[113.6134335201352,-23.63090668199682],[113.53168649874499,-23.77485235705357],[113.47026077080771,-23.89848034113341],[113.45871458134582,-24.013499134121343],[113.42222862264623,-24.042770383833837],[113.44347361125612,-24.181550544235442],[113.3903611397314,-24.223907764407645],[113.40698765255654,-24.48424970302703],[113.6231323192832,-24.745969112221122],[113.61759014834149,-24.858577331703316],[113.70672673098731,-24.85065687589876],[113.64437730789308,-24.878206287392874],[113.69194760847608,-24.928483963369633],[113.66608414408145,-25.022840697736978],[113.71226890192902,-25.103422726357262],[113.81710830224303,-25.173673725667257],[114.00415657152573,-25.618596721297212],[114.26694784367844,-25.887892218652187],[114.26510045336454,-25.98224895301953],[114.24524100749008,-25.992579982329822],[114.22353417130172,-25.987414467674675],[114.21845384793849,-25.96881861491615],[114.19443777385774,-25.983626423594234],[114.25493980663808,-26.144790480834807],[114.22538156161562,-26.165108171811717],[114.22353417130172,-26.118962907559077],[114.18843375533756,-26.18026034813348],[114.23785144623447,-26.31284189094891],[114.21014059152593,-26.372073125661256],[114.07666664134642,-26.4664298600286],[113.97275093618937,-26.342457508305085],[113.93441758717587,-26.204021715547157],[113.9473493193732,-26.143068642616427],[113.91086336067362,-26.12240658399584],[113.89331315269153,-26.035281570145703],[113.91455814130141,-25.982593320663206],[113.87714848744488,-25.945057247502476],[113.88361435354354,-26.060076040490404],[113.83742959569597,-26.13859186324863],[113.83512035780359,-26.11551923112231],[113.81341352161522,-26.178882877558774],[113.77415647744478,-26.2150414801448],[113.75337333641338,-26.185081495144953],[113.70303195035952,-26.19988930382304],[113.72843356717567,-26.18714770100701],[113.69979901731018,-26.04492386416864],[113.73443758569586,-26.013586408594087],[113.76168659282594,-25.878594292272922],[113.72150585349854,-25.867918895318954],[113.72196770107702,-25.793535484284842],[113.60650580645807,-25.714330926239263],[113.5811041896419,-25.620662927159273],[113.52522063264634,-25.607921324343245],[113.51090335771359,-25.503233560665606],[113.43192742179423,-25.625828441814416],[113.41437721381214,-25.724661955549557],[113.46933707565076,-25.785615028480283],[113.44485915399154,-25.70950977922779],[113.47257000870009,-25.709165411584117],[113.47857402722028,-25.78320445497455],[113.46102381923819,-25.80937639589396],[113.55893550587507,-25.94643471807718],[113.58018049448495,-26.09726774600746],[113.62082308139082,-26.1010557900879],[113.68825282784829,-26.217452053650536],[113.79771070394705,-26.252233185661858],[113.88084326807268,-26.335225787787877],[113.8826906583866,-26.508442712557127],[113.80787135067351,-26.611064270372704],[113.76953800166002,-26.587302902959028],[113.73859421390215,-26.617607255602557],[113.68686728511285,-26.60176634399344],[113.70487934067341,-26.662030681636818],[113.66423675376754,-26.67442791680917],[113.66377490618906,-26.596256461694615],[113.6420680700007,-26.619329093820937],[113.62544155717558,-26.571117623706236],[113.63052188053881,-26.46333055123551],[113.61851384349845,-26.518429374223743],[113.61389536771368,-26.489502492154923],[113.59357407426074,-26.51188638899389],[113.59819255004551,-26.61416357916579],[113.55801181071811,-26.573872564855648],[113.5774094090141,-26.504654668476686],[113.5372286696867,-26.279438229512294],[113.49381499730998,-26.310431317443175],[113.52845356569566,-26.36208646399464],[113.48642543605436,-26.48468134514345],[113.5067467295073,-26.363808302213023],[113.36357398017981,-26.017374452674527],[113.3866663591036,-26.212630906639067],[113.36449767533676,-26.210564700777006],[113.33632497304974,-26.30044465577656],[113.35479887618877,-26.300789023420233],[113.39405592035921,-26.39307955192552]],[[113.39451776793769,-26.393423919569194],[113.39775070098702,-26.395490125431255],[113.4000599388794,-26.4182183899139],[113.39451776793769,-26.393423919569194]],[[117.97696944157443,-34.951648600216004],[117.97373650852509,-34.9385626297563],[117.98158791735918,-34.939940100331],[117.97696944157443,-34.951648600216004]],[[125.03492413584137,-15.517949364623647],[125.04416108741088,-15.518982467554675],[125.03954261162612,-15.521737408704087],[125.03492413584137,-15.517949364623647]],[[121.79460152525526,-18.52014648219482],[121.79829630588307,-18.530133143861438],[121.7881356591566,-18.53770923202232],[121.79460152525526,-18.52014648219482]],[[118.85032321247213,-20.288818700117],[118.8604838591986,-20.28193134724347],[118.85494168825689,-20.290540538335385],[118.85032321247213,-20.288818700117]],[[117.54976043148432,-20.718245151781517],[117.5557644500045,-20.730986754597545],[117.54237087022871,-20.736152269252692],[117.54976043148432,-20.718245151781517]],[[117.17520204534046,-20.666590005230052],[117.1839771493315,-20.672788622816228],[117.16781248408485,-20.682086549195493],[117.17196911229112,-20.65453713770138],[117.17520204534046,-20.666590005230052]],[[116.98630638574386,-20.672099887528876],[116.98723008090082,-20.672099887528876],[116.98676823332234,-20.678987240402403],[116.98630638574386,-20.672099887528876]],[[116.67594481300813,-20.73270859281593],[116.68564361215613,-20.73718537218372],[116.68471991699917,-20.750615710287104],[116.67594481300813,-20.73270859281593]],[[116.65239058650587,-20.735807901609018],[116.6574709098691,-20.74028468097681],[116.64823395829958,-20.744417092700928],[116.65239058650587,-20.735807901609018]],[[116.6477721107211,-20.74510582798828],[116.6537761292413,-20.749238239712398],[116.64684841556416,-20.746483298562985],[116.6477721107211,-20.74510582798828]],[[116.63576407368075,-20.741662151551516],[116.63992070188702,-20.753370651436516],[116.62976005516056,-20.751304445574455],[116.63576407368075,-20.741662151551516]],[[116.46811340269403,-20.827409694826947],[116.48104513489136,-20.82603222425224],[116.4745792687927,-20.830853371263714],[116.46811340269403,-20.827409694826947]],[[116.47504111637117,-20.84944922402224],[116.48520176309763,-20.842217503505037],[116.49490056224563,-20.850826694596947],[116.48520176309763,-20.843594974079743],[116.47781220184203,-20.851515429884298],[116.47504111637117,-20.84944922402224]],[[116.10556305359054,-21.038507060400605],[116.1064867487475,-21.039540163331633],[116.09909718749188,-21.05159303086031],[116.10556305359054,-21.038507060400605]],[[115.85662720879209,-21.194849970629708],[115.86540231278313,-21.193472500055],[115.8603219894199,-21.20414789700897],[115.85200873300734,-21.202770426434263],[115.85662720879209,-21.194849970629708]],[[115.83722961049611,-21.252014999479997],[115.84000069596696,-21.24375017603176],[115.84415732417325,-21.253048102411025],[115.83722961049611,-21.252014999479997]],[[115.79612517601177,-21.265445337583376],[115.79889626148262,-21.270266484594845],[115.79612517601177,-21.277153837468376],[115.79612517601177,-21.265445337583376]],[[115.74578378995791,-21.281286249192494],[115.74855487542877,-21.289551072640727],[115.73885607628077,-21.28541866091661],[115.74578378995791,-21.281286249192494]],[[115.3301209693297,-21.587084716777166],[115.3416671587916,-21.596038275512754],[115.33381574995751,-21.596038275512754],[115.3301209693297,-21.587084716777166]],[[113.61897569107691,-26.5204955800858],[113.62636525233253,-26.52428362416624],[113.62174677654777,-26.538747065200653],[113.61897569107691,-26.5204955800858]],[[115.91666739399395,-21.09291714810148],[115.9120489182092,-21.10152633919339],[115.91482000368005,-21.092572780457804],[115.91666739399395,-21.09291714810148]],[[116.54062347251474,-20.766800989539895],[116.54247086282864,-20.766456621896218],[116.54200901525016,-20.778509489424895],[116.54062347251474,-20.766800989539895]],[[117.17335465502656,-20.63112013793138],[117.16550324619247,-20.634563814368143],[117.16550324619247,-20.628365196781967],[117.17335465502656,-20.63112013793138]],[[117.33961978327784,-20.759224901379014],[117.33176837444375,-20.770589033620336],[117.32022218498186,-20.758536166091663],[117.33961978327784,-20.759224901379014]],[[122.29339691000911,-17.11925890771908],[122.30355755673557,-17.11237155484555],[122.30171016642167,-17.12098074593746],[122.29339691000911,-17.11925890771908]],[[124.46130944337445,-15.798264626576266],[124.45761466274664,-15.782768082610826],[124.46269498610987,-15.784834288472886],[124.46130944337445,-15.798264626576266]],[[115.8774103498235,-32.027622937759375],[115.88941838686388,-32.01763627609276],[115.89311316749168,-32.02039121724217],[115.8834143683437,-32.024179261322615],[115.8774103498235,-32.027622937759375]]],[[[126.56548701091012,-13.944189233022332],[126.57749504795049,-13.95383152704527],[126.57102918185183,-13.940401188941891],[126.56548701091012,-13.944189233022332]]],[[[128.4729175100151,-14.909107370603706],[128.44566850288504,-14.879836120891209],[128.46645164391646,-14.928391958649588],[128.4729175100151,-14.909107370603706]]],[[[128.44289741741417,-14.87880301796018],[128.42811829490296,-14.86330647399474],[128.44012633194333,-14.886034738477385],[128.44289741741417,-14.87880301796018]]],[[[128.33436323647237,-14.758274342673428],[128.32004596153962,-14.741400328133281],[128.29464434472345,-14.735546078190783],[128.30988531481316,-14.76275112204122],[128.33436323647237,-14.758274342673428]]],[[[128.20181298144982,-15.140522427154274],[128.12468443584436,-15.04031144284443],[128.12606997857978,-15.156363338763388],[128.19719450566507,-15.193899411924122],[128.20181298144982,-15.140522427154274]]],[[[128.11313824638248,-15.17151551508515],[128.10436314239143,-15.165316897498975],[128.09882097144973,-15.195621250142501],[128.11313824638248,-15.17151551508515]]],[[[127.87482489588896,-14.454886448594486],[127.86327870642707,-14.430436345893458],[127.83833893718938,-14.45729702210022],[127.85080882180823,-14.479336551295514],[127.87482489588896,-14.454886448594486]]],[[[127.82309796709967,-14.36672833181332],[127.81062808248083,-14.352953626066263],[127.8055477591176,-14.357430405434055],[127.81108993005931,-14.377748096410965],[127.82309796709967,-14.36672833181332]]],[[[127.71594932889329,-14.237590465434653],[127.70994531037312,-14.233458053710539],[127.70209390153903,-14.242067244802449],[127.71594932889329,-14.237590465434653]]],[[[127.17558766207662,-13.903553851068512],[127.1626559298793,-13.882891792447925],[127.15665191135912,-13.898732704057043],[127.17558766207662,-13.903553851068512]]],[[[126.88277629732298,-13.990334497274972],[126.86661163207633,-13.955897732907331],[126.81996502665027,-13.95383152704527],[126.81996502665027,-13.966917497504976],[126.88277629732298,-13.990334497274972]]],[[[126.88277629732298,-13.99067886491865],[126.88323814490145,-13.992400703137033],[126.8938606392064,-13.987923923769237],[126.88277629732298,-13.99067886491865]]],[[[126.8975554198342,-13.986202085550858],[126.90078835288354,-13.984824614976151],[126.8920132488925,-13.98206967382674],[126.8975554198342,-13.986202085550858]]],[[[126.82458350243503,-13.945566703597038],[126.81580839844399,-13.941089924229242],[126.81857948391485,-13.949699115321152],[126.82458350243503,-13.945566703597038]]],[[[126.70034650382505,-13.943156130091303],[126.6934187901479,-13.931447630206304],[126.67679227732278,-13.961407615206152],[126.70034650382505,-13.943156130091303]]],[[[126.63476414768148,-13.871183292562925],[126.62552719611196,-13.85327617509175],[126.61490470180702,-13.862574101471015],[126.62044687274873,-13.882547424804248],[126.63476414768148,-13.871183292562925]]],[[[126.61906133001331,-13.890467880608806],[126.52253518611187,-13.866017777907778],[126.50267574023741,-13.886335468884688],[126.60890068328683,-13.913884880378806],[126.61906133001331,-13.890467880608806]]],[[[126.60797698812989,-13.94522233595336],[126.60058742687427,-13.935924409574096],[126.59550710351104,-13.942123027160271],[126.60428220750208,-13.952798424114242],[126.60797698812989,-13.94522233595336]]],[[[126.59319786561866,-14.215206568595686],[126.58580830436306,-14.200743127561278],[126.57564765763658,-14.197643818768189],[126.57749504795049,-14.217272774457744],[126.59319786561866,-14.215206568595686]]],[[[126.58673199952,-14.223471392043923],[126.57472396247962,-14.203842436354364],[126.56964363911639,-14.213484730377303],[126.5751858100581,-14.226226333193331],[126.58673199952,-14.223471392043923]]],[[[126.40384035844359,-13.988957026700266],[126.37659135131352,-13.974493585665858],[126.36227407638077,-13.98275840911409],[126.3844427601476,-14.011340923539237],[126.40384035844359,-13.988957026700266]]],[[[126.32116964189643,-13.942123027160271],[126.30962345243454,-13.927315218482185],[126.29992465328654,-13.967606232792328],[126.31470377579777,-13.96175198284983],[126.32116964189643,-13.942123027160271]]],[[[126.31886040400404,-13.886335468884688],[126.30361943391435,-13.86705088083881],[126.30131019602197,-13.883236160091602],[126.31886040400404,-13.886335468884688]]],[[[126.31747486126862,-13.90940810101101],[126.30315758633587,-13.90389821871219],[126.29992465328654,-13.920772233252332],[126.31239453790539,-13.923182806758067],[126.31747486126862,-13.90940810101101]]],[[[126.29900095812958,-14.163207054400544],[126.29161139687398,-14.159419010320104],[126.28514553077531,-14.171127510205103],[126.29900095812958,-14.163207054400544]]],[[[126.29530617750179,-13.94143429187292],[126.272213798578,-13.927659586125863],[126.28375998803989,-13.945566703597038],[126.29530617750179,-13.94143429187292]]],[[[126.24357924871249,-14.148399245722459],[126.23064751651518,-14.150465451584516],[126.23618968745689,-14.161829583825838],[126.24357924871249,-14.148399245722459]]],[[[126.19508525297253,-13.934891306643067],[126.17430211194113,-13.93282510078101],[126.15582820880209,-13.960374512275123],[126.16460331279313,-13.963473821068213],[126.19508525297253,-13.934891306643067]]],[[[126.15259527575276,-13.752376455494556],[126.14520571449715,-13.748588411414115],[126.15028603786038,-13.75960817601176],[126.15259527575276,-13.752376455494556]]],[[[126.04683218028181,-14.32781478807788],[126.00896067884679,-14.280980788537885],[125.98679199507995,-14.289245611986122],[126.01773578283783,-14.353297993709937],[126.04683218028181,-14.32781478807788]]],[[[126.043137399654,-14.233458053710539],[126.01819763041631,-14.225193230262303],[125.99325786117862,-14.243789083020832],[126.00665144095441,-14.249298965319653],[126.043137399654,-14.233458053710539]]],[[[126.00480405064052,-14.43801243405434],[125.98817753781539,-14.435601860548605],[125.98263536687368,-14.446621625146253],[125.99464340391404,-14.44799909572096],[126.00480405064052,-14.43801243405434]]],[[[125.99510525149252,-14.376370625836259],[125.98309721445216,-14.364317758307585],[125.97108917741178,-14.388079125721259],[125.98448275718758,-14.38876786100861],[125.99510525149252,-14.376370625836259]]],[[[125.99418155633558,-14.321616170491705],[125.97616950077501,-14.328159155721558],[125.97616950077501,-14.337801449744497],[125.99418155633558,-14.321616170491705]]],[[[125.9706273298333,-14.346755008480084],[125.95261527427274,-14.326437317503174],[125.92444257198572,-14.377059361123614],[125.94430201786018,-14.38876786100861],[125.9706273298333,-14.346755008480084]]],[[[125.79420155485556,-14.16079648089481],[125.7780368896089,-14.158041539745398],[125.7877356887569,-14.171127510205103],[125.79420155485556,-14.16079648089481]]],[[[125.77341841382415,-14.326437317503174],[125.76741439530396,-14.319549964629648],[125.76141037678377,-14.323682376353766],[125.77341841382415,-14.326437317503174]]],[[[125.75679190099902,-14.451098404514045],[125.75402081552816,-14.416317272502727],[125.72815735113352,-14.409429919629197],[125.71753485682858,-14.47692597778978],[125.75679190099902,-14.451098404514045]]],[[[125.73970354059541,-14.183869113021132],[125.73000474144742,-14.174571186641867],[125.72261518019181,-14.182836010090103],[125.73092843660437,-14.19282267175672],[125.73970354059541,-14.183869113021132]]],[[[125.72076778987791,-14.351920523135231],[125.70829790525906,-14.34813247905479],[125.71153083830839,-14.355364199571998],[125.72076778987791,-14.351920523135231]]],[[[125.7055268197882,-14.13565764290643],[125.70460312463125,-14.11637305486055],[125.69213324001241,-14.10776386376864],[125.69444247790479,-14.139790054630549],[125.7055268197882,-14.13565764290643]]],[[[125.68335813602137,-14.168372569055691],[125.67827781265814,-14.15769717210172],[125.6695027086671,-14.165617627906279],[125.67735411750118,-14.17629302486025],[125.68335813602137,-14.168372569055691]]],[[[125.68151074570747,-14.37051637589376],[125.6695027086671,-14.367761434744349],[125.67088825140252,-14.379469934629348],[125.68058705055051,-14.378092464054642],[125.68151074570747,-14.37051637589376]]],[[[125.64410109185093,-13.946944174171744],[125.63394044512445,-13.94625543888439],[125.62562718871189,-13.931447630206304],[125.62839827418274,-13.96175198284983],[125.64410109185093,-13.946944174171744]]],[[[125.58498460180603,-14.357430405434055],[125.57898058328584,-14.348821214342145],[125.57343841234413,-14.357086037790378],[125.5799042784428,-14.36466212595126],[125.58498460180603,-14.357430405434055]]],[[[125.56281591803919,-14.48622390416904],[125.53833799637997,-14.474515404284045],[125.5300247399674,-14.422515890088903],[125.52355887386875,-14.484846433594338],[125.56281591803919,-14.48622390416904]]],[[[125.56096852772528,-14.105353290262904],[125.55450266162663,-14.099499040320403],[125.5512697285773,-14.10776386376864],[125.56096852772528,-14.105353290262904]]],[[[125.5207877883979,-14.424926463594637],[125.50092834252344,-14.430436345893458],[125.51616931261313,-14.434913125261254],[125.5207877883979,-14.424926463594637]]],[[[125.50600866588667,-14.508263433364334],[125.50416127557276,-14.499998609916101],[125.49169139095392,-14.506885962789628],[125.50600866588667,-14.508263433364334]]],[[[125.49723356189563,-14.49896550698507],[125.4843018296983,-14.484846433594338],[125.44458293794939,-14.481402757157571],[125.47321748781488,-14.512051477444775],[125.49723356189563,-14.49896550698507]]],[[[125.44365924279244,-14.575070756237562],[125.43904076700768,-14.568183403364035],[125.4330367484875,-14.580925006180063],[125.44365924279244,-14.575070756237562]]],[[[125.44181185247854,-14.539600888938889],[125.43211305333054,-14.531680433134333],[125.42610903481035,-14.544422035950362],[125.43811707185073,-14.54717697709977],[125.44181185247854,-14.539600888938889]]],[[[125.43580783395835,-14.5540643299733],[125.42472349207493,-14.548898815318154],[125.41918132113322,-14.564739726927272],[125.43580783395835,-14.5540643299733]]],[[[125.41456284534846,-14.539945256582566],[125.40902067440675,-14.535124109571097],[125.404402198622,-14.54166709480095],[125.41456284534846,-14.539945256582566]]],[[[125.41132991229912,-14.336423979169794],[125.40394035104352,-14.334357773307733],[125.40763513167133,-14.344688802618027],[125.41132991229912,-14.336423979169794]]],[[[125.36699254476545,-15.078536251292512],[125.35683189803899,-15.072337633706336],[125.34713309889099,-15.083701765947659],[125.36699254476545,-15.078536251292512]]],[[[125.36699254476545,-15.010351457844578],[125.35544635530356,-15.014483869568696],[125.35821744077441,-15.029980413534137],[125.36699254476545,-15.010351457844578]]],[[[125.34620940373404,-14.493111257042571],[125.33789614732149,-14.49793240405404],[125.34066723279233,-14.50481975692757],[125.34620940373404,-14.493111257042571]]],[[[125.33004473848739,-14.55337559468595],[125.32173148207482,-14.550620653536537],[125.32080778691787,-14.556130535835358],[125.33004473848739,-14.55337559468595]]],[[[125.3203459393394,-14.267206082790828],[125.31295637808378,-14.261696200492004],[125.31572746355464,-14.273060332733326],[125.3203459393394,-14.267206082790828]]],[[[125.31018529261293,-14.276504009170093],[125.29309693220932,-14.269616656296563],[125.29032584673847,-14.288901244342444],[125.30279573135732,-14.293033656066562],[125.31018529261293,-14.276504009170093]]],[[[125.30649051198513,-15.069927060200602],[125.29956279830799,-15.063728442614426],[125.30187203620036,-15.072682001350014],[125.30649051198513,-15.069927060200602]]],[[[125.27877965727657,-14.58126937382374],[125.26769531539315,-14.56370662399624],[125.25430173561736,-14.577481329743296],[125.26769531539315,-14.58781235905359],[125.27877965727657,-14.58126937382374]]],[[[125.2727756387564,-14.478303448364485],[125.26169129687298,-14.461085066180662],[125.24875956467565,-14.464528742617428],[125.24829771709717,-14.47210483077831],[125.2727756387564,-14.478303448364485]]],[[[125.27185194359944,-14.414595434284344],[125.25383988803888,-14.41115175784758],[125.24552663162632,-14.419072213652136],[125.25938205898059,-14.428714507675078],[125.27185194359944,-14.414595434284344]]],[[[125.25430173561736,-15.085423604166042],[125.24321739373394,-15.078191883648838],[125.22797642364424,-15.096099001120013],[125.24691217436175,-15.095065898188981],[125.25430173561736,-15.085423604166042]]],[[[125.2533780404604,-14.977980899338995],[125.24922141225413,-14.967649870028701],[125.232594899429,-14.996921119741199],[125.25106880256803,-14.992444340373403],[125.2533780404604,-14.977980899338995]]],[[[125.2441410888909,-14.422515890088903],[125.23767522279223,-14.413562331353315],[125.23767522279223,-14.429747610606107],[125.2441410888909,-14.422515890088903]]],[[[125.2307475091151,-15.070615795487956],[125.17671134243344,-15.066139016120161],[125.16655069570696,-15.020682487154872],[125.14438201194012,-15.041688913419136],[125.17486395211952,-15.121926574395744],[125.22890011880119,-15.099542677556776],[125.2307475091151,-15.070615795487956]]],[[[125.22982381395815,-14.908418635316355],[125.22612903333034,-14.902220017730176],[125.22381979543796,-14.909451738247384],[125.22982381395815,-14.908418635316355]]],[[[125.22890011880119,-14.300265376583766],[125.2210487099671,-14.28649067083671],[125.21134991081911,-14.314728817618178],[125.22890011880119,-14.300265376583766]]],[[[125.21596838660388,-14.495866198191983],[125.16516515297154,-14.4400786399164],[125.11805669996701,-14.493799992329922],[125.15177157319573,-14.5657728298583],[125.09588801620016,-14.546143874168742],[125.10789605324054,-14.642911182041821],[125.13606875552756,-14.628103373363736],[125.15223342077421,-14.65565278485785],[125.21412099628996,-14.607096947099471],[125.18040612306123,-14.559574212272125],[125.21596838660388,-14.495866198191983]]],[[[125.20857882534825,-14.952842061350616],[125.19795633104332,-14.941133561465616],[125.18825753189533,-14.962139987729877],[125.20072741651417,-14.966616767097673],[125.20857882534825,-14.952842061350616]]],[[[125.18964307463075,-14.870882562155622],[125.17902058032581,-14.851942341753418],[125.17948242790429,-14.868471988649887],[125.18964307463075,-14.870882562155622]]],[[[125.14715309741098,-14.663228873018731],[125.1296028894289,-14.665983814168143],[125.1351450603706,-14.670116225892258],[125.14715309741098,-14.663228873018731]]],[[[125.14530570709708,-14.76102928382284],[125.137454298263,-14.748976416294163],[125.137454298263,-14.76102928382284],[125.14530570709708,-14.76102928382284]]],[[[125.13422136521366,-14.752075725087252],[125.12452256606566,-14.755175033880338],[125.12683180395804,-14.760684916179162],[125.13422136521366,-14.752075725087252]]],[[[125.05293619140193,-15.309606940199401],[125.0400044592046,-15.315461190141903],[125.04877956319564,-15.323381645946458],[125.05293619140193,-15.309606940199401]]],[[[125.0363096785768,-15.327514057670577],[125.02153055606557,-15.321315440084401],[124.99566709167092,-15.375725527785278],[125.01829762301624,-15.37159311606116],[125.0363096785768,-15.327514057670577]]],[[[125.03215305037051,-14.7820357100871],[125.02568718427185,-14.765161695546958],[125.0169120802808,-14.78031387186872],[125.03215305037051,-14.7820357100871]]],[[[125.01598838512386,-15.205952279452795],[125.00675143355434,-15.203197338303383],[125.00582773839739,-15.209395955889558],[125.0113699093391,-15.213872735257354],[125.01598838512386,-15.205952279452795]]],[[[125.01460284238843,-15.430479983129832],[125.00444219566197,-15.433923659566595],[125.00582773839739,-15.43943354186542],[125.01460284238843,-15.430479983129832]]],[[[124.99982371987721,-14.516872624456244],[124.9905867683077,-14.484502065950661],[124.97950242642428,-14.524104344973452],[124.99982371987721,-14.516872624456244]]],[[[124.99566709167092,-14.4400786399164],[124.98412090220903,-14.427337037100372],[124.97534579821799,-14.452475875088751],[124.99566709167092,-14.4400786399164]]],[[[124.98596829252293,-14.395310846238463],[124.95918113297134,-14.401853831468316],[124.98319720705207,-14.424237728307283],[124.98596829252293,-14.395310846238463]]],[[[124.98504459736598,-15.055463619166193],[124.96887993211934,-15.04203328106281],[124.9522534192942,-15.098509574625748],[124.97118917001171,-15.086801074740748],[124.98504459736598,-15.055463619166193]]],[[[124.98412090220903,-15.343010601636017],[124.95363896202963,-15.351964160371605],[124.95086787655877,-15.364361395543956],[124.98042612158122,-15.352308528015282],[124.98412090220903,-15.343010601636017]]],[[[124.96241406602067,-15.0451325898559],[124.94347831530317,-15.057185457384573],[124.94486385803859,-15.075436942499426],[124.96241406602067,-15.0451325898559]]],[[[124.95918113297134,-15.029291678246782],[124.91715300333004,-14.922537708707086],[124.9217714791148,-14.967305502385024],[124.8894421486215,-14.959385046580465],[124.87835780673808,-15.00449720790208],[124.92084778395784,-14.98039147284473],[124.89775540503406,-15.00449720790208],[124.91576746059461,-15.029291678246782],[124.95918113297134,-15.029291678246782]]],[[[124.93193212584126,-14.52134940382404],[124.9314702782628,-14.514117683306832],[124.92454256458565,-14.515150786237864],[124.93193212584126,-14.52134940382404]]],[[[124.9273136500565,-14.89533266485665],[124.92315702185023,-14.88844531198312],[124.92130963153632,-14.897054503075033],[124.9273136500565,-14.89533266485665]]],[[[124.89082769135692,-14.949054017270175],[124.87651041642417,-14.941822296752967],[124.8894421486215,-14.955941370143702],[124.89082769135692,-14.949054017270175]]],[[[124.87281563579637,-14.93975609089091],[124.86542607454075,-14.930458164511645],[124.8681971600116,-14.941822296752967],[124.87281563579637,-14.93975609089091]]],[[[124.8663497696977,-15.023093060660607],[124.85988390359904,-15.011040193131933],[124.84464293350933,-15.024470531235313],[124.85434173265733,-15.031013516465165],[124.8663497696977,-15.023093060660607]]],[[[124.86311683664837,-15.286878675716757],[124.84879956171562,-15.29342166094661],[124.8418718480385,-15.314428087210874],[124.860807598756,-15.313050616636168],[124.86311683664837,-15.286878675716757]]],[[[124.85896020844208,-15.343010601636017],[124.85295618992191,-15.337500719337193],[124.84371923835239,-15.34266623399234],[124.84879956171562,-15.349209219222193],[124.85896020844208,-15.343010601636017]]],[[[124.85757466570666,-15.256229955429554],[124.80954251754518,-15.229024911579117],[124.79060676682768,-15.287223043360434],[124.81185175543756,-15.306163263762638],[124.85757466570666,-15.256229955429554]]],[[[124.80769512723128,-15.216283308763089],[124.79984371839718,-15.203886073590738],[124.78367905315054,-15.2190382499125],[124.8016911087111,-15.222481926349264],[124.80769512723128,-15.216283308763089]]],[[[124.78968307167072,-15.01310639899399],[124.77582764431645,-15.013450766637668],[124.7749039491595,-15.035490295832957],[124.78968307167072,-15.01310639899399]]],[[[124.77998427252274,-14.949398384913849],[124.77351840642407,-14.937345517385175],[124.77351840642407,-14.952497693706938],[124.77998427252274,-14.949398384913849]]],[[[124.76243406454066,-14.954563899568996],[124.75920113149132,-14.942511032040322],[124.74673124687247,-14.939411723247233],[124.74534570413705,-14.95146459077591],[124.76243406454066,-14.954563899568996]]],[[[124.74857863718638,-14.910140473534735],[124.73333766709668,-14.911517944109441],[124.73887983803839,-14.941822296752967],[124.74857863718638,-14.910140473534735]]],[[[124.73195212436124,-14.860551532845328],[124.71486376395765,-14.8595184299143],[124.71624930669307,-14.87191566508665],[124.73195212436124,-14.860551532845328]]],[[[124.72040593489936,-16.37680226795268],[124.71070713575136,-16.36027262105621],[124.67930150041501,-16.368537444504447],[124.69177138503386,-16.37783537088371],[124.72040593489936,-16.37680226795268]]],[[[124.70331757449576,-16.356828944619448],[124.69223323261234,-16.349252856458566],[124.67283563431636,-16.356140209332093],[124.69130953745538,-16.364749400424003],[124.70331757449576,-16.356828944619448]]],[[[124.69408062292624,-14.953530796637967],[124.68391997619977,-14.937345517385175],[124.68576736651367,-14.950087120201204],[124.69408062292624,-14.953530796637967]]],[[[124.6719119391594,-14.944921605546057],[124.6585183593836,-14.938034252672526],[124.66544607306074,-14.950087120201204],[124.6719119391594,-14.944921605546057]]],[[[124.65574727391275,-15.788622332553327],[124.62896011436115,-15.804463244162442],[124.64835771265713,-15.79895336186362],[124.65574727391275,-15.788622332553327]]],[[[124.6548235787558,-15.397420689336894],[124.58000427104272,-15.34266623399234],[124.59016491776919,-15.312361881348814],[124.55598819696198,-15.314428087210874],[124.57122916705168,-15.245210190831909],[124.49502431660318,-15.292388558015581],[124.53566690350904,-15.303752690256903],[124.5153456100561,-15.31373935192352],[124.49825724965251,-15.307540734337344],[124.51719300037001,-15.333712675256752],[124.49086768839689,-15.320971072440724],[124.49225323113232,-15.35816277795778],[124.46130944337445,-15.355407836808368],[124.48393997471976,-15.361606454394543],[124.47562671830718,-15.404996777497775],[124.49825724965251,-15.369526910199102],[124.51257452458525,-15.365394498474984],[124.50703235364354,-15.397420689336894],[124.53520505593056,-15.38330161594616],[124.52781549467495,-15.357474042670429],[124.55460265422656,-15.388467130601306],[124.59108861292614,-15.369182542555425],[124.54120907445075,-15.433234924279244],[124.51396006732068,-15.426347571405714],[124.52458256162562,-15.448387100601007],[124.6548235787558,-15.397420689336894]]],[[[124.64974325539256,-15.167038735717359],[124.6432773892939,-15.16221758870589],[124.64373923687238,-15.174270456234563],[124.64974325539256,-15.167038735717359]]],[[[124.64974325539256,-16.349941591745917],[124.60771512575127,-16.341676768297685],[124.56476330095302,-16.34408734180342],[124.64974325539256,-16.349941591745917]]],[[[124.64004445624457,-15.281368793417936],[124.62018501037011,-15.265183514165141],[124.61233360153602,-15.283779366923671],[124.61787577247773,-15.290666719797198],[124.64004445624457,-15.281368793417936]]],[[[124.62064685794859,-15.43254618899189],[124.59432154597546,-15.441499747727477],[124.60586773543736,-15.452175144681448],[124.62064685794859,-15.43254618899189]]],[[[124.59663078386785,-15.91087284605846],[124.57353840494406,-15.910528478414786],[124.53197212288123,-15.966660404334043],[124.58508459440596,-15.952541330943308],[124.59663078386785,-15.91087284605846]]],[[[124.57723318557186,-15.26828282295823],[124.5670725388454,-15.256229955429554],[124.5707673194732,-15.268971558245582],[124.57723318557186,-15.26828282295823]]],[[[124.54721309297094,-15.231779852728529],[124.5439801599216,-15.226958705717056],[124.53289581803818,-15.236600999739998],[124.54721309297094,-15.231779852728529]]],[[[124.51580745763458,-15.211806529395293],[124.50657050606506,-15.205263544165444],[124.49825724965251,-15.214905838188383],[124.50980343911439,-15.223515029280293],[124.51580745763458,-15.211806529395293]]],[[[124.50056648754489,-15.456307556405566],[124.49594801176012,-15.451142041750419],[124.48717290776908,-15.464916747497476],[124.50056648754489,-15.456307556405566]]],[[[124.49594801176012,-15.207674117671178],[124.48855845050451,-15.206296647096472],[124.49363877386774,-15.213528367613677],[124.49594801176012,-15.207674117671178]]],[[[124.48532551745518,-15.967693507265075],[124.47424117557176,-15.975269595425956],[124.47701226104262,-15.981812580655806],[124.48532551745518,-15.967693507265075]]],[[[124.48116888924889,-15.318216131291315],[124.47701226104262,-15.310295675486756],[124.47008454736547,-15.31373935192352],[124.48116888924889,-15.318216131291315]]],[[[124.47701226104262,-15.98732246295463],[124.47100824252243,-15.983878786517867],[124.47054639494395,-15.993865448184483],[124.47701226104262,-15.98732246295463]]],[[[124.47054639494395,-16.00454084513845],[124.46223313853139,-16.00075280105801],[124.45715281516816,-16.029679683126833],[124.47054639494395,-16.00454084513845]]],[[[124.47008454736547,-15.914316522495227],[124.46084759579597,-15.897098140311403],[124.4488395587556,-15.984567521805218],[124.46731346189463,-15.942210301633018],[124.47008454736547,-15.914316522495227]]],[[[124.46454237642376,-16.35579584168842],[124.43313674108742,-16.36819307686077],[124.4354459789798,-16.373358591515917],[124.45484357727578,-16.37370295915959],[124.46454237642376,-16.35579584168842]]],[[[124.46130944337445,-15.300653381463814],[124.44098814992151,-15.249686970199704],[124.34307646328463,-15.309951307843079],[124.39203230660307,-15.332335204682046],[124.41281544763449,-15.292732925659259],[124.43452228382284,-15.321659807728079],[124.46130944337445,-15.300653381463814]]],[[[124.45576727243272,-15.860250802438024],[124.45114879664797,-15.834767596805968],[124.44791586359864,-15.844065523185233],[124.45576727243272,-15.860250802438024]]],[[[124.45576727243272,-15.875747346403465],[124.4446829305493,-15.87023746410464],[124.44237369265693,-15.878846655196554],[124.44791586359864,-15.886422743357436],[124.45576727243272,-15.875747346403465]]],[[[124.40450219122192,-15.531035335083352],[124.40034556301563,-15.5244923498535],[124.40034556301563,-15.534134643876438],[124.40450219122192,-15.531035335083352]]],[[[124.40126925817259,-15.342321866348666],[124.39203230660307,-15.33784508698087],[124.3897230687107,-15.3447324398544],[124.40126925817259,-15.342321866348666]]],[[[124.39942186785868,-15.227647441004411],[124.38418089776899,-15.228336176291762],[124.39249415418155,-15.250375705487055],[124.39942186785868,-15.227647441004411]]],[[[124.39572708723088,-16.321014709677097],[124.3897230687107,-16.316537930309305],[124.38602828808288,-16.322392180251803],[124.39572708723088,-16.321014709677097]]],[[[124.37494394619947,-15.39087770410704],[124.35277526243263,-15.360573351463515],[124.33753429234292,-15.376069895428955],[124.3666306897869,-15.3987981599116],[124.37494394619947,-15.39087770410704]]],[[[124.36755438494386,-16.36509376806768],[124.36155036642367,-16.36440503278033],[124.35877928095282,-16.37611353266533],[124.36755438494386,-16.36509376806768]]],[[[124.35877928095282,-16.34684228295283],[124.3476949390694,-16.34959722410224],[124.35323711001111,-16.358206415194154],[124.35877928095282,-16.34684228295283]]],[[[124.35138971969721,-16.359239518125182],[124.34215276812769,-16.353040900539007],[124.34122907297073,-16.359928253412534],[124.35138971969721,-16.359239518125182]]],[[[124.35000417696178,-15.330613366463666],[124.34030537781379,-15.31373935192352],[124.30335757153573,-15.351619792727927],[124.31813669404694,-15.356785307383074],[124.35000417696178,-15.330613366463666]]],[[[124.28673105871059,-15.30203085203852],[124.26594791767918,-15.282401896348965],[124.23177119687197,-15.318560498934989],[124.25671096610967,-15.301686484394846],[124.28673105871059,-15.30203085203852]]],[[[124.25948205158052,-16.385067091400913],[124.24516477664777,-16.38919950312503],[124.22161055014551,-16.347531018240183],[124.23777521539216,-16.40090800301003],[124.25948205158052,-16.385067091400913]]],[[[124.23500412992131,-15.968726610196104],[124.23315673960741,-15.952541330943308],[124.19020491480916,-15.916727096000962],[124.20128925669258,-15.964938566115663],[124.23500412992131,-15.968726610196104]]],[[[124.2294619589796,-15.9380778899089],[124.22669087350874,-15.927058125311255],[124.212373598576,-15.918793301863019],[124.21930131225312,-15.94289903692037],[124.2294619589796,-15.9380778899089]]],[[[124.22900011140112,-15.320282337153373],[124.22715272108722,-15.314083719567197],[124.21375914131141,-15.317871763647638],[124.22484348319483,-15.32544785180852],[124.22900011140112,-15.320282337153373]]],[[[124.22022500741008,-15.945998345713459],[124.21191175099752,-15.935322948759488],[124.21191175099752,-15.949442022150222],[124.22022500741008,-15.945998345713459]]],[[[124.2082169703697,-15.330613366463666],[124.18835752449525,-15.337156351693519],[124.20683142763428,-15.33784508698087],[124.2082169703697,-15.330613366463666]]],[[[124.1874338293383,-15.95357443387434],[124.17681133503336,-15.9380778899089],[124.17496394471945,-15.948408919219194],[124.1874338293383,-15.95357443387434]]],[[[124.14632939485395,-33.843129155221554],[124.13062657718578,-33.84209605229052],[124.1301647296073,-33.86275811091111],[124.14032537633378,-33.862069375623754],[124.14632939485395,-33.843129155221554]]],[[[124.14402015696157,-16.249730607436074],[124.1130763692037,-16.229068548815487],[124.097835399114,-16.25110807801078],[124.10984343615436,-16.258339798527984],[124.14402015696157,-16.249730607436074]]],[[[124.10337757005571,-16.120248373413734],[124.09737355153553,-16.11749343226432],[124.09829724669247,-16.126791358643587],[124.10337757005571,-16.120248373413734]]],[[[124.09922094184942,-16.094076432494326],[124.0692008492485,-16.081334829678298],[124.05857835494356,-16.105784932379326],[124.09460246606467,-16.114738491114913],[124.09922094184942,-16.094076432494326]]],[[[124.09875909427095,-16.15812881421814],[124.07936149597496,-16.131612505655056],[124.0692008492485,-16.138499858528586],[124.06689161135611,-16.153307667206672],[124.09875909427095,-16.15812881421814]]],[[[124.0941406184862,-16.23079038703387],[124.07474302019021,-16.230446019390193],[124.08582736207363,-16.238022107551075],[124.0941406184862,-16.23079038703387]]],[[[124.08490366691667,-16.167426740597406],[124.08028519113192,-16.16157249065491],[124.06827715409155,-16.166393637666378],[124.07797595323954,-16.17465846111461],[124.08490366691667,-16.167426740597406]]],[[[124.08028519113192,-16.248697504505046],[124.06042574525746,-16.240088313413136],[124.07428117261173,-16.25489612209122],[124.08028519113192,-16.248697504505046]]],[[[123.93988352727528,-16.276935651286514],[123.87707225660257,-16.232512225252254],[123.86136943893439,-16.236300269332695],[123.90570680646807,-16.27624691599916],[123.93988352727528,-16.276935651286514]]],[[[123.89277507427074,-16.18636696099961],[123.88307627512276,-16.183267652206524],[123.89046583637837,-16.190843740367406],[123.89277507427074,-16.18636696099961]]],[[[123.89092768395685,-34.10209362326623],[123.88492366543666,-34.1010605203352],[123.88538551301514,-34.10829224085241],[123.89092768395685,-34.10209362326623]]],[[[123.89046583637837,-16.20289660789608],[123.88399997027972,-16.188777534505345],[123.86737345745458,-16.19118810801108],[123.87291562839629,-16.218048784217842],[123.89046583637837,-16.20289660789608]]],[[[123.8863092081721,-16.2800349600796],[123.85721281072811,-16.253174283872838],[123.87891964691647,-16.289677254102543],[123.8863092081721,-16.2800349600796]]],[[[123.88538551301514,-16.31963723910239],[123.8766104090241,-16.293809665826657],[123.86460237198372,-16.290021621746217],[123.88538551301514,-16.31963723910239]]],[[[123.88399997027972,-16.173625358183582],[123.87614856144562,-16.17465846111461],[123.88169073238733,-16.181890181631818],[123.88399997027972,-16.173625358183582]]],[[[123.87430117113172,-16.20186350496505],[123.86552606714068,-16.19704235795358],[123.86275498166982,-16.202552240252402],[123.87430117113172,-16.20186350496505]]],[[[123.85721281072811,-16.278657489504894],[123.84751401158012,-16.271770136631368],[123.84982324947251,-16.28106806301063],[123.85721281072811,-16.278657489504894]]],[[[123.84520477368774,-16.23561153404534],[123.83781521243213,-16.224247401804018],[123.84335738337384,-16.241810151631515],[123.84520477368774,-16.23561153404534]]],[[[123.84243368821689,-16.189121902149022],[123.83088749875499,-16.20289660789608],[123.83827706001061,-16.21460510778108],[123.84243368821689,-16.189121902149022]]],[[[123.83550597453976,-16.24663129864299],[123.83088749875499,-16.223558666516666],[123.8041003392034,-16.245253828068282],[123.81795576655767,-16.269359563125633],[123.83550597453976,-16.24663129864299]]],[[[123.81980315687157,-16.208062122551226],[123.81148990045901,-16.203929710827108],[123.81887946171463,-16.218737519505197],[123.81980315687157,-16.208062122551226]]],[[[123.81333729077292,-16.19910856381564],[123.80779511983121,-16.188433166861667],[123.79717262552626,-16.187055696286965],[123.81333729077292,-16.19910856381564]]],[[[123.80871881498815,-16.200141666746667],[123.7773131796518,-16.163638696516966],[123.77177100871009,-16.16536053473535],[123.79116860700607,-16.200141666746667],[123.80871881498815,-16.200141666746667]]],[[[123.79763447310474,-16.145387211402113],[123.7888593691137,-16.11370538818388],[123.68309627364275,-16.1119835499655],[123.76622883776838,-16.15847318186182],[123.79763447310474,-16.145387211402113]]],[[[123.75468264830648,-16.263160945539457],[123.74267461126612,-16.261094739677397],[123.76530514261144,-16.269703930769307],[123.75468264830648,-16.263160945539457]]],[[[123.7029557195172,-15.940144095770957],[123.69140953005531,-15.9263693900239],[123.68910029216293,-15.96700477197772],[123.70157017678177,-15.959428683816839],[123.7029557195172,-15.940144095770957]]],[[[123.69833724373244,-16.35545147404474],[123.67893964543646,-16.345120444734448],[123.68817659700598,-16.356140209332093],[123.69833724373244,-16.35545147404474]]],[[[123.68309627364275,-17.034200099731],[123.67755410270104,-17.021802864558648],[123.66462237050371,-17.028345849788497],[123.6761685599656,-17.04349802611026],[123.68309627364275,-17.034200099731]]],[[[123.67201193175933,-16.356140209332093],[123.66877899871,-16.34890848881489],[123.65353802862029,-16.34787538588386],[123.67201193175933,-16.356140209332093]]],[[[123.66600791323914,-16.41640454697547],[123.62213239328393,-16.400563635366353],[123.64845770525706,-16.417782017550177],[123.66600791323914,-16.41640454697547]]],[[[123.65815650440506,-16.34477607709077],[123.64799585767858,-16.335822518355183],[123.62998380211803,-16.335822518355183],[123.65815650440506,-16.34477607709077]]],[[[123.6401444488445,-16.099241947149473],[123.58518458700587,-16.081334829678298],[123.62536532633327,-16.106818035310354],[123.6401444488445,-16.099241947149473]]],[[[123.62906010696108,-16.354074003470036],[123.62767456422564,-16.345120444734448],[123.5999637095171,-16.327902062550628],[123.60642957561576,-16.34305423887239],[123.62906010696108,-16.354074003470036]]],[[[123.62721271664718,-16.42053695869959],[123.60689142319424,-16.417782017550177],[123.62028500297004,-16.428457414504145],[123.62721271664718,-16.42053695869959]]],[[[123.59488338615387,-16.160539387723876],[123.59026491036911,-16.144698476114762],[123.57594763543636,-16.14676468197682],[123.58241350153503,-16.160883755367554],[123.59488338615387,-16.160539387723876]]],[[[123.58010426364264,-16.24146578398784],[123.54731308557086,-16.219770622436226],[123.56440144597447,-16.24146578398784],[123.58010426364264,-16.24146578398784]]],[[[123.57640948301484,-16.26384968082681],[123.57225285480855,-16.258339798527984],[123.56671068386684,-16.268670827838278],[123.57640948301484,-16.26384968082681]]],[[[123.57317654996551,-16.249730607436074],[123.56440144597447,-16.25971726910269],[123.5463893904139,-16.251796813298135],[123.56578698870989,-16.26178347496475],[123.57317654996551,-16.249730607436074]]],[[[123.56393959839599,-16.078235520885208],[123.52237331633317,-16.068937594505947],[123.54777493314934,-16.099930682436824],[123.55701188471886,-16.09648700600006],[123.55008417104172,-16.07720241795418],[123.56393959839599,-16.078235520885208]]],[[[123.56163036050361,-34.33764109154092],[123.53391950579507,-34.36897854711547],[123.53391950579507,-34.37793210585106],[123.55932112261124,-34.360024988379884],[123.56163036050361,-34.33764109154092]]],[[[123.55932112261124,-16.605118015710158],[123.55285525651257,-16.5971975599056],[123.5505460186202,-16.607528589215892],[123.55932112261124,-16.605118015710158]]],[[[123.55377895166953,-17.26492642099421],[123.55193156135562,-17.24150942122421],[123.54361830494305,-17.232555862488624],[123.54546569525696,-17.290409626626268],[123.55377895166953,-17.26492642099421]]],[[[123.55193156135562,-16.046553697666976],[123.5219114687547,-16.01728244795448],[123.5085178889789,-16.02416980082801],[123.53022472516726,-16.050341741747417],[123.55193156135562,-16.046553697666976]]],[[[123.55193156135562,-17.305217435304353],[123.54315645736457,-17.30349559708597],[123.54592754283543,-17.31830340576406],[123.55193156135562,-17.305217435304353]]],[[[123.54777493314934,-16.265227151401515],[123.53946167673678,-16.2552404897349],[123.50343756561566,-16.258339798527984],[123.5256062493825,-16.27728001893019],[123.54777493314934,-16.265227151401515]]],[[[123.5463893904139,-17.297296979499794],[123.5371524388444,-17.292131464844648],[123.5408472194722,-17.301085023580235],[123.5463893904139,-17.297296979499794]]],[[[123.5463893904139,-16.20289660789608],[123.53946167673678,-16.187744431574316],[123.54546569525696,-16.21047269605696],[123.5463893904139,-16.20289660789608]]],[[[123.53853798157982,-16.59237641289413],[123.5274536396964,-16.5796348100781],[123.5177548405484,-16.581012280652807],[123.52283516391165,-16.60477364806648],[123.53853798157982,-16.59237641289413]]],[[[123.53669059126592,-34.00980309476095],[123.5237588590686,-34.007048153611535],[123.5274536396964,-34.02323343286433],[123.53669059126592,-34.00980309476095]]],[[[123.53530504853049,-17.321402714557145],[123.52837733485336,-17.306939273522737],[123.53114842032421,-17.332078111511116],[123.53530504853049,-17.321402714557145]]],[[[123.53484320095201,-16.152963299562995],[123.52606809696098,-16.144698476114762],[123.53484320095201,-16.157784446574468],[123.53484320095201,-16.152963299562995]]],[[[123.53114842032421,-16.258339798527984],[123.44755400862009,-16.21839315186152],[123.48958213826138,-16.28485610709107],[123.496971699517,-16.249730607436074],[123.53114842032421,-16.258339798527984]]],[[[123.53114842032421,-16.609250427434276],[123.50805604140042,-16.631289956629566],[123.45632911261113,-16.61717088323883],[123.50944158413584,-16.64058788300883],[123.53114842032421,-16.609250427434276]]],[[[123.52606809696098,-17.344475346683467],[123.51590745023451,-17.335866155591557],[123.5237588590686,-17.3585944200742],[123.52606809696098,-17.344475346683467]]],[[[123.52514440180403,-16.147453417264174],[123.51128897444976,-16.145387211402113],[123.50528495592957,-16.161916858298582],[123.52329701149011,-16.162949961229614],[123.52514440180403,-16.147453417264174]]],[[[123.5219114687547,-16.275902548355486],[123.51267451718518,-16.282445533585335],[123.51498375507755,-16.29863081283813],[123.5219114687547,-16.275902548355486]]],[[[123.4932769188892,-16.60029686869869],[123.48403996731967,-16.598230662836627],[123.47849779637797,-16.609939162721627],[123.4932769188892,-16.60029686869869]]],[[[123.4609475883959,-16.167771108241084],[123.45448172229723,-16.154685137781378],[123.4281564103241,-16.16226122594226],[123.4609475883959,-16.167771108241084]]],[[[123.45956204566046,-16.269703930769307],[123.43877890462906,-16.262472210252103],[123.43462227642277,-16.271081401344013],[123.43831705705058,-16.27831312186122],[123.45956204566046,-16.269703930769307]]],[[[123.45771465534656,-17.335866155591557],[123.44339738041381,-17.324502023350234],[123.44709216104161,-17.33827672909729],[123.45771465534656,-17.335866155591557]]],[[[123.45540541745419,-16.53039023703237],[123.4415499900999,-16.52178104594046],[123.42954195305954,-16.524880354733547],[123.45540541745419,-16.53039023703237]]],[[[123.44616846588467,-16.088222182551824],[123.42446162969631,-16.08787781490815],[123.44201183767838,-16.11370538818388],[123.4341604288443,-16.09201022663227],[123.44616846588467,-16.088222182551824]]],[[[123.43554597157973,-16.277624386573866],[123.4323130385304,-16.270048298412984],[123.42215239180392,-16.277968754217543],[123.43554597157973,-16.277624386573866]]],[[[123.43000380063802,-16.283478636516367],[123.41661022086221,-16.27452507778078],[123.42122869664698,-16.289332886458865],[123.43000380063802,-16.283478636516367]]],[[[123.42399978211783,-17.3220914498445],[123.3995218604586,-17.30074065593656],[123.4036784886649,-17.319336508695088],[123.42399978211783,-17.3220914498445]]],[[[123.4226142393824,-16.131612505655056],[123.40136925077252,-16.10888424117241],[123.39351784193843,-16.109572976459766],[123.38936121373214,-16.12920193214932],[123.4226142393824,-16.131612505655056]]],[[[123.42215239180392,-16.34305423887239],[123.4189194587546,-16.33237884191842],[123.41476283054831,-16.343398606516065],[123.42215239180392,-16.34305423887239]]],[[[123.41938130633307,-16.084434138471384],[123.38936121373214,-16.069970697436975],[123.40506403140031,-16.086500344333444],[123.41938130633307,-16.084434138471384]]],[[[123.40321664108642,-16.37198112094121],[123.38335719521196,-16.37301422387224],[123.3995218604586,-16.38059031203312],[123.40321664108642,-16.37198112094121]]],[[[123.40044555561556,-16.52763529588296],[123.39813631772319,-16.513171854848547],[123.38012426216262,-16.517304266572665],[123.38797567099672,-16.52729092823928],[123.40044555561556,-16.52763529588296]]],[[[123.39120860404604,-16.58273411887119],[123.35241340745408,-16.530045869388694],[123.36303590175902,-16.58376722180222],[123.38797567099672,-16.60477364806648],[123.39120860404604,-16.58273411887119]]],[[[123.37642948153483,-16.058262197551976],[123.3616503590236,-16.049997374103743],[123.35795557839579,-16.05688472697727],[123.37642948153483,-16.058262197551976]]],[[[123.36118851144512,-16.42707994392944],[123.34640938893389,-16.417093282262822],[123.34502384619847,-16.447053267262675],[123.35980296870969,-16.439132811458116],[123.36118851144512,-16.42707994392944]]],[[[123.35749373081731,-16.36130572398724],[123.34918047440475,-16.339610562435624],[123.334863199472,-16.332723209562097],[123.33578689462895,-16.358550782837828],[123.35749373081731,-16.36130572398724]]],[[[123.35056601714018,-16.161916858298582],[123.34456199862,-16.149175255482554],[123.32193146727468,-16.145387211402113],[123.33578689462895,-16.16708237295373],[123.35056601714018,-16.161916858298582]]],[[[123.32747363821639,-16.139877329103292],[123.30807603992041,-16.136778020310203],[123.30946158265583,-16.142632270252705],[123.32747363821639,-16.139877329103292]]],[[[123.31869853422535,-16.322392180251803],[123.30899973507735,-16.306895636286363],[123.30946158265583,-16.320325974389746],[123.31869853422535,-16.322392180251803]]],[[[123.31685114391145,-16.135056182091823],[123.29006398435985,-16.126102623356235],[123.30207202140022,-16.137466755597558],[123.31685114391145,-16.135056182091823]]],[[[123.31361821086212,-16.033467727207274],[123.27759409974101,-16.04345438887389],[123.29514430772308,-16.045864962379625],[123.31361821086212,-16.033467727207274]]],[[[123.30576680202803,-16.306895636286363],[123.29976278350784,-16.306206900999012],[123.30207202140022,-16.316193562665628],[123.30576680202803,-16.306895636286363]]],[[[123.29745354561547,-16.300697018700188],[123.2909876795168,-16.301730121631216],[123.29606800288003,-16.306206900999012],[123.29745354561547,-16.300697018700188]]],[[[123.22586717095172,-16.407450988239884],[123.2129354387544,-16.39333191484915],[123.19954185897859,-16.424669370423704],[123.21339728633288,-16.422603164561647],[123.22586717095172,-16.407450988239884]]],[[[123.21616837180372,-34.088318917519175],[123.17044546153463,-34.09038512338123],[123.1575137293373,-34.110358446714464],[123.20739326781269,-34.119312005450055],[123.21616837180372,-34.088318917519175]]],[[[123.21154989601897,-16.392643179561798],[123.16813622364225,-16.38919950312503],[123.16675068090682,-16.42501373806738],[123.19261414530146,-16.43293419387194],[123.21154989601897,-16.392643179561798]]],[[[123.18845751709517,-34.07833225585256],[123.17875871794719,-34.07970972642727],[123.18337719373194,-34.08728581458814],[123.18845751709517,-34.07833225585256]]],[[[123.16813622364225,-16.40504041473415],[123.15936111965121,-16.400563635366353],[123.15243340597407,-16.423636267492675],[123.16813622364225,-16.40504041473415]]],[[[123.16675068090682,-15.528624761577618],[123.1538189487095,-15.511406379393794],[123.15289525355254,-15.532412805658058],[123.16675068090682,-15.528624761577618]]],[[[123.15843742449425,-16.39711995892959],[123.15289525355254,-16.387133297262974],[123.14365830198302,-16.38954387076871],[123.15843742449425,-16.39711995892959]]],[[[123.13580689314894,-16.40090800301003],[123.11825668516686,-16.40951719410194],[123.12472255126552,-16.423636267492675],[123.125184398844,-16.408484091170912],[123.13580689314894,-16.40090800301003]]],[[[123.12934102705027,-16.435000399733998],[123.10717234328344,-16.42432500278003],[123.09100767803679,-16.42604684099841],[123.1039394102341,-16.437410973239732],[123.12934102705027,-16.435000399733998]]],[[[122.86239312669127,-33.98259805091051],[122.84345737597377,-33.983286786197866],[122.81389913095131,-34.00291574188742],[122.86239312669127,-33.98259805091051]]],[[[122.81297543579436,-34.008425624186245],[122.80789511243113,-34.000849536025356],[122.79819631328314,-34.0046375801058],[122.79958185601856,-34.01427987412874],[122.81297543579436,-34.008425624186245]]],[[[122.65502356395565,-33.99706149194492],[122.64717215512155,-33.99809459487595],[122.65179063090632,-34.00257137424374],[122.65502356395565,-33.99706149194492]]],[[[122.2610675795158,-34.124133152461525],[122.23150933449335,-34.108636608496084],[122.23566596269963,-34.15891428447284],[122.24628845700458,-34.16132485797858],[122.2610675795158,-34.124133152461525]]],[[[122.15160970341704,-34.033564462174624],[122.14699122763228,-34.02702147694477],[122.12851732449326,-34.0294320504505],[122.15160970341704,-34.033564462174624]]],[[[122.12666993417935,-16.852718351513516],[122.09249321337214,-16.854784557375574],[122.11281450682507,-16.858572601456014],[122.12666993417935,-16.852718351513516]]],[[[122.10958157377574,-34.06421318246183],[122.10357755525555,-34.05904766780668],[122.09757353673537,-34.0645575501055],[122.10958157377574,-34.06421318246183]]],[[[122.05924018772188,-34.14582831401314],[122.05046508373084,-34.13790785820858],[122.03845704669047,-34.14169590228902],[122.05924018772188,-34.14582831401314]]],[[[122.02691085722859,-33.963313462864626],[122.00243293556936,-33.95814794820948],[122.00428032588326,-33.97088955102551],[122.02691085722859,-33.963313462864626]]],[[[122.0112080395604,-34.024266535795356],[121.9825734896949,-34.03666377096771],[121.99319598399984,-34.04217365326653],[122.0112080395604,-34.024266535795356]]],[[[122.00474217346174,-33.98741919792198],[121.99550522189223,-33.980531845048446],[121.98719196547967,-33.98879666849668],[122.00474217346174,-33.98741919792198]]],[[[121.99273413642138,-33.97295575688757],[121.97610762359625,-33.97295575688757],[121.98164979453796,-33.979154374473744],[121.99273413642138,-33.97295575688757]]],[[[121.98395903243033,-34.11759016723167],[121.97564577601777,-34.11380212315123],[121.97333653812538,-34.12000074073741],[121.98395903243033,-34.11759016723167]]],[[[121.97980240422405,-34.049405373783735],[121.95763372045721,-34.04492859441594],[121.95347709225094,-34.05594835901359],[121.97980240422405,-34.049405373783735]]],[[[121.9100634198742,-33.91785693389934],[121.89666984009841,-33.919923139761394],[121.90359755377554,-33.924399919129186],[121.9100634198742,-33.91785693389934]]],[[[121.88373810790108,-33.92026750740507],[121.86849713781139,-33.922333713267136],[121.87450115633158,-33.92681049263493],[121.88373810790108,-33.92026750740507]]],[[[121.8033766292463,-33.924744286772864],[121.78859750673507,-33.92061187504875],[121.7959870679907,-33.92853233085331],[121.8033766292463,-33.924744286772864]]],[[[121.68976212494125,-34.00498194774948],[121.68006332579327,-33.99430655079551],[121.6699026790668,-33.994650918439184],[121.66897898390985,-34.00257137424374],[121.68976212494125,-34.00498194774948]]],[[[121.61679020754208,-34.01875665349654],[121.60801510355104,-34.01359113884139],[121.59323598103981,-34.029087682806825],[121.60616771323714,-34.03941871211712],[121.61679020754208,-34.01875665349654]]],[[[119.6137572596926,-34.375865899989],[119.5985162896029,-34.36828981182812],[119.60590585085852,-34.37793210585106],[119.6137572596926,-34.375865899989]]],[[[118.52749175511755,-20.312235699886998],[118.51178893744938,-20.30913639109391],[118.49931905283053,-20.31877868511685],[118.51086524229243,-20.323599832128323],[118.52749175511755,-20.312235699886998]]],[[[118.48684916821169,-34.922032982859825],[118.45682907561076,-34.904814600676005],[118.4369696297363,-34.91066885061851],[118.46652787475875,-34.93546332096321],[118.48684916821169,-34.922032982859825]]],[[[118.06980080484806,-35.06494555498555],[118.03978071224714,-35.0597800403304],[118.04393734045341,-35.06632302556025],[118.06980080484806,-35.06494555498555]]],[[[117.87397743157432,-20.51610134494345],[117.84534288170883,-20.539173977069773],[117.86243124211242,-20.532286624196242],[117.87397743157432,-20.51610134494345]]],[[[117.74419826202262,-20.62733209385094],[117.71694925489255,-20.607703138161384],[117.71140708395085,-20.64282863781638],[117.73403761529616,-20.653848402414024],[117.74419826202262,-20.62733209385094]]],[[[117.08929839574397,-20.616312329253294],[117.07267188291884,-20.616312329253294],[117.03803331453315,-20.63594128494285],[117.05835460798609,-20.63869622609226],[117.08929839574397,-20.616312329253294]]],[[[117.0846799199592,-20.446883448564485],[117.08190883448835,-20.431386904599048],[117.06851525471255,-20.43104253695537],[117.07590481596817,-20.465479301323015],[117.0846799199592,-20.446883448564485]]],[[[116.97522204386044,-20.43965172804728],[116.96598509229094,-20.425877022300224],[116.95998107377075,-20.430009434024342],[116.97383650112502,-20.445161610346105],[116.97522204386044,-20.43965172804728]]],[[[116.9530533600936,-20.420022772357722],[116.83851516063162,-20.35183797890979],[116.83158744695447,-20.35390418477185],[116.84913765493656,-20.37869865511655],[116.9530533600936,-20.420022772357722]]],[[[116.8865473087931,-20.480631477644778],[116.86068384439845,-20.489240668736688],[116.88562361363614,-20.42346644879449],[116.81634647686478,-20.51782318316183],[116.86622601534016,-20.518511918449185],[116.8865473087931,-20.480631477644778]]],[[[116.84405733157332,-20.45721447787478],[116.84313363641637,-20.45204896321963],[116.83759146547466,-20.458591948449484],[116.84405733157332,-20.45721447787478]]],[[[116.8389770082101,-20.4262213899439],[116.79925811646117,-20.45136022793228],[116.79833442130422,-20.47271102184022],[116.82512158085582,-20.458247580805807],[116.8389770082101,-20.4262213899439]]],[[[116.82004125749258,-20.41657909592096],[116.81819386717868,-20.416923463564636],[116.81218984865849,-20.44068483097831],[116.83435853242533,-20.415890360633608],[116.82004125749258,-20.41657909592096]]],[[[116.8274308187482,-20.46582366896669],[116.80249104951051,-20.474777227702276],[116.78678823184232,-20.515756977299773],[116.79925811646117,-20.518167550805508],[116.8274308187482,-20.46582366896669]]],[[[116.6976516491965,-20.644894843678436],[116.67455927027271,-20.651782196551967],[116.67548296542967,-20.661768858218583],[116.68333437426375,-20.66211322586226],[116.6976516491965,-20.644894843678436]]],[[[116.69210947825479,-20.50542594798948],[116.67825405090052,-20.5037041097711],[116.67733035574356,-20.523333065460655],[116.68980024036242,-20.518856286092863],[116.69210947825479,-20.50542594798948]]],[[[116.6805632887929,-20.583941770747707],[116.64915765345654,-20.59909394706947],[116.63530222610227,-20.632497608506085],[116.6671697090171,-20.628365196781967],[116.6805632887929,-20.583941770747707]]],[[[116.67640666058661,-20.54881627109271],[116.62421788421885,-20.572233270862707],[116.6002018101381,-20.612179917529176],[116.63530222610227,-20.607703138161384],[116.67640666058661,-20.54881627109271]]],[[[116.67132633722338,-20.518167550805508],[116.65608536713368,-20.517478815518157],[116.6616275380754,-20.527121109541095],[116.67132633722338,-20.518167550805508]]],[[[116.66208938565386,-20.67554356396564],[116.65100504377044,-20.672099887528876],[116.65700906229063,-20.680709078620787],[116.66208938565386,-20.67554356396564]]],[[[116.6500813486135,-20.54881627109271],[116.63530222610227,-20.555014888678887],[116.64546287282873,-20.558114197471976],[116.6500813486135,-20.54881627109271]]],[[[116.63484037852379,-20.458936316093162],[116.6269889696897,-20.453770801438015],[116.62791266484666,-20.460313786667868],[116.63484037852379,-20.458936316093162]]],[[[116.61913756085562,-20.473744124771247],[116.60943876170762,-20.453770801438015],[116.56602508933089,-20.485796992299925],[116.58911746825468,-20.500949168621688],[116.61913756085562,-20.473744124771247]]],[[[116.58634638278383,-20.575676947299474],[116.48612545825459,-20.584974873678735],[116.4630330793308,-20.60976934402344],[116.5526315095551,-20.620789108621086],[116.58634638278383,-20.575676947299474]]],[[[116.5050612089721,-35.02809821711217],[116.49074393403934,-35.03326373176732],[116.49905719045191,-35.0363630405604],[116.5050612089721,-35.02809821711217]]],[[[116.4514868898689,-20.664523799367995],[116.44871580439805,-20.651782196551967],[116.43393668188682,-20.65522587298873],[116.4514868898689,-20.664523799367995]]],[[[116.24873580291803,-20.813290621436213],[116.24226993681937,-20.803648327413274],[116.24735026018261,-20.818800503735037],[116.24873580291803,-20.813290621436213]]],[[[116.1789968185682,-20.945183428964288],[116.17437834278343,-20.934852399653998],[116.17576388551886,-20.956203193561937],[116.1789968185682,-20.945183428964288]]],[[[116.1577518299583,-20.937607340803407],[116.14759118323184,-20.934163664366643],[116.15220965901659,-20.948282737757378],[116.1577518299583,-20.937607340803407]]],[[[115.9023501190612,-20.955514458274582],[115.90096457632578,-20.937607340803407],[115.88526175865759,-20.93864044373444],[115.88156697802978,-20.949660208332084],[115.9023501190612,-20.955514458274582]]],[[[115.70052272726728,-32.22632306816068],[115.67465926287264,-32.165025627586274],[115.66034198793989,-32.15607206885069],[115.68066328139282,-32.24423018563186],[115.70052272726728,-32.22632306816068]]],[[[115.6945187087471,-32.305183258562586],[115.68990023296233,-32.30173958212582],[115.68990023296233,-32.30897130264303],[115.6945187087471,-32.305183258562586]]],[[[115.5855226802268,-20.403493125461257],[115.56012106341063,-20.3780099198292],[115.5458037884779,-20.381453596265963],[115.57720942381424,-20.41967840471405],[115.5855226802268,-20.403493125461257]]],[[[115.58321344233443,-20.661080122931228],[115.58136605202053,-20.65143782890829],[115.56566323435234,-20.641106799597996],[115.58321344233443,-20.661080122931228]]],[[[115.55827367309674,-32.00351720270203],[115.51116522009221,-31.98767629109291],[115.44973949215493,-32.02624546718467],[115.52779173291734,-32.027622937759375],[115.55827367309674,-32.00351720270203]]],[[[115.5513459594196,-20.442406669196693],[115.5476511787918,-20.43517494867949],[115.54303270300704,-20.440340463334632],[115.54857487394875,-20.446883448564485],[115.5513459594196,-20.442406669196693]]],[[[115.54903672152722,-20.43276437517375],[115.54395639816398,-20.415201625346253],[115.54303270300704,-20.43689678689787],[115.54903672152722,-20.43276437517375]]],[[[115.54718933121332,-21.387007115801158],[115.54257085542856,-21.38184160114601],[115.54257085542856,-21.39458320396204],[115.54718933121332,-21.387007115801158]]],[[[115.53194836112361,-20.478565271782717],[115.53333390385905,-20.413479787127873],[115.5171692386124,-20.441373566265664],[115.52132586681867,-20.506114683276834],[115.53194836112361,-20.478565271782717]]],[[[115.52594434260344,-20.410380478334783],[115.5264061901819,-20.411069213622138],[115.54072346511465,-20.402460022530224],[115.52594434260344,-20.410380478334783]]],[[[115.53933792237923,-20.371811302243024],[115.53241020870209,-20.361135905289053],[115.51255076282763,-20.364923949369494],[115.53933792237923,-20.371811302243024]]],[[[115.52963912323123,-20.42312208115081],[115.5264061901819,-20.415890360633608],[115.52363510471105,-20.42794322816228],[115.52963912323123,-20.42312208115081]]],[[[115.52594434260344,-20.399705081380816],[115.51994032408325,-20.389029684426845],[115.51763108619087,-20.40108255195552],[115.52594434260344,-20.399705081380816]]],[[[115.476988499285,-20.73339732810328],[115.46867524287244,-20.68036471097711],[115.4331129793298,-20.66693437287373],[115.32134586533866,-20.80812510678107],[115.32088401776018,-20.891462076550766],[115.42064309471095,-20.863568297412975],[115.476988499285,-20.73339732810328]]],[[[115.4654423098231,-21.493416717697176],[115.4349603696437,-21.50305901172012],[115.42018124713248,-21.52027739390394],[115.43726960753608,-21.528197849708498],[115.4654423098231,-21.493416717697176]]],[[[115.36152660466605,-21.485151894248943],[115.35598443372434,-21.468277879708797],[115.35090411036111,-21.48343005603056],[115.36152660466605,-21.485151894248943]]],[[[115.33704868300684,-20.966189855228553],[115.3167273895539,-20.948282737757378],[115.32411695080951,-20.973765943389434],[115.33704868300684,-20.966189855228553]]],[[[115.33612498784989,-20.9055811499415],[115.32088401776018,-20.89593885591856],[115.3167273895539,-20.93829607609076],[115.33612498784989,-20.9055811499415]]],[[[115.24837394793948,-21.568833231662317],[115.22943819722198,-21.56952196694967],[115.21234983681838,-21.599826319593195],[115.24837394793948,-21.568833231662317]]],[[[115.0248397199572,-21.45829121804218],[114.99574332251323,-21.4507151298813],[114.97172724843249,-21.45932432097321],[115.01698831112311,-21.46517857091571],[115.0248397199572,-21.45829121804218]]],[[[114.76666692358924,-21.522343599765996],[114.75742997201972,-21.528197849708498],[114.76666692358924,-21.52888658499585],[114.76666692358924,-21.522343599765996]]],[[[114.69738978681788,-21.625998260512606],[114.6853817497775,-21.60499183424834],[114.66367491358915,-21.592250231432313],[114.68214881672817,-21.630819407524076],[114.69738978681788,-21.625998260512606]]],[[[114.5823897397774,-21.99102796280963],[114.57915680672808,-21.983796242292424],[114.56622507453075,-21.98689555108551],[114.57084355031552,-22.001014624476245],[114.5823897397774,-21.99102796280963]]],[[[114.53989976255764,-22.05266977102771],[114.54082345771458,-22.007557609706097],[114.51034151753518,-21.99378290395904],[114.50064271838718,-22.012378756717567],[114.53989976255764,-22.05266977102771]]],[[[114.49140576681768,-22.11844399096991],[114.48447805314053,-22.135318005510054],[114.49002022408224,-22.135318005510054],[114.49140576681768,-22.11844399096991]]],[[[114.49002022408224,-22.147026505395054],[114.48263066282664,-22.150470181831817],[114.4890965289253,-22.15322512298123],[114.49002022408224,-22.147026505395054]]],[[[114.39257038502386,-21.62840883401834],[114.37548202462025,-21.628064466374664],[114.35839366421665,-21.651137098500985],[114.36993985367855,-21.651825833788337],[114.39257038502386,-21.62840883401834]]],[[[114.3514659505395,-21.66594490717907],[114.34546193201933,-21.66043502488025],[114.31775107731077,-21.68557386286863],[114.30620488784888,-21.711745803788038],[114.3343775901359,-21.675242833558336],[114.3514659505395,-21.66594490717907]]],[[[114.18889560291603,-22.422520620336204],[114.18150604166043,-22.410812120451205],[114.1819678892389,-22.42389809091091],[114.18889560291603,-22.422520620336204]]],[[[114.17273093766939,-22.447315090680906],[114.1477911684317,-22.48932794320943],[114.1667269191492,-22.47383139924399],[114.17273093766939,-22.447315090680906]]],[[[114.00554211426115,-28.900764733177333],[113.96674691766918,-28.93279092403924],[113.96212844188443,-28.985134805878058],[113.96720876524766,-28.93864517398174],[114.00554211426115,-28.900764733177333]]],[[[113.92194770255703,-25.88375980692807],[113.90947781793818,-25.81729685169852],[113.85590349883499,-25.810753866468666],[113.85821273672737,-25.86826326296263],[113.92194770255703,-25.88375980692807]]],[[[113.87899587775878,-26.029082952559527],[113.85728904157043,-26.007043423364234],[113.83742959569597,-26.002222276352764],[113.87899587775878,-26.029082952559527]]],[[[113.88038142049422,-26.03046042313423],[113.87945772533726,-26.042857658306584],[113.8826906583866,-26.032182261352613],[113.88038142049422,-26.03046042313423]]],[[[113.87206816408165,-26.0645528198582],[113.87761033502336,-26.048367540605405],[113.87206816408165,-26.064208452214523],[113.87206816408165,-26.0645528198582]]],[[[113.86837338345384,-26.384125993189933],[113.86514045040451,-26.34865612589126],[113.85867458430585,-26.356576581695816],[113.86837338345384,-26.384125993189933]]],[[[113.78801190479905,-28.714117470304704],[113.77969864838649,-28.70929632329323],[113.78431712417125,-28.72307102904029],[113.78801190479905,-28.714117470304704]]],[[[113.77508017260173,-26.543568212212122],[113.77230908713088,-26.531515344683445],[113.75937735493356,-26.535303388763886],[113.7699998492385,-26.549078094510946],[113.77508017260173,-26.543568212212122]]],[[[113.74459823242233,-28.426226120191203],[113.71827292044921,-28.430014164271643],[113.71919661560617,-28.44551070823708],[113.73028095748958,-28.4437888700187],[113.74459823242233,-28.426226120191203]]],[[[113.72104400592006,-26.06145351106511],[113.71688737771379,-26.05766546698467],[113.7053411882519,-26.09416843721437],[113.72104400592006,-26.06145351106511]]],[[[113.70857412130123,-28.462729090420904],[113.6822488093281,-28.454119899328994],[113.68594358995591,-28.485112987259875],[113.69610423668237,-28.484079884328843],[113.70857412130123,-28.462729090420904]]],[[[113.64114437484375,-24.886126743197433],[113.6439154603146,-24.87097456687567],[113.61989938623387,-24.872352037450373],[113.6383732893729,-24.90162328716287],[113.64114437484375,-24.886126743197433]]],[[[113.60327287340874,-28.29777698909989],[113.59495961699618,-28.28916779800798],[113.58849375089751,-28.300187562605625],[113.59819255004551,-28.308108018410184],[113.60327287340874,-28.29777698909989]]],[[[113.34048160125602,-26.322139817328175],[113.3367868206282,-26.30974258215582],[113.33216834484345,-26.316974302673028],[113.34048160125602,-26.322139817328175]]],[[[113.23702774367744,-26.104155098880987],[113.16821245448455,-25.943335409284092],[113.13680681914819,-25.97742780600806],[113.12664617242173,-25.92232898301983],[113.15620441744419,-25.887892218652187],[113.10955781201812,-25.867918895318954],[113.00933688748889,-25.56108732480325],[113.02273046726468,-25.499101148941488],[112.97054169089691,-25.48050529618296],[112.921124,-25.588292368653686],[112.96730875784759,-25.78320445497455],[113.21624460264603,-26.162353230662305],[113.23702774367744,-26.104155098880987]]],[[[113.16636506417065,-24.780750244232443],[113.15712811260113,-24.754578303313032],[113.11879476358764,-24.987026462794628],[113.14973855134552,-24.935026948599486],[113.16636506417065,-24.780750244232443]]],[[[113.12803171515716,-25.060032403254034],[113.11833291600917,-24.992191977449774],[113.07584293878939,-25.273195974689745],[113.0910839088791,-25.18779279905799],[113.12803171515716,-25.060032403254034]]]]}},{"id":5,"type":"Feature","properties":{"STATE_CODE":"6","STATE_NAME":"Tasmania","total_fire":5804,"avg_frp":13.21,"grid_cells":6},"geometry":{"type":"MultiPolygon","coordinates":[[[[148.4820019999,-40.4350145904759],[148.45152005972062,-40.376816458694584],[148.40718269218692,-40.37784956162562],[148.329592299003,-40.290724547775476],[148.26678102833029,-40.340657856108564],[148.2108974713347,-40.31792959162591],[148.1919617206172,-40.356154400074],[148.0815801493615,-40.339280385533854],[147.98366846272464,-40.40264403197032],[148.08573677756777,-40.45739848731487],[148.1961183488235,-40.43535895811958],[148.2266002890029,-40.46600767840678],[148.30973285312854,-40.42674976702767],[148.3503754400344,-40.49286835461355],[148.4820019999,-40.4350145904759]]],[[[148.3633071722317,-39.94773437467374],[148.35176098276983,-39.95083368346683],[148.36145978191783,-39.953588624616245],[148.3633071722317,-39.94773437467374]]],[[[144.75443019402195,-41.06176370196702],[144.69531370397704,-41.048333363863634],[144.68376751451515,-41.03834670219702],[144.65928959285594,-41.057286922599225],[144.6833056669367,-41.23498062673627],[144.78999245756458,-41.39511158104581],[144.74611693760937,-41.42162788960889],[144.8394101484615,-41.505653594665944],[144.92069532227322,-41.66750638719387],[145.0509363394034,-41.60793078483785],[144.91099652312525,-41.691267754607544],[144.98489213568138,-41.73569118064181],[145.12437010438106,-41.90064328196282],[145.20426973545736,-41.93680188454884],[145.26384807308074,-42.11242938282383],[145.22320548617486,-42.218838984719845],[145.2897115374754,-42.22744817581176],[145.29017338505386,-42.196799455524555],[145.26800470128703,-42.20230933782338],[145.33404890500907,-42.151687294202944],[145.37284410160103,-42.195421984949846],[145.34605694204942,-42.20678611719117],[145.37238225402254,-42.20230933782338],[145.36499269276692,-42.251553910869106],[145.48091643496434,-42.36450649799498],[145.49431001474017,-42.321804910179104],[145.5123220703007,-42.37414879201792],[145.55758313299134,-42.3569304098341],[145.51324576545767,-42.434413129661294],[145.61808516577167,-42.44543289425894],[145.60792451904518,-42.453008982419824],[145.5548120475205,-42.440267379603796],[145.53125782101822,-42.44956530598306],[145.49200077684776,-42.42236026213262],[145.45782405604058,-42.43475749730497],[145.4739887212872,-42.52601492287923],[145.44673971415716,-42.437512438454384],[145.45320558025583,-42.404453144661446],[145.31003283092832,-42.320427439604394],[145.31742239218391,-42.2853019399494],[145.25368742635428,-42.28840124874249],[145.2075026685067,-42.200243131961315],[145.1654745388654,-42.19714382316823],[145.2135066870269,-42.27772585178852],[145.1959564790448,-42.328003527765276],[145.24491232236323,-42.406174982879826],[145.25276373119732,-42.52222687879879],[145.3044906599866,-42.57112708420084],[145.26292437792378,-42.621749127821275],[145.36637823550237,-42.6565302598326],[145.382542900749,-42.76879411167111],[145.41441038366384,-42.780846979199794],[145.45182003752038,-42.897931978049776],[145.4878441486415,-42.91342852201522],[145.49477186231863,-42.99159997712977],[145.5908361586416,-42.972659756727566],[145.6476434107941,-43.04842063833638],[145.6822819791798,-43.05048684419844],[145.66473177119772,-43.096287740807405],[145.73631814586147,-43.116605431784315],[145.72153902335023,-43.13623438747388],[145.8079045205252,-43.20958469557696],[145.84115754617545,-43.31530556218562],[145.9265993481935,-43.300497753507535],[145.92382826272262,-43.2674384597146],[145.86240253478536,-43.27294834201342],[145.92844673850738,-43.24505456287563],[145.91736239662396,-43.21130653379534],[145.9801736672967,-43.23472353356534],[145.95338650774508,-43.28121316546165],[146.00372789379895,-43.33527888551885],[146.05914960321604,-43.333557047300474],[146.06469177415775,-43.28947798890989],[146.1118002271623,-43.34836485597856],[146.1686074793148,-43.29119982712827],[146.1764588881489,-43.32666969442694],[146.2314187499875,-43.322537282702825],[146.22310549357493,-43.38900023793238],[146.155213899539,-43.36282829701297],[146.17692073572738,-43.38211288505885],[146.1344307585076,-43.37660300276003],[146.14459140523405,-43.408629193621934],[146.1399729294493,-43.40656298775988],[146.1265793496735,-43.373848061610616],[146.1307359778798,-43.35559657649576],[146.0582259080591,-43.344576811898115],[146.08362752487525,-43.37143748810488],[145.98663953339533,-43.32942463557635],[145.99356724707246,-43.394165752587526],[145.97740258182583,-43.35559657649576],[145.92151902483025,-43.3814241497715],[145.9972620277003,-43.406907355403554],[146.04298493796938,-43.5084958102881],[146.03097690092903,-43.570826353793535],[146.07947089666897,-43.54086636879369],[146.10995283684838,-43.55705164804648],[146.14782433828339,-43.50160845741457],[146.20971191379914,-43.53466775120751],[146.2161777798978,-43.48542317816178],[146.27298503205031,-43.49850914862149],[146.29007339245393,-43.54465441287413],[146.34457140671407,-43.512972589655895],[146.59627833698337,-43.5436213099431],[146.55147912187124,-43.51056201615016],[146.55933053070532,-43.464761119541194],[146.6073626788668,-43.55016429517295],[146.5995112700327,-43.56187279505795],[146.70527436550367,-43.63350126494265],[146.78517399657997,-43.60044197114971],[146.83135875442755,-43.6152497798278],[146.8267402786428,-43.64314355896559],[146.87107764617647,-43.63866677959779],[146.92095718465185,-43.600097603506036],[146.87754351227514,-43.55808475097751],[146.90063589119893,-43.516071898448985],[146.91726240402406,-43.54637625109251],[146.97776443680436,-43.49403236925369],[146.94358771599718,-43.51193948672486],[146.94220217326173,-43.47819145764458],[147.0017805108851,-43.47956892821928],[146.9833066077461,-43.45477445787458],[146.91541501371015,-43.447198369713696],[146.9237282701227,-43.41551654649546],[146.9505154296743,-43.447542737357374],[147.01748332855328,-43.44341032563325],[147.0595114581946,-43.35318600299003],[146.98238291258912,-43.33011337086371],[147.06551547671478,-43.33286831201312],[147.10015404510045,-43.29016672419724],[146.95005358209582,-43.16378379896799],[146.95975238124382,-43.15620771080711],[146.98053552227523,-43.15896265195652],[147.02949136559366,-43.058751667646675],[146.98423030290303,-43.18926700460005],[147.06182069608695,-43.22508123954239],[147.08260383711837,-43.163095063680636],[147.11770425308254,-43.21061779850798],[147.08906970321704,-43.24333272465724],[147.1509572787328,-43.241266518795186],[147.16758379155792,-43.283279371323715],[147.242403099271,-43.26812719500195],[147.26087700241004,-43.22335940132401],[147.2465597274773,-43.122459681726816],[147.30105774173742,-43.088022917359176],[147.25533483146833,-43.07321510868108],[147.2654954781948,-43.021215594485945],[147.34447141411414,-43.05151994712947],[147.32415012066122,-43.00606341816418],[147.3610979269393,-42.91411725730257],[147.3223027303473,-42.83215775810758],[147.2557966790468,-42.81493937592376],[147.28304568617688,-42.790144905579055],[147.1985275793158,-42.740555964889644],[147.1144713200332,-42.77327089103891],[147.1989894268943,-42.72540378856788],[147.25672037420375,-42.75708561178612],[147.252101898419,-42.751231361843615],[147.26272439272392,-42.73022493557936],[147.2654954781948,-42.738834126671264],[147.2562585266253,-42.7484764206942],[147.26457178303784,-42.77843640569406],[147.29274448532487,-42.78980053793538],[147.28166014344146,-42.8011646701767],[147.347242499585,-42.83525706690067],[147.35232282294822,-42.875892448854486],[147.404511599316,-42.88415727230272],[147.40913007510076,-42.93891172764727],[147.4788690594506,-42.90619680149801],[147.49133894406944,-42.92720322776228],[147.4460778813788,-42.96439493327933],[147.47840721187214,-42.98195768310683],[147.46870841272414,-43.02672547678477],[147.42991321613218,-43.02741421207212],[147.4086682275223,-42.96301746270463],[147.39204171469714,-42.975759065520656],[147.41882887424876,-43.05048684419844],[147.5208971890919,-43.021215594485945],[147.55415021474215,-42.98574572718727],[147.49503372469727,-42.91136231615316],[147.5038088286883,-42.86418394896949],[147.61326670478707,-42.84593246385464],[147.5130457802578,-42.81115133184332],[147.48117829734298,-42.82664787580876],[147.43453169191693,-42.77395962632626],[147.53521446402465,-42.80529708190082],[147.53890924465244,-42.771549052820525],[147.59202171617716,-42.8011646701767],[147.5855558500785,-42.77809203805038],[147.59433095406956,-42.78153571448714],[147.60356790563907,-42.798065361383614],[147.5966401919619,-42.81321753770538],[147.62157996119961,-42.84455499327993],[147.60587714353144,-42.86934946362464],[147.68392938429383,-42.86280647839478],[147.70101774469745,-42.87176003713037],[147.68439123187233,-42.86452831661317],[147.65621852958532,-42.882091066440665],[147.64005386433865,-42.87968049293493],[147.66915026178262,-42.9020643897739],[147.79061617492175,-42.90309749270492],[147.84465234160342,-42.87417061063611],[147.86451178747788,-42.81459500828008],[147.88390938577388,-42.84558809621096],[147.8792909099891,-42.769827214602145],[147.9467206564466,-42.72815872971729],[147.94533511371114,-42.606252583855834],[147.87513428178283,-42.55494180494805],[147.88852786155863,-42.545299510925105],[147.91346763079633,-42.548398819718194],[147.89730296554967,-42.52394871701717],[147.92362827752277,-42.49674367316673],[147.94902989433893,-42.553219966729664],[148.01045562227623,-42.51051837891379],[147.98874878608785,-42.49846551138511],[148.01045562227623,-42.44130048253482],[147.9767407490475,-42.44095611489115],[148.0183070311103,-42.31491755730557],[147.96196162653627,-42.35727477747778],[147.9310178387784,-42.343500071730716],[147.97766444420444,-42.30734146914469],[148.00029497554976,-42.3100964102941],[148.01368855532556,-42.23950104334043],[148.0838893872539,-42.16787257345573],[148.0852749299893,-42.12551535328353],[148.04647973339735,-42.11828363276633],[148.12407012658127,-42.092456059490594],[148.23537539299394,-42.09796594178942],[148.09358818640186,-42.08109192724927],[148.1651745610656,-42.051820677536774],[148.13330707815078,-42.043900221732216],[148.1633271707517,-41.99809932512325],[148.19750389155894,-42.020827589605894],[148.24322680182803,-41.98845703110031],[148.15732315223153,-42.07420457437574],[148.2210581180612,-42.06869469207692],[148.24738343003432,-42.11690616219162],[148.29864851124512,-42.12551535328353],[148.2593914670747,-42.16546199995],[148.291720797568,-42.19163394086941],[148.2515400582406,-42.23020311696117],[148.2931063403034,-42.28185826351263],[148.34621881182812,-42.223660131731314],[148.35730315371154,-42.18026980862808],[148.29772481608816,-42.16649510288103],[148.34067664088641,-42.10278708880089],[148.28479308389086,-42.039079074720746],[148.3235882804828,-41.91717292885929],[148.2644717904379,-41.8073196505265],[148.3046525297653,-41.74808841581416],[148.2838693887339,-41.71985026903269],[148.31666056680567,-41.57521585868859],[148.2492308203482,-41.48602463897639],[148.26354809528095,-41.477071080240805],[148.27093765653657,-41.50255428587286],[148.27925091294912,-41.37169458127581],[148.35915054402545,-41.27940405277052],[148.27139950411504,-41.339668390413905],[148.2358372405724,-41.322794375873755],[148.33836740299404,-41.260119464724646],[148.25292560097603,-41.19090156834568],[148.28479308389086,-41.16851767150671],[148.26955211380115,-41.12616045133451],[148.29818666366663,-41.063829907829074],[148.2496926679267,-41.051088305013046],[148.29403003546037,-41.029048775817756],[148.2968011209312,-41.062108069610694],[148.34945174487746,-40.99289017323173],[148.2229055083751,-40.84618955702557],[148.1785681408414,-40.82105071903719],[148.17394966505665,-40.838613468864686],[148.12637936447365,-40.83620289535895],[148.11529502259023,-40.813818998519984],[148.1753352077921,-40.8296599101291],[148.03262430604306,-40.751144087370875],[147.9388692476125,-40.74012432277323],[147.95872869348693,-40.76491879311793],[147.88714231882318,-40.86340793920939],[147.9042306792268,-40.877527012600126],[147.8220218102581,-40.88682493897939],[147.75643945411454,-40.865129777427775],[147.7518209783298,-40.87580517438174],[147.6696121093611,-40.82105071903719],[147.59479280164803,-40.84928886581866],[147.49087709649098,-40.97945983512835],[147.3971220380604,-41.002876834898345],[147.43453169191693,-41.011830393633936],[147.40127866626668,-41.01148602599026],[147.38419030586306,-40.98049293805938],[147.35555575599756,-40.982214776277765],[147.3453951092711,-40.93951318846188],[147.27981275312754,-40.941579394323945],[147.15788499240995,-41.03145934932349],[147.02071626160262,-40.9801485704157],[146.95929053366535,-41.027326937599376],[146.87477242680427,-41.01871774650746],[146.7865595393154,-41.054187613806135],[146.82766397379976,-41.13614711300113],[146.90017404362044,-41.136835848288484],[146.96529455218553,-41.19021283305833],[146.9121820806608,-41.211907994609945],[146.9445114111541,-41.20639811231112],[147.0151740906609,-41.27630474397744],[146.97822628438286,-41.308675302483024],[147.07382873312736,-41.33002609639097],[147.08906970321704,-41.353787463804636],[147.07890905649057,-41.36549596368964],[147.127864899809,-41.41095249265493],[147.12694120465204,-41.43230328656286],[147.14449141263412,-41.41749547788478],[147.15465205936061,-41.416118007310075],[147.15603760209603,-41.41749547788478],[147.14587695536954,-41.4171511102411],[147.1431058698987,-41.429203977769774],[147.12186088128882,-41.44366741880419],[147.11216208214083,-41.42197225725257],[147.12324642402425,-41.40957502208022],[147.07382873312736,-41.38409181644816],[147.0687484097641,-41.35447619909199],[147.07706166617666,-41.34104586098861],[147.03364799379995,-41.35585366966669],[146.97083672312723,-41.30936403777038],[146.97453150375503,-41.25185464127641],[146.94589695388953,-41.260119464724646],[146.8974029581496,-41.20261006823068],[146.92326642254423,-41.16989514208142],[146.83412983989842,-41.16300778920789],[146.83921016326164,-41.20019949472495],[146.81796517465176,-41.14544503938039],[146.77085672164722,-41.16541836271362],[146.7634671603916,-41.14957745110451],[146.82027441254414,-41.13752458357583],[146.76854748375484,-41.07898208415084],[146.70758360339605,-41.063829907829074],[146.56441085406854,-41.14647814231142],[146.60967191675917,-41.1585310098401],[146.57826628142283,-41.18470295075951],[146.60690083128833,-41.25943072943729],[146.593969099091,-41.25151027363273],[146.58519399509996,-41.20502064173642],[146.5653345492255,-41.25116590598906],[146.57318595805958,-41.1891797301273],[146.54039477998782,-41.179193068460684],[146.5477843412434,-41.16851767150671],[146.56210161617616,-41.16748456857569],[146.53208152357524,-41.11858436317363],[146.36997302353024,-41.16748456857569],[146.38844692666927,-41.238079935529356],[146.3478043397634,-41.21741787690877],[146.3570412913329,-41.1585310098401],[146.31593685684857,-41.18298111254112],[146.33256336967372,-41.15646480397804],[146.25543482406823,-41.15198802461025],[146.25081634828348,-41.196411450644504],[146.2485071103911,-41.157153539265394],[146.15244281406814,-41.161974686276864],[146.16722193657938,-41.14647814231142],[146.11965163599638,-41.11892873081731],[145.95800498352983,-41.06314117254173],[145.92336641514416,-41.07794898121981],[145.87718165729657,-41.036969231622315],[145.83607722281224,-41.05694255495555],[145.69659925411256,-40.97463868811688],[145.7413984692247,-40.98531408507085],[145.72939043218435,-40.945023070760705],[145.56035421846218,-40.916784923979236],[145.51139837514376,-40.85342127754277],[145.43519352469525,-40.89440102714027],[145.44627786657867,-40.87132839501395],[145.39177985231854,-40.849633233462335],[145.3215790203902,-40.849633233462335],[145.2800127383274,-40.79384567518675],[145.2934063181032,-40.82690496897969],[145.26892839644398,-40.81106405737057],[145.2887878423184,-40.76629626369264],[145.3086472881929,-40.764230057830574],[145.26015329245294,-40.712230543635435],[145.2587677497175,-40.805898542715425],[145.11051467702677,-40.79419004283043],[145.1673219291793,-40.81898451317513],[145.1215990189102,-40.83792473357733],[144.97934996473964,-40.743223631566316],[144.92439010290104,-40.7638856901869],[144.78537398177983,-40.70844249955499],[144.76597638348383,-40.74356799920999],[144.72579564415645,-40.64163517668177],[144.67822534357344,-40.717051690646905],[144.71009282648828,-40.76147511668117],[144.7114783692237,-40.85824242455424],[144.68376751451515,-40.9071426299563],[144.61171929227294,-40.93572514438144],[144.63296428088282,-40.99392327616276],[144.60756266406665,-41.008731084840846],[144.66113698316985,-41.05349887851878],[144.68376751451515,-41.03765796690967],[144.69577555155553,-41.047988996219964],[144.7456550900309,-41.055565084380845],[144.75443019402195,-41.06176370196702]],[[144.77936996325963,-41.07967081943819],[144.78121735357354,-41.08001518708187],[144.77521333505337,-41.084147598805984],[144.77936996325963,-41.07967081943819]],[[144.77752257294574,-41.07002852541525],[144.7913780003,-41.068651054840544],[144.79507278092782,-41.05487634909349],[144.7913780003,-41.06899542248422],[144.77752257294574,-41.07002852541525]],[[144.79599647608478,-41.055565084380845],[144.7992294091341,-41.05797565788658],[144.79876756155562,-41.06004186374864],[144.79599647608478,-41.055565084380845]],[[144.7913780003,-41.08483633409334],[144.7913780003,-41.08621380466805],[144.7992294091341,-41.08965748110481],[144.79091615272154,-41.086902539955396],[144.7913780003,-41.08483633409334]],[[145.06432991917922,-41.63410272575726],[145.10358696334964,-41.65579788730887],[145.0814182795828,-41.657175357883574],[145.0620206812868,-41.64787743150431],[145.06432991917922,-41.63410272575726]],[[145.3885469192692,-42.196799455524555],[145.41487223124233,-42.196799455524555],[145.4111774506145,-42.198521293742935],[145.3885469192692,-42.196799455524555]],[[145.431036896489,-42.18991210265103],[145.49985218568187,-42.176481764547646],[145.48692045348454,-42.18681279385794],[145.47167948339484,-42.18543532328323],[145.46983209308092,-42.19714382316823],[145.44904895204954,-42.199898764317645],[145.431036896489,-42.18991210265103]],[[146.15659944227443,-43.41413907592076],[146.1686074793148,-43.41103976712767],[146.16629824142242,-43.41861585528855],[146.15659944227443,-43.41413907592076]],[[147.53567631160314,-42.96060688919889],[147.52874859792598,-42.98505699189992],[147.50935099963,-42.96714987442874],[147.51627871330714,-42.95199769810698],[147.53567631160314,-42.96060688919889]],[[148.30141959671596,-41.25116590598906],[148.2875641693617,-41.257020155931556],[148.2880260169402,-41.25013280305803],[148.30141959671596,-41.25116590598906]],[[147.20129866478666,-40.99977752610526],[147.20591714057142,-40.99977752610526],[147.20268420752208,-41.009075452484524],[147.20314605510055,-40.99977752610526],[147.20129866478666,-40.99977752610526]],[[146.1515191189112,-41.161974686276864],[146.15198096648967,-41.17678249495495],[146.1205753311533,-41.155776068690685],[146.12888858756588,-41.152332392253925],[146.1515191189112,-41.161974686276864]],[[145.12067532375323,-40.838957836508364],[145.1197516285963,-40.84102404237042],[145.09157892630927,-40.84756702760028],[145.12067532375323,-40.838957836508364]],[[148.24876897276974,-41.4595083304133],[148.24645973487736,-41.46983935972359],[148.23168061236612,-41.45330971282713],[148.24461234456345,-41.46674005093051],[148.24876897276974,-41.4595083304133]],[[148.22983322205224,-41.44263431587316],[148.22890952689528,-41.44263431587316],[148.22752398415986,-41.43161455127551],[148.22983322205224,-41.44263431587316]],[[148.21967257532577,-41.445733624666246],[148.21921072774728,-41.44676672759727],[148.21597779469795,-41.446077992309924],[148.21967257532577,-41.445733624666246]],[[148.20443160523607,-41.44366741880419],[148.1979657391374,-41.44228994822948],[148.20535530039302,-41.44091247765478],[148.20443160523607,-41.44366741880419]],[[148.07603797841978,-42.06697285385854],[148.07372874052743,-42.06525101564016],[148.06402994137943,-42.06835032443324],[148.07603797841978,-42.062496074490745],[148.07603797841978,-42.06697285385854]],[[147.05212189693898,-43.04187765310653],[147.0022423584636,-43.01673881511815],[147.03410984137844,-43.01088456517565],[147.0364190792708,-43.02465927092271],[147.05627852514527,-43.039811447244475],[147.05212189693898,-43.04187765310653]],[[146.91772425160252,-43.4368673404034],[146.90756360487606,-43.43239056103561],[146.90571621456215,-43.42068206115061],[146.90848730003302,-43.43204619339193],[146.91772425160252,-43.4368673404034]],[[145.91782424420245,-43.210273430864305],[145.90858729263294,-43.18685643109431],[145.92706119577196,-43.18926700460005],[145.9205953296733,-43.161373225462256],[145.94045477554778,-43.15035346086461],[145.92151902483025,-43.163095063680636],[145.93722184249845,-43.191333210462105],[145.91782424420245,-43.210273430864305]],[[145.61392853756539,-42.437512438454384],[145.67304502761027,-42.44267795310953],[145.67165948487485,-42.560796054890545],[145.7413984692247,-42.59110040753407],[145.71830609030093,-42.590067304603046],[145.6711976372964,-42.56251789310893],[145.6651936187762,-42.52739239345394],[145.67212133245334,-42.44474415897159],[145.62639842218422,-42.44577726190262],[145.61392853756539,-42.437512438454384]],[[145.24629786509865,-42.03046988362883],[145.2532255787758,-42.018761383743836],[145.26754285370856,-42.02289379546795],[145.2532255787758,-42.01945011903119],[145.24629786509865,-42.03046988362883]]],[[[148.34991359245595,-40.51731845731457],[148.3448332690927,-40.4994113398434],[148.33097784173842,-40.49631203105031],[148.34021479330795,-40.516974089670896],[148.34991359245595,-40.51731845731457]]],[[[148.34760435456354,-39.95083368346683],[148.32866860384604,-39.93189346306463],[148.31527502407025,-39.94670127174272],[148.32312643290433,-39.959442874558746],[148.34760435456354,-39.95083368346683]]],[[[148.34575696424966,-42.341778233512336],[148.29864851124512,-42.2925336604666],[148.23629908815087,-42.30665273385734],[148.25200190581907,-42.32869226305263],[148.34575696424966,-42.341778233512336]]],[[[148.33421077478775,-40.20842068093681],[148.2875641693617,-40.08066028513285],[148.27925091294912,-40.1164745200752],[148.22336735595357,-40.12095129944299],[148.28617862662628,-40.06791868231682],[148.2912589499895,-39.96495275685757],[148.177182598106,-39.95221115404154],[147.96057608380085,-39.73009402387024],[147.99059617640177,-39.77933859691597],[147.96658010232102,-39.772795611686114],[147.9559576080161,-39.74490183254832],[147.9559576080161,-39.732160229732294],[147.96334716927169,-39.72699471507715],[147.84788527465275,-39.750756082490824],[147.86959211084113,-39.786570317433174],[147.84372864644646,-39.83719236105361],[147.748126197702,-39.873695331283315],[147.80447160227604,-39.91674128674287],[147.88021460514605,-39.9074433603636],[147.90653991711918,-39.97631688909889],[147.85896961653617,-40.02349525628256],[147.93378892424926,-40.03451502088021],[147.95364837012372,-40.0989117702477],[147.96380901685018,-40.075150402834026],[148.0072226892269,-40.10545475547755],[148.04601788581886,-40.2494004305343],[148.12222273626736,-40.27419490087901],[148.21043562375624,-40.210831254442546],[148.2834075411554,-40.231493313063126],[148.33421077478775,-40.20842068093681]]],[[[148.3258975183752,-40.287625238982386],[148.2954155781958,-40.25732088633886],[148.2783272177922,-40.284181562545626],[148.3064999200792,-40.29279075363753],[148.3258975183752,-40.287625238982386]]],[[[148.31850795711958,-40.50113317806178],[148.30326698702987,-40.50423248685487],[148.30419068218683,-40.52110650139501],[148.31481317649178,-40.52041776610766],[148.31850795711958,-40.50113317806178]]],[[[148.26678102833029,-40.25249973932739],[148.25662038160382,-40.24182434237342],[148.22798583173832,-40.240791239442395],[148.23398985025852,-40.25456594518945],[148.26678102833029,-40.25249973932739]]],[[[148.26170070496704,-40.228394004270044],[148.2570822291823,-40.22185101904019],[148.24461234456345,-40.225294695476954],[148.26170070496704,-40.228394004270044]]],[[[148.24830712519127,-40.4877028399584],[148.09589742429426,-40.53178189834898],[148.1254556693167,-40.5724172803028],[148.19842758671587,-40.5899800301303],[148.24830712519127,-40.4877028399584]]],[[[148.21505409954102,-40.254910312833125],[148.2016605197652,-40.24974479817798],[148.2058171479715,-40.25835398926989],[148.21505409954102,-40.254910312833125]]],[[[148.16886934169344,-42.64860980402804],[148.11991349837498,-42.5849017899479],[148.06726287442876,-42.57078271655716],[148.00953192711927,-42.66135140684407],[148.0663391792718,-42.67684795080951],[148.01368855532556,-42.741933435464354],[148.0931263388234,-42.72092700920009],[148.08111830178302,-42.66169577448775],[148.16886934169344,-42.64860980402804]]],[[[148.16609825622257,-40.292102018350185],[148.14300587729878,-40.29003581248812],[148.13192153541536,-40.29795626829268],[148.16609825622257,-40.292102018350185]]],[[[148.12776490720907,-40.734270072830725],[148.11945165079652,-40.72703835231352],[148.08989340577406,-40.74012432277323],[148.1083673089131,-40.74287926392264],[148.12776490720907,-40.734270072830725]]],[[[148.1162187177472,-40.30277741530415],[148.1083673089131,-40.295545694786945],[148.09774481460815,-40.30897603289033],[148.10744361375615,-40.312419709327095],[148.1162187177472,-40.30277741530415]]],[[[148.08204199693998,-40.48873594288943],[148.06172070348703,-40.46841825191252],[148.04786527613277,-40.47392813421134],[148.08204199693998,-40.48873594288943]]],[[[148.02523474478744,-40.35443256185562],[148.00629899406994,-40.35133325306253],[147.9804355296753,-40.36751853231532],[147.99475280460805,-40.3692403705337],[148.02523474478744,-40.35443256185562]]],[[[148.01137931743318,-43.22163756310563],[147.96380901685018,-43.19167757810578],[148.00583714649147,-43.13898932862328],[147.95457206528067,-43.13657875511755],[147.98089737725377,-43.10730750540505],[147.92639936299364,-43.021215594485945],[147.9993712803928,-42.96405056563565],[147.9707367305273,-42.86418394896949],[147.93979294276943,-42.877269919429196],[147.89176079460796,-42.84248878741787],[147.86127885442855,-42.87485934592346],[147.9079254598546,-42.90860737500375],[147.8030860595406,-42.89311083103831],[147.81509409658096,-42.93787862471625],[147.8658973302133,-42.94717655109551],[147.81139931595317,-42.96232872741727],[147.8566603786438,-42.98264641839418],[147.8469615794958,-43.01295077103771],[147.92501382025821,-43.0160500798308],[147.87236319631197,-43.023281800348],[147.8603551592716,-43.05737419707197],[147.84557603676038,-43.030513520865206],[147.81370855384554,-43.060473505865055],[147.7402747888679,-43.01398387396874],[147.71856795267954,-43.02810294735947],[147.73149968487687,-42.957163212762126],[147.67884906093062,-42.93443494827948],[147.67931090850908,-42.991944344773444],[147.61927072330724,-43.00675215345154],[147.62712213214132,-43.07355947632476],[147.7421221791818,-43.0949102702327],[147.68531492702928,-43.13864496097961],[147.7116402390024,-43.194432519255194],[147.7855358515585,-43.23782284235842],[147.84465234160342,-43.18754516638166],[147.87467243420434,-43.20648538678387],[147.87051580599808,-43.15173093143931],[147.84557603676038,-43.15448587258872],[147.86312624474246,-43.10799624069241],[147.89684111797118,-43.19098884281843],[148.01137931743318,-43.22163756310563]]],[[[148.0109174698547,-39.64847889231892],[147.98274476756768,-39.6371147600776],[147.96473271200713,-39.6605317598476],[147.99151987155872,-39.663286700997006],[148.0109174698547,-39.64847889231892]]],[[[148.00953192711927,-43.23644537178372],[147.99890943281434,-43.23300169534695],[147.99890943281434,-43.24643203345033],[148.00953192711927,-43.23644537178372]]],[[[147.9864395481955,-40.18603678409784],[147.98366846272464,-40.17742759300593],[147.97166042568426,-40.17570575478754],[147.97350781599818,-40.19430160754607],[147.9864395481955,-40.18603678409784]]],[[[147.9467206564466,-39.6970347300773],[147.9268612105721,-39.6853262301923],[147.88760416640167,-39.68773680369804],[147.90284513649138,-39.705299553525535],[147.9467206564466,-39.6970347300773]]],[[[147.93748370487705,-40.27006248915489],[147.93147968635688,-40.258009621626215],[147.91115839290393,-40.2786716802468],[147.92778490572906,-40.28177098903989],[147.93748370487705,-40.27006248915489]]],[[[147.91716241142413,-40.186381151741514],[147.9060780695407,-40.17742759300593],[147.8903752518725,-40.190513563465636],[147.91716241142413,-40.186381151741514]]],[[[147.90884915501155,-40.301744312373124],[147.83957201824018,-40.292102018350185],[147.83633908519084,-40.303466150591504],[147.881138300303,-40.32585004743047],[147.90884915501155,-40.301744312373124]]],[[[147.89314633734338,-40.097189932029316],[147.88668047124472,-40.09477935852358],[147.88668047124472,-40.10614349076491],[147.89314633734338,-40.097189932029316]]],[[[147.8030860595406,-40.3137971799018],[147.7993912789128,-40.29451259185592],[147.79061617492175,-40.2948569594996],[147.78738324187242,-40.300022474154744],[147.8030860595406,-40.3137971799018]]],[[[147.78738324187242,-40.04209110904109],[147.76429086294863,-40.028660770937705],[147.72641936151362,-40.10304418197182],[147.75643945411454,-40.09477935852358],[147.78738324187242,-40.04209110904109]]],[[[147.77906998545987,-39.90882083093831],[147.77398966209662,-39.903655316283164],[147.7689093387334,-39.90950956622566],[147.77906998545987,-39.90882083093831]]],[[[147.67561612788128,-43.13554565218652],[147.67238319483195,-43.12934703460034],[147.67053580451807,-43.14036679919799],[147.67561612788128,-43.13554565218652]]],[[[147.6488289683297,-42.954063903969036],[147.64374864496645,-42.94373287465874],[147.63589723613237,-42.94717655109551],[147.6446723401234,-42.958885050980506],[147.6488289683297,-42.954063903969036]]],[[[147.64421049254494,-40.78799142524425],[147.6409775594956,-40.779726601796014],[147.61696148541486,-40.81347463087631],[147.63404984581848,-40.807276013290135],[147.64421049254494,-40.78799142524425]]],[[[147.49087709649098,-43.061850976439764],[147.4848730779708,-43.044976961899614],[147.47194134577347,-43.04566569718697],[147.49087709649098,-43.061850976439764]]],[[[147.20268420752208,-43.4368673404034],[147.24563603232033,-43.44031101684017],[147.2465597274773,-43.492654898678985],[147.29459187563876,-43.516071898448985],[147.37910998249984,-43.39037770850708],[147.36710194545947,-43.35043106184062],[147.33431076738768,-43.36764944402444],[147.3223027303473,-43.303941429944295],[147.43314614918148,-43.23162422477225],[147.3513991277913,-43.06391718230182],[147.30659991267913,-43.113506122991225],[147.3610979269393,-43.113506122991225],[147.35601760357605,-43.14071116684167],[147.31029469330696,-43.13416818161181],[147.27611797249972,-43.1665387401174],[147.37910998249984,-43.17618103414034],[147.38326661070613,-43.206829754427545],[147.3412384810648,-43.219226989599896],[147.35786499388996,-43.255729959829594],[147.30567621752218,-43.29705407707077],[147.29089709501096,-43.24195525408254],[147.22254365339654,-43.339755664886646],[147.23455169043692,-43.36420576758768],[147.21284485424854,-43.38245725270252],[147.17912998101983,-43.352497267702674],[147.18005367617678,-43.458218134311345],[147.1223227288673,-43.41654964942649],[147.0936881790018,-43.42825814931149],[147.14633880294804,-43.4967873104031],[147.18282476164762,-43.48886685459855],[147.20268420752208,-43.4368673404034]],[[147.20268420752208,-43.43411239925399],[147.20222235994362,-43.419304590575905],[147.24194125169254,-43.41379470827708],[147.24194125169254,-43.425847575805754],[147.20268420752208,-43.43411239925399]]],[[[147.36155977451776,-39.465275305883054],[147.32184088276884,-39.45184496777968],[147.30567621752218,-39.48352679099791],[147.3513991277913,-39.497645864388645],[147.36155977451776,-39.465275305883054]]],[[[147.30475252236522,-39.451500600136],[147.2747324297643,-39.44358014433144],[147.29320633290334,-39.46217599708997],[147.26041515483155,-39.47939437927379],[147.289973399854,-39.477328173411735],[147.30475252236522,-39.451500600136]]],[[[147.14818619326195,-43.28603431247312],[147.13802554653546,-43.29016672419724],[147.14449141263412,-43.29429913592136],[147.14818619326195,-43.28603431247312]]],[[[147.13433076590766,-43.25745179804798],[147.1297122901229,-43.25297501868019],[147.12740305223053,-43.26399478327783],[147.13433076590766,-43.25745179804798]]],[[[147.10569621604216,-43.39623195844958],[147.09415002658028,-43.39864253195532],[147.10061589267895,-43.40931792890929],[147.10569621604216,-43.39623195844958]]],[[[147.08768416048161,-41.380303772367725],[147.07937090406904,-41.37272768420684],[147.08260383711837,-41.38478055173552],[147.08768416048161,-41.380303772367725]]],[[[147.04149940263403,-43.05324178534785],[147.0308769083291,-43.058407300003],[147.02348734707348,-43.077347520405205],[147.04149940263403,-43.05324178534785]]],[[[147.02025441402415,-43.09077785850858],[147.00501344393444,-43.104208196611964],[146.9999331205712,-43.12073784350844],[147.0137885479255,-43.111784284772845],[147.02025441402415,-43.09077785850858]]],[[[146.9962383399434,-39.221118646516466],[146.98561584563845,-39.20665520548205],[146.9773025892259,-39.229039102321025],[146.98746323595236,-39.23110530818308],[146.9962383399434,-39.221118646516466]]],[[[146.65816591249913,-39.463209100021],[146.6378446190462,-39.47388449697497],[146.64015385693858,-39.48008311456115],[146.65816591249913,-39.463209100021]]],[[[146.3953746403464,-39.23110530818308],[146.38844692666927,-39.224562322953226],[146.3805955178352,-39.23179404347043],[146.3953746403464,-39.23110530818308]]],[[[146.37736258478586,-43.59630955942559],[146.37505334689348,-43.58666726540265],[146.33671999787998,-43.5918327800578],[146.35149912039122,-43.60732932402324],[146.37736258478586,-43.59630955942559]]],[[[146.29700110613106,-43.61972655919559],[146.2923826303463,-43.612839206322064],[146.28545491666918,-43.621104029770294],[146.29700110613106,-43.61972655919559]]],[[[146.28637861182614,-43.65140838241382],[146.27483242236423,-43.636600573735734],[146.26698101353014,-43.657607],[146.28637861182614,-43.65140838241382]]],[[[145.97139856330563,-43.41827148764487],[145.9686274778348,-43.41241723770238],[145.96354715447154,-43.42309263465634],[145.97139856330563,-43.41827148764487]]],[[[145.1045106585066,-40.793501307543075],[145.04447047330473,-40.751144087370875],[145.04585601604018,-40.782481542945426],[145.1045106585066,-40.793501307543075]]],[[[144.9290085786858,-40.62235058863588],[144.8717394789548,-40.67848251455514],[144.89390816272163,-40.740468690416904],[145.068024699807,-40.71429674949749],[144.95487204308043,-40.62958230915309],[144.96780377527776,-40.65885355886559],[144.93732183509837,-40.64990000013],[144.92762303595038,-40.57723842731427],[144.9290085786858,-40.62235058863588]]],[[[144.97011301317013,-40.426405399383995],[144.95441019550196,-40.391279899729],[144.8869804490445,-40.38852495857959],[144.83479167267674,-40.44293504628046],[144.8966792481925,-40.48391479587796],[144.97011301317013,-40.426405399383995]]],[[[144.84125753877538,-40.69535652909529],[144.83248243478437,-40.69087974972749],[144.82370733079333,-40.69914457317573],[144.84125753877538,-40.69535652909529]]],[[[144.79276354303545,-40.417451840648404],[144.75581573675737,-40.48563663409634],[144.71055467406674,-40.48460353116531],[144.75766312707128,-40.60582094173942],[144.79091615272154,-40.50733179564796],[144.79276354303545,-40.417451840648404]]],[[[144.72348640626407,-40.606165309383094],[144.71748238774387,-40.59962232415324],[144.71609684500845,-40.60650967702677],[144.72348640626407,-40.606165309383094]]],[[[144.6980847894479,-40.63371472087721],[144.6791490387304,-40.62717173564735],[144.68746229514295,-40.63853586788868],[144.6980847894479,-40.63371472087721]]],[[[144.13832552433524,-39.93395966892669],[144.105072498685,-39.89125808111081],[144.12770303003032,-39.82135144944449],[144.1110765172052,-39.798967552605525],[144.12169901151012,-39.819285243582435],[144.1069198889989,-39.81997397886979],[144.09306446164462,-39.792424567375676],[144.11338575509757,-39.819285243582435],[144.10045402290024,-39.752477920709204],[144.10969097446974,-39.66982968622686],[143.94573508411085,-39.580638466514664],[143.92264270518706,-39.66879658329583],[143.84412861684618,-39.71563058283583],[143.86722099576997,-39.833404316973166],[143.83350612254122,-39.91570818381184],[143.8930844601646,-40.01109802111021],[143.88985152711527,-40.05379960892609],[143.85798404420046,-40.062408800018],[143.87507240460405,-40.11681888771888],[143.9258756382364,-40.157798637316375],[143.94989171231714,-40.113030843638434],[144.10553434626348,-40.04450168254682],[144.13832552433524,-39.93395966892669]]],[[[143.8376627507475,-39.669485318583185],[143.8265784088641,-39.66500853921539],[143.81918884760847,-39.67499520088201],[143.8376627507475,-39.669485318583185]]],[[[143.8358153604336,-39.68773680369804],[143.82611656128563,-39.68291565668657],[143.82981134191343,-39.69324668599686],[143.8358153604336,-39.68773680369804]]]]}},{"id":6,"type":"Feature","properties":{"STATE_CODE":"7","STATE_NAME":"Northern Territory","total_fire":403575,"avg_frp":10.8,"grid_cells":37},"geometry":{"type":"MultiPolygon","coordinates":[[[[138.00129490154902,-16.544509310423106],[137.86181693284934,-16.422603164561647],[137.72972852540525,-16.232167857608577],[137.3570175295753,-16.115771594045942],[137.37272034724347,-16.13333434387344],[137.25448736715367,-16.01246130094301],[137.08360376311765,-15.944276507495076],[136.9778406676467,-15.850952876058763],[136.9127201590816,-15.899853081460815],[136.95336274598748,-15.938422257552578],[136.8231217288573,-15.899164346173464],[136.76077230576306,-15.916382728357284],[136.771394800068,-15.889522052150522],[136.70627429150292,-15.93119053703537],[136.71366385275854,-15.85680712600126],[136.64300117325175,-15.768993376863769],[136.68272006500067,-15.777946935599356],[136.72428634706347,-15.69633180404804],[136.6439248684087,-15.672570436634366],[136.55525013334133,-15.750397524105242],[136.41207738401386,-15.626080804738049],[136.32663558199582,-15.601975069680698],[136.3173986304263,-15.626080804738049],[136.23980823724239,-15.41601654209542],[135.9816354408744,-15.286878675716757],[135.65741844078443,-15.052364310373104],[135.57982804760047,-15.045476957499577],[135.4786834279143,-14.975914693476934],[135.41079183387833,-14.873293135661356],[135.38215728401286,-14.72590378416784],[135.41633400482004,-14.734857342903428],[135.46482800056,-14.675626108191082],[135.5410328510085,-14.65255347606476],[135.5184023196632,-14.625348432214324],[135.53641437522376,-14.561296050490505],[135.6195469393494,-14.423204625376254],[135.67035017298173,-14.424237728307283],[135.7299285106051,-14.296821700147003],[135.70267950347505,-14.271338494514946],[135.73639437670377,-14.282013891468914],[135.79412532401324,-14.226226333193331],[135.903583200112,-14.190412098250984],[135.87864343087432,-14.166995098480985],[135.9095872186322,-13.990334497274972],[135.98902500213003,-13.89597776290763],[136.01350292378925,-13.76270748480485],[136.0832419081391,-13.655609147621476],[136.02597280840808,-13.652165471184713],[136.03382421724217,-13.682469823828239],[135.95623382405824,-13.743422896758968],[135.87956712603128,-13.712085441184414],[135.92159525567257,-13.675926838598386],[135.88049082118823,-13.66903948572486],[135.8352297584976,-13.590868030610306],[135.8694064793048,-13.561596780897808],[135.85970768015682,-13.440379370323704],[135.8943462485425,-13.425227194001941],[135.93129405482057,-13.46689567888679],[135.97286033688337,-13.402498929519297],[135.9266755790358,-13.41765110584106],[135.92067156051561,-13.377704459174591],[135.88002897360974,-13.363241018140183],[135.9188241702017,-13.26853991612916],[135.94838241522416,-13.253387739807398],[135.96362338531387,-13.294711857048572],[135.97932620298204,-13.222739019520198],[136.01211738105383,-13.214818563715639],[136.047217797018,-13.309864033370335],[136.05322181553817,-13.234447519405194],[136.08416560329604,-13.232725681186814],[136.09894472580726,-13.158686637796379],[136.14512948365484,-13.120461829348294],[136.13404514177142,-13.207242475554757],[136.18161544235443,-13.280937151301515],[136.16175599647997,-13.242023607566075],[136.2453504081841,-13.212407990209904],[136.218101401054,-13.138368946819469],[136.2527399694397,-13.121150564635649],[136.2564347500675,-13.15455422607226],[136.3155512401124,-13.159719740727407],[136.3210934110541,-13.120117461704616],[136.29153516603168,-13.107720226532265],[136.33356329567297,-13.034025550785508],[136.37143479710798,-13.070528521015213],[136.35619382701827,-13.146978137911379],[136.3880613099331,-13.22721579888799],[136.32802112473126,-13.249944063370634],[136.3312540577806,-13.32467184204842],[136.4397882387224,-13.217229137221373],[136.4679609410094,-13.2475334898649],[136.47950713047132,-13.169706402394024],[136.49844288118882,-13.140435152681526],[136.5312340592606,-13.15455422607226],[136.56679632280324,-13.058820021130213],[136.4550292088121,-12.978237992509925],[136.53169590683908,-12.992012698256982],[136.55848306639066,-12.965152022050223],[136.58434653078533,-13.01852900682007],[136.61759955643558,-12.967562595555957],[136.62914574589746,-13.017495903889039],[136.66794094248942,-13.004409933429336],[136.6379208498885,-12.950688581015811],[136.5464750293503,-12.916251816648167],[136.5524790478705,-12.874238964119641],[136.47858343531436,-12.84152403797038],[136.46380431280312,-12.77196177394774],[136.5427802487225,-12.806742905959059],[136.52569188831887,-12.758187068200684],[136.54970796239962,-12.740279950729509],[136.62175618464187,-12.839457832108323],[136.61759955643558,-12.69000227475275],[136.69380440688408,-12.711008701017011],[136.69057147383475,-12.632148510615107],[136.76169600092,-12.577394055270553],[136.74737872598726,-12.551566481994822],[136.6804108271083,-12.603565996189964],[136.66932648522487,-12.590480025730258],[136.6914951689917,-12.587725084580846],[136.69380440688408,-12.567407393603936],[136.7201297188572,-12.553977055500557],[136.73075221316213,-12.562930614236144],[136.74830242114422,-12.53400373216732],[136.72105341401414,-12.458242850558506],[136.7353706889469,-12.478560541535415],[136.7944871789918,-12.449633659466596],[136.77278034280343,-12.555354526075263],[136.89978842688427,-12.392468630616307],[136.97876436280364,-12.345290263432634],[136.92103341549415,-12.344257160501606],[136.93904547105473,-12.323939469524696],[136.90486875024752,-12.24611238205382],[136.81804140549406,-12.21167561768618],[136.78247914195143,-12.158987368203682],[136.68133452226522,-12.186192412054123],[136.72336265190654,-12.229927102801028],[136.751997201772,-12.214086191191914],[136.74229840262404,-12.271939955329554],[136.6476196490365,-12.269873749467497],[136.5312340592606,-11.991280325733257],[136.4892059296193,-12.040180531135313],[136.4490251902919,-11.987492281652816],[136.58018990257904,-11.915519444124442],[136.56310154217542,-11.876605900389006],[136.56125415186153,-11.9175856499865],[136.4148484694847,-11.958565399583996],[136.33956731419315,-12.059120751537517],[136.26705724437244,-12.064975001480015],[136.21717770589706,-12.15244438297383],[136.16729816742168,-12.1631197799278],[136.17237849078492,-12.19204666199662],[136.2319568284083,-12.182748735617356],[136.22826204778048,-12.213053088260885],[136.3367962287223,-12.195490338433384],[136.35896491248914,-12.230271470444706],[136.34280024724248,-12.265396970099701],[136.3686637116371,-12.278482940559407],[136.3252500392604,-12.306721087340875],[136.25966768311685,-12.456521012340126],[136.15852306343064,-12.470640085730857],[136.1515953497535,-12.435514586075861],[136.08601299360996,-12.457554115271154],[136.0638443098431,-12.430004703777037],[136.02135433262333,-12.486136629696297],[135.98902500213003,-12.462375262282624],[136.01535031410316,-12.396945409984102],[135.9710129465695,-12.386614380673809],[136.06107322437225,-12.240946867398677],[136.01350292378925,-12.233370779237791],[136.0010330391704,-12.268151911249113],[135.95022980553807,-12.279171675846758],[135.92806112177124,-12.22200664699647],[136.04583225428254,-12.063253163261635],[135.9590049095291,-12.152100015330156],[135.91235830410304,-12.149689441824417],[135.89480809612098,-12.184814941479416],[135.88141451634516,-12.15072254475545],[135.80382412316123,-12.19893401487015],[135.71053091230914,-12.312575337283373],[135.7206915590356,-12.281237881708819],[135.65187626984272,-12.20168895601956],[135.6592658310983,-12.150033809468095],[135.83153497786978,-11.98439297285973],[135.91004906621066,-11.95236678199782],[135.6537236601566,-12.039491795847958],[135.5701292484525,-12.100789236422365],[135.51886416724167,-12.059809486824868],[135.45420550625508,-12.114219574525745],[135.3659926187662,-12.084603957169573],[135.30595243356436,-12.124206236192364],[135.3031813480935,-12.162775412284123],[135.2232817170172,-12.188602985559857],[135.34243839226394,-12.246456749697497],[135.16139414150143,-12.225105955789559],[135.2131210702907,-12.295356955099553],[135.1447676286763,-12.236814455674558],[135.05609289360893,-12.263675131881321],[134.97157478674788,-12.158298632916331],[134.85703658728588,-12.131093589065891],[134.84410485508857,-12.061531325043251],[134.79838194481945,-12.047756619296194],[134.74757871118712,-11.949267473204731],[134.68800037356374,-11.962697811308114],[134.6048678094381,-12.0491340898709],[134.4907914575546,-12.077372236652366],[134.24601224096241,-11.984737340503408],[134.25340180221804,-12.033981913549137],[134.1684218477785,-12.1149083098131],[134.19428531217312,-12.02881639889399],[134.12731741329415,-11.89726795900959],[134.0746667893479,-11.94169138504385],[134.0783615699757,-11.898301061940622],[134.0307912693927,-11.85491073883739],[133.90793981351814,-11.927572311653119],[133.82942572517726,-11.864897400504006],[133.84651408558085,-11.813586621596215],[133.94026914401144,-11.770196298492987],[133.91579122235223,-11.742302519355196],[133.79386346163463,-11.724739769527694],[133.73844175221754,-11.782593533665338],[133.67008831060312,-11.773984342573428],[133.69179514679146,-11.79395766590666],[133.6109718205582,-11.842857871308713],[133.60219671656716,-11.809109842228423],[133.53014849432495,-11.812897886308864],[133.53384327495274,-11.76020963682637],[133.4590239672397,-11.80187812171122],[133.39852193445935,-11.767785724987252],[133.40267856266564,-11.731971490044902],[133.3694255370154,-11.776050548435485],[133.32093154127543,-11.76985193084931],[133.3079998090781,-11.738858842918429],[133.35464641450415,-11.717852416654168],[133.34356207262073,-11.693746681596817],[133.252578099661,-11.730594019470196],[133.28167449710497,-11.740580681136812],[133.19069052414525,-11.728527813608135],[133.1057105697057,-11.633137976309762],[133.0770760198402,-11.520874124471248],[132.91773860526607,-11.331816288092881],[132.86508798131982,-11.340081111541117],[132.90896350127503,-11.384848905219052],[132.8964936166562,-11.425828654816549],[132.84199560239603,-11.395179934529345],[132.73299957387576,-11.519152286252861],[132.6688027604676,-11.515708609816102],[132.62215615504155,-11.410332110851108],[132.54687499975,-11.342147317403175],[132.5140838216782,-11.350067773207734],[132.50992719347195,-11.292902744357441],[132.48683481454816,-11.299445729587298],[132.50669426042262,-11.272240685736861],[132.45081070342704,-11.218174965679658],[132.37368215782158,-11.295313317863183],[132.38245726181262,-11.207843936369365],[132.3335014184942,-11.115553407864077],[132.32241707661078,-11.165486716197165],[132.26514797687977,-11.175473377863781],[132.2836218800188,-11.276717465104653],[132.1866338885389,-11.13036121654217],[132.13583065490656,-11.12244076073761],[132.20233670620706,-11.226784156771572],[132.17277846118463,-11.323551464644645],[132.1977182304223,-11.301167567805678],[132.23651342701427,-11.33973674389744],[132.22219615208152,-11.369696728897289],[132.1903286691667,-11.351100876138766],[132.20834072472726,-11.413431419644198],[132.17601139423394,-11.396901772747725],[132.17046922329223,-11.420318772517724],[132.1367543500635,-11.29600205315053],[132.12243707513076,-11.349379037920379],[132.09980654378543,-11.329061346943469],[132.11366197113972,-11.211287612806132],[132.08456557369576,-11.231605303783041],[132.07532862212622,-11.179605789587896],[132.04623222468226,-11.199579112921128],[131.99311975315754,-11.12416259895599],[131.9612522702427,-11.252956097690976],[131.92984663490637,-11.259843450564503],[131.88227633432336,-11.181671995449953],[131.8795052488525,-11.235048980219801],[131.81484658786587,-11.211631980449802],[131.85502732719328,-11.276717465104653],[131.79452529441295,-11.268452641656417],[131.80052931293312,-11.295313317863183],[131.76265781149812,-11.315631008840086],[131.85964580297804,-11.292902744357441],[131.94370206226063,-11.319763420564207],[131.91691490270904,-11.357643861368615],[131.96587074602746,-11.342491685046852],[131.98896312495125,-11.373484772977733],[131.9423165195252,-11.400001081540815],[132.0591639568796,-11.432027272402728],[132.03376234006342,-11.481960580735809],[132.11366197113972,-11.539814344873449],[132.23882266490665,-11.45509990452905],[132.35336086436865,-11.441325198781989],[132.49422437580375,-11.482649316023164],[132.55287901827018,-11.554966521195212],[132.54779869490696,-11.608687873608737],[132.61661398409984,-11.654833137861381],[132.56442520773209,-11.66757474067741],[132.55749749405496,-11.636237285102851],[132.50715610800108,-11.635892917459174],[132.49976654674546,-11.682038181711818],[132.5949071479115,-11.729905284182841],[132.65448548553485,-11.68548185814858],[132.64894331459317,-11.72232919602196],[132.58058987297875,-11.786037210102101],[132.6364734299743,-11.822195812688129],[132.6554091806918,-11.889691870848708],[132.62908386871868,-12.085292692456925],[132.57828063508634,-12.105610383433834],[132.5561119513195,-12.085637060100602],[132.442035599436,-12.146590133031332],[132.38938497548975,-12.236470088030881],[132.35336086436865,-12.19893401487015],[132.27854155665557,-12.22407285285853],[132.23836081732819,-12.169662765157653],[132.0697864511845,-12.303621778547786],[131.93954543405434,-12.272973058260582],[131.87904340127403,-12.214430558835588],[131.6827581804218,-12.284681558145582],[131.42689462194622,-12.275383631766317],[131.32297891678917,-12.193424132571327],[131.29711545239454,-12.042591104641048],[131.22876201078012,-12.207198838318384],[131.25093069454695,-12.219940441134412],[131.212135497955,-12.240258132111322],[131.22506723015232,-12.28502592578926],[131.20613147943482,-12.27021811711117],[131.2079788697487,-12.23956939682397],[131.221834297103,-12.227172161651616],[131.16918367315674,-12.173106441594417],[131.030629399614,-12.146590133031332],[130.9946052884929,-12.186192412054123],[131.030629399614,-12.231648941019412],[131.01307919163193,-12.323250734237345],[131.02832016172164,-12.30534361676617],[131.0611113397934,-12.332204292972932],[131.02970570445706,-12.346323366363663],[131.05510732127323,-12.347700836938369],[131.01261734405344,-12.36698542498425],[130.89623175427755,-12.330138087110871],[130.81633212320125,-12.407276439294392],[130.820950598986,-12.462030894638946],[130.85097069158692,-12.46754077693777],[130.85004699642997,-12.438958262512624],[130.91701489530897,-12.457554115271154],[130.8971554494345,-12.487514100271003],[130.9465731403314,-12.470984453374534],[130.95396270158702,-12.555010158431585],[130.92255706625068,-12.509209261822619],[130.90823979131792,-12.540891085040851],[130.85928394799947,-12.506454320673207],[130.9013120776408,-12.556387629006291],[130.88468556481564,-12.57463911412114],[130.96689443378435,-12.629737937109372],[130.94518759759598,-12.638002760557605],[130.88237632692326,-12.606320937339373],[130.89854099216993,-12.662452863258633],[130.87960524145242,-12.631115407684078],[130.86990644230443,-12.658664819178192],[130.84127189243893,-12.555354526075263],[130.81402288530887,-12.581870834638348],[130.81032810468105,-12.539857982109822],[130.79185420154204,-12.621817481304813],[130.77984616450166,-12.619406907799078],[130.7770750790308,-12.599433584465846],[130.7673762798828,-12.60184415797158],[130.77846062176621,-12.559142570155704],[130.73181401634017,-12.597023010960111],[130.7295047784478,-12.58152646699467],[130.77430399355995,-12.54571223205232],[130.7789224693447,-12.474772497454975],[130.7271955405554,-12.526083276362765],[130.76506704199042,-12.437236424294245],[130.61912320719208,-12.381448866018662],[130.57801877270774,-12.406587704007041],[130.62327983539836,-12.447911821248212],[130.58078985817858,-12.462719629926301],[130.60572962741628,-12.50128880601806],[130.56693443082432,-12.58152646699467],[130.60388223710237,-12.578427158201581],[130.6412918909589,-12.644201378143784],[130.6089625604656,-12.604254731477315],[130.58633202912029,-12.660386657396575],[130.5826372484925,-12.622850584235842],[130.54568944221444,-12.634214716477164],[130.58587018154182,-12.684492392453926],[130.61635212172123,-12.668651480844808],[130.6740830690307,-12.707909392223922],[130.70179392373925,-12.690346642396424],[130.69024773427736,-12.719962259752599],[130.7387417300173,-12.710664333373334],[130.6893240391204,-12.75164408297083],[130.62143244508445,-12.705154451074513],[130.6436011288513,-12.743723627166272],[130.62512722571228,-12.769551200442006],[130.62974570149703,-12.727882715557158],[130.56970551629516,-12.743723627166272],[130.55723563167632,-12.702055142281424],[130.51151272140723,-12.710319965729656],[130.5309103197032,-12.742001788947892],[130.50135207468077,-12.717896053890541],[130.5133601117211,-12.66761837791378],[130.4607094877749,-12.639035863488637],[130.3937415888959,-12.662452863258633],[130.40390223562235,-12.701366406994072],[130.3521753068331,-12.670373319063192],[130.3383198794788,-12.890079875728759],[130.24733590651908,-12.948278007510076],[130.17574953185533,-12.910397566705669],[130.12817923127233,-12.973761213142133],[130.11617119423195,-13.164196520095203],[130.16420334239342,-13.17797122584226],[130.28428371279713,-13.305731621646217],[130.27781784669847,-13.335002871358714],[130.2353278694787,-13.339824018370184],[130.14157281104812,-13.45725338486385],[130.00856070844708,-13.533358634116343],[129.90972532665327,-13.51441841371414],[129.89725544203444,-13.440379370323704],[129.88524740499406,-13.503398649116491],[129.8173558109581,-13.501676810898111],[129.8349060189402,-13.561252413254135],[129.79010680382805,-13.666973279862798],[129.7947252796128,-13.789568161011612],[129.71574934369343,-13.878759380723807],[129.74623128387285,-13.97518232095321],[129.64093003598038,-14.047155158481587],[129.59797821118212,-14.01099655589556],[129.60906255306554,-14.069539055320554],[129.56703442342425,-14.084002496354966],[129.55687377669778,-14.142200628136283],[129.5277773792538,-14.130147760607606],[129.53562878808788,-14.05851929072291],[129.51576934221342,-14.075393305263052],[129.47882153593537,-14.047843893768938],[129.51207456158562,-14.12704845181452],[129.40908255158553,-14.235868627216274],[129.419243198312,-14.290967450204501],[129.36705442194423,-14.338145817388174],[129.35689377521777,-14.423548993019931],[129.3979982097021,-14.41597290485905],[129.4529580715407,-14.505164124571248],[129.47466490772908,-14.491045051180514],[129.45388176669766,-14.446277257502576],[129.4815926214062,-14.44972093393934],[129.48251631656316,-14.50103171284713],[129.49036772539725,-14.460051963249633],[129.52315890346904,-14.465561845548457],[129.48805848750487,-14.503442286352865],[129.52639183651837,-14.552342491754917],[129.66956458584588,-14.580580638536386],[129.771632900689,-14.53856778600786],[129.69219511719118,-14.612951197041973],[129.58366093624937,-14.616394873478736],[129.67233567131672,-14.763439857328574],[129.73422324683247,-14.794088577615778],[129.8099662497025,-14.760340548535485],[129.74946421692218,-14.809585121581218],[129.76886181521814,-14.828180974339745],[129.90279761297614,-14.773082151351513],[129.86400241638418,-14.80166466577666],[129.88155262436624,-14.820260518535186],[129.8025766884469,-14.858140959339593],[129.63215493198933,-14.844021885948859],[129.57765691772917,-14.798220989339892],[129.61829950463505,-14.875703709167091],[129.59197419266192,-14.890855885488854],[129.49960467696678,-14.78995616589166],[129.59335973539737,-14.966961134741346],[129.6229179804198,-14.95318642899429],[129.63538786503867,-15.032735354683549],[129.66356056732567,-15.028258575315753],[129.64000634082342,-15.071304530775308],[129.68480555593555,-15.14258863301633],[129.62615091346913,-15.138111853648539],[129.5638014903749,-15.179780338533387],[129.6039822297023,-15.108151868648687],[129.48251631656316,-14.941133561465616],[129.22850014840148,-14.839545106581067],[129.23358047176472,-15.008285251982521],[129.30147206580068,-15.03652339876399],[129.25621100311002,-15.062006604396046],[129.25621100311002,-15.034112825258255],[129.2363515572356,-15.067860854338544],[129.23127123387235,-15.175992294452946],[129.19940375095752,-15.146721044740449],[129.15829931647318,-15.197687456004562],[129.20032744611447,-15.122615309683098],[129.1693836583566,-15.051675575085753],[129.18878125665256,-14.987278825718256],[129.13058846176463,-14.949054017270175],[129.1084197779978,-14.989345031580317],[129.10149206432064,-14.914961620546205],[129.0012711397914,-14.879491753247532],[129.00080929221292,-25.998778599915997],[137.99898566365664,-25.99671239405394],[138.00129490154902,-16.544509310423106]],[[136.49382440540407,-13.13733584388844],[136.49059147235474,-13.134925270382706],[136.49474810056103,-13.130792858658587],[136.49382440540407,-13.13733584388844]],[[136.92010972033722,-12.34494589578896],[136.91041092118923,-12.367674160271605],[136.87300126733268,-12.380760130731307],[136.87900528585286,-12.366296689696899],[136.92010972033722,-12.34494589578896]],[[136.48504930141303,-12.038114325273252],[136.4892059296193,-12.056365810388105],[136.46472800796008,-12.05085592808928],[136.4818163683637,-12.05016719280193],[136.48504930141303,-12.038114325273252]],[[134.46030951737518,-12.070484883778839],[134.45569104159043,-12.077716604296043],[134.44737778517785,-12.074617295502957],[134.46030951737518,-12.070484883778839]],[[130.62512722571228,-12.769895568085683],[130.63528787243874,-12.774027979809798],[130.62420353055532,-12.775061082740827],[130.62512722571228,-12.769895568085683]],[[131.01815951499515,-12.362853013260132],[131.0190832101521,-12.36216427797278],[131.01862136257364,-12.37180657199572],[131.01815951499515,-12.362853013260132]]],[[[137.10623429446295,-15.772437053300532],[137.07344311639116,-15.745920744737447],[137.0669772502925,-15.62883574588746],[137.03372422464224,-15.635034363473636],[136.99123424742248,-15.5844123198532],[136.99446718047182,-15.664649980829807],[136.98384468616686,-15.67429227485275],[136.96121415482156,-15.640199878128783],[136.93627438558386,-15.660517569105693],[136.9298085194852,-15.726291789047892],[136.97830251522515,-15.712517083300835],[136.9926197901579,-15.79206600899009],[137.07436681154812,-15.84613172904729],[137.10623429446295,-15.772437053300532]]],[[[137.07436681154812,-15.854740920139204],[137.06790094544945,-15.857151493644938],[137.0688246406064,-15.866105052380526],[137.07436681154812,-15.854740920139204]]],[[[136.9639852402924,-14.165273260262602],[136.91133461634618,-14.137723848768488],[136.91456754939549,-14.17147187784878],[136.86561170607706,-14.210729789227894],[136.80049119751197,-14.147021775147753],[136.77693697100972,-14.144611201642018],[136.7852502274223,-14.193167039400393],[136.70719798665988,-14.169061304343042],[136.72059156643567,-14.069883422964232],[136.751997201772,-14.087101805148052],[136.7603104581846,-14.046466423194232],[136.80741891118913,-14.035791026240265],[136.7621578484985,-14.001009894228943],[136.77878436132363,-13.933858203712038],[136.85776029724298,-13.912851777447774],[136.92426634854348,-13.806442175551755],[136.90533059782598,-13.764084955379555],[136.84067193683939,-13.745144734977352],[136.79679641688418,-13.834335954689546],[136.83743900379005,-13.80230976382764],[136.83743900379005,-13.84294514578146],[136.72521004222043,-13.842256410494105],[136.7353706889469,-13.770972308253082],[136.69703733993342,-13.774760352333523],[136.68087267468675,-13.73929048503485],[136.71966787127872,-13.717595323483234],[136.72844297526976,-13.652165471184713],[136.69380440688408,-13.652165471184713],[136.676254198902,-13.702098779517797],[136.63191683136833,-13.720694632276324],[136.63653530715308,-13.688668441414414],[136.57788066468666,-13.687290970839708],[136.6379208498885,-13.78371391106911],[136.57418588405886,-13.7985217197472],[136.56633447522475,-13.829859175321754],[136.53169590683908,-13.785091381643817],[136.49567179571795,-13.8408789399194],[136.409306298543,-13.830892278252783],[136.44255932419324,-14.123604775377753],[136.32432634410344,-14.213484730377303],[136.32478819168193,-14.246199656526567],[136.43747900083002,-14.196266348193483],[136.64992888692888,-14.296132964859648],[136.75523013482135,-14.257908156411563],[136.90440690266902,-14.31059640589406],[136.90948722603227,-14.284768832618326],[136.95012981293814,-14.304053420664207],[136.9358125380054,-14.28166952382524],[136.9644470878709,-14.282702626756269],[136.93442699526997,-14.203842436354364],[136.9639852402924,-14.165273260262602]]],[[[136.96259969755698,-13.626337897908979],[136.93350330011302,-13.634602721357215],[136.92565189127893,-13.644589383023831],[136.9510535080951,-13.649066162391623],[136.96259969755698,-13.626337897908979]]],[[[136.95012981293814,-15.772437053300532],[136.94735872746728,-15.75935108284083],[136.93996916621165,-15.768649009220091],[136.95012981293814,-15.772437053300532]]],[[[136.9371980807408,-13.662840868138684],[136.92565189127893,-13.661807765207651],[136.92888482432824,-13.667317647506476],[136.9371980807408,-13.662840868138684]]],[[[136.91364385423856,-13.662840868138684],[136.9085635308753,-13.658364088770888],[136.88685669468697,-13.675926838598386],[136.90071212204123,-13.677993044460447],[136.91364385423856,-13.662840868138684]]],[[[136.90486875024752,-15.588544731577315],[136.86745909639097,-15.507618335313353],[136.8309731376914,-15.60163070203702],[136.84529041262414,-15.64708723100231],[136.90486875024752,-15.588544731577315]]],[[[136.84067193683939,-15.577180599335993],[136.83328237558376,-15.555485437784377],[136.77370403796039,-15.578558069910699],[136.82774020464205,-15.585101055140552],[136.84067193683939,-15.577180599335993]]],[[[136.83743900379005,-11.664131064240642],[136.82358357643577,-11.658621181941822],[136.8097281490815,-11.67308462297623],[136.82496911917121,-11.67618393176932],[136.83743900379005,-11.664131064240642]]],[[[136.8365153086331,-15.6866895100251],[136.7944871789918,-15.645021025140252],[136.7353706889469,-15.646742863358636],[136.73213775589755,-15.757973612266124],[136.80464782571826,-15.723881215542157],[136.79125424594247,-15.684278936519366],[136.8365153086331,-15.6866895100251]]],[[[136.82958759495597,-15.730768568415684],[136.80326228298284,-15.725947421404214],[136.80095304509047,-15.742132700657006],[136.81573216760168,-15.746953847668479],[136.82958759495597,-15.730768568415684]]],[[[136.82727835706356,-12.130060486134862],[136.82404542401426,-12.072895457284574],[136.7963345693057,-12.105954751077512],[136.82727835706356,-12.130060486134862]]],[[[136.818965100651,-15.603352540255404],[136.79125424594247,-15.590610937439376],[136.77739881858818,-15.608173687266873],[136.79125424594247,-15.615405407784078],[136.818965100651,-15.603352540255404]]],[[[136.76631447670476,-11.028428394013943],[136.7127401576016,-11.054600334933347],[136.7376799268393,-11.07595112884129],[136.7007321205612,-11.092136408094085],[136.70673613908139,-11.1678972897029],[136.6226798797988,-11.209910142231422],[136.58296098804988,-11.324584567575677],[136.49798103361036,-11.392080625736256],[136.4836637586776,-11.456477375103752],[136.53769992535925,-11.440292095850957],[136.62729835558355,-11.328716979299791],[136.6249891176912,-11.284293553265535],[136.6841056077361,-11.248823685966862],[136.66701724733247,-11.224717950909508],[136.7201297188572,-11.193724862978634],[136.76631447670476,-11.028428394013943]]],[[[136.7621578484985,-11.004667026600266],[136.73675623168234,-11.007421967749679],[136.74784057356575,-11.020163570565707],[136.7621578484985,-11.004667026600266]]],[[[136.75384459208593,-13.690734647276475],[136.73814177441776,-13.68625786790868],[136.733523298633,-13.695555794287944],[136.75384459208593,-13.690734647276475]]],[[[136.7127401576016,-12.217185499985],[136.7090453769738,-12.20375516188162],[136.69657549235492,-12.207198838318384],[136.70027027298275,-12.22889399987],[136.7127401576016,-12.217185499985]]],[[[136.70211766329663,-13.62048364796648],[136.68641484562846,-13.631503412564125],[136.70165581571817,-13.634947089000892],[136.70211766329663,-13.62048364796648]]],[[[136.68826223594237,-13.634947089000892],[136.68087267468675,-13.633225250782509],[136.68087267468675,-13.64768869181692],[136.68826223594237,-13.634947089000892]]],[[[136.68826223594237,-11.821507077400774],[136.64300117325175,-11.839758562515627],[136.66978833280334,-11.836659253722537],[136.68826223594237,-11.821507077400774]]],[[[136.68272006500067,-13.658708456414566],[136.6623987715477,-13.65629788290883],[136.65962768607687,-13.679714882678827],[136.676254198902,-13.679026147391475],[136.68272006500067,-13.658708456414566]]],[[[136.68133452226522,-15.605418746117461],[136.66932648522487,-15.590610937439376],[136.64623410630108,-15.606107481404816],[136.67394496100962,-15.612306098990992],[136.68133452226522,-15.605418746117461]]],[[[136.656856600606,-13.655264779977802],[136.6439248684087,-13.656986618196182],[136.6476196490365,-13.665595809288092],[136.656856600606,-13.655264779977802]]],[[[136.6416156305163,-13.664218338713386],[136.6323786789468,-13.659397191701917],[136.63145498378984,-13.673171897448974],[136.6416156305163,-13.664218338713386]]],[[[136.63006944105442,-12.863219199521996],[136.62637466042662,-12.854610008430086],[136.61806140401404,-12.858398052510527],[136.62129433706338,-12.86872908182082],[136.63006944105442,-12.863219199521996]]],[[[136.62729835558355,-11.740236313493135],[136.57187664616646,-11.778805489584897],[136.53400514473145,-11.76020963682637],[136.51137461338615,-11.804977430504305],[136.57972805500054,-11.788792151251513],[136.62729835558355,-11.740236313493135]]],[[[136.6171377088571,-15.555485437784377],[136.57880435984362,-15.510717644106442],[136.5252300407404,-15.531035335083352],[136.49474810056103,-15.643643554565546],[136.58988870172703,-15.64536539278393],[136.6171377088571,-15.555485437784377]]],[[[136.60235858634587,-13.656986618196182],[136.5861939210992,-13.653887309403096],[136.57557142679428,-13.666973279862798],[136.59127424446245,-13.667662015150153],[136.60235858634587,-13.656986618196182]]],[[[136.58434653078533,-13.723105205782058],[136.56956740827408,-13.724482676356764],[136.57464773163733,-13.729992558655589],[136.58434653078533,-13.723105205782058]]],[[[136.57926620742208,-13.775449087620878],[136.57187664616646,-13.773727249402494],[136.57372403648037,-13.787157587505877],[136.57926620742208,-13.775449087620878]]],[[[136.54185655356554,-13.77131667589676],[136.53077221168212,-13.703476250092503],[136.47119387405874,-13.720694632276324],[136.49936657634578,-13.78302517578176],[136.54185655356554,-13.77131667589676]]],[[[136.49982842392424,-11.797401342343424],[136.4776597401574,-11.801189386423864],[136.4642661603816,-11.90415531188312],[136.48643484414845,-11.884181988549887],[136.49982842392424,-11.797401342343424]]],[[[136.4739649595296,-11.467841507345078],[136.38113359625598,-11.55048974182742],[136.36635447374474,-11.534648830218302],[136.37420588257885,-11.565641918149183],[136.4490251902919,-11.53189388906889],[136.4739649595296,-11.467841507345078]]],[[[136.45918583701837,-11.90484404717047],[136.456876599126,-11.896923591365915],[136.43470791535916,-11.919307488204883],[136.45364366607666,-11.917241282342825],[136.45918583701837,-11.90484404717047]]],[[[136.43193682988831,-11.87901647389474],[136.40792075580757,-11.855255106481067],[136.36681632132323,-11.902777841308414],[136.4300894395744,-11.894857385503855],[136.43193682988831,-11.87901647389474]]],[[[136.41992879284794,-13.631503412564125],[136.41715770737707,-13.621861118541187],[136.39683641392415,-13.627715368483685],[136.41992879284794,-13.631503412564125]]],[[[136.40099304213044,-13.71415164704647],[136.38020990109902,-13.694522691356916],[136.38390468172682,-13.711052338253385],[136.40099304213044,-13.71415164704647]]],[[[136.38344283414835,-13.313652077450776],[136.3691255592156,-13.313307709807098],[136.3746677301573,-13.319506327393274],[136.38344283414835,-13.313652077450776]]],[[[136.3769769680497,-11.583549035620358],[136.36081230280303,-11.549456638896388],[136.3404910093501,-11.588714550275505],[136.29569179423794,-11.580105359183591],[136.31508939253393,-11.603866726597268],[136.26520985405855,-11.57252927102271],[136.23057128567285,-11.645535211482112],[136.16960740531405,-11.64105843211432],[136.1594467585876,-11.693057946309462],[136.26151507343073,-11.662064858378585],[136.26474800648006,-11.621085108781088],[136.2970773369734,-11.641747167401675],[136.3769769680497,-11.583549035620358]]],[[[136.3732821874219,-13.825726763597636],[136.35480828428285,-13.810230219632196],[136.33541068598686,-13.843633881068811],[136.3686637116371,-13.841912042850428],[136.3732821874219,-13.825726763597636]]],[[[136.33541068598686,-11.958221031940319],[136.33310144809448,-11.945135061480617],[136.32294080136802,-11.961320340733408],[136.33541068598686,-11.958221031940319]]],[[[136.14697687396875,-12.05395523688237],[136.11834232410325,-12.061186957399574],[136.19454717455176,-12.076683501365014],[136.31047091674918,-12.010909281422816],[136.31324200222002,-11.974061943549437],[136.21763955347555,-12.036048119411195],[136.20239858338584,-11.99610147274473],[136.19269978423785,-12.027094560675607],[136.13312144661447,-12.025717090100901],[136.14697687396875,-12.05395523688237]]],[[[136.30169581275814,-13.73446933802338],[136.25412551217514,-13.673860632736329],[136.19962749791497,-13.665251441644418],[136.17376403352034,-13.748244043770438],[136.11280015316154,-13.731370029230295],[136.10587243948441,-13.81574010193102],[136.16822186257863,-13.834680322333224],[136.14466763607638,-13.785435749287494],[136.18577207056072,-13.76821736710367],[136.1991656503365,-13.853964910379105],[136.24765964607647,-13.850176866298664],[136.2601295306953,-13.784058278712788],[136.2836837571976,-13.787157587505877],[136.25366366459664,-13.747555308483086],[136.30169581275814,-13.73446933802338]]],[[[136.27306126289264,-13.46000832601326],[136.24812149365493,-13.435902590955909],[136.23888454208543,-13.442789943829439],[136.24442671302714,-13.461730164231643],[136.27306126289264,-13.46000832601326]]],[[[136.24812149365493,-13.594656074690747],[136.23749899935,-13.577437692506926],[136.21948694378943,-13.588457457104571],[136.2356516090361,-13.602920898138983],[136.24812149365493,-13.594656074690747]]],[[[136.20978814464146,-11.634171079240794],[136.20516966885668,-11.615230858838586],[136.19316163181634,-11.613853388263884],[136.1954708697087,-11.629694299873002],[136.20978814464146,-11.634171079240794]]],[[[136.20609336401364,-13.454842811358116],[136.0924788597086,-13.358419871128714],[136.1418965506055,-13.419028576415766],[136.1405110078701,-13.56435172204722],[136.16776001500017,-13.509941634346344],[136.1418965506055,-13.470339355323553],[136.20609336401364,-13.454842811358116]]],[[[136.1557519779598,-12.189291720847208],[136.12157525715259,-12.16794092693927],[136.10448689674897,-12.189636088490886],[136.1137238483185,-12.199278382513825],[136.1557519779598,-12.189291720847208]]],[[[136.1552901303813,-11.696157255102552],[136.1382017699777,-11.682726916999172],[136.1308122087221,-11.72542850481505],[136.1552901303813,-11.696157255102552]]],[[[136.122960799888,-11.54429112424124],[136.11049091526917,-11.547734800678008],[136.10864352495526,-11.567019388723885],[136.122960799888,-11.54429112424124]]],[[[136.10910537253375,-13.464140737737377],[136.08231821298213,-13.44347867911679],[136.0749286517265,-13.482736590495907],[136.08278006056062,-13.472061193541936],[136.10910537253375,-13.464140737737377]]],[[[136.10448689674897,-11.746090563435637],[136.07769973719738,-11.752633548665486],[136.07446680414805,-11.771229401424016],[136.10448689674897,-11.746090563435637]]],[[[136.09571179275792,-13.298499901129013],[136.07816158477584,-13.298155533485335],[136.09201701213013,-13.321572533255335],[136.09571179275792,-13.298499901129013]]],[[[136.0906314693947,-11.582860300333003],[136.0772378896189,-11.586648344413447],[136.08000897508975,-11.604899829528293],[136.0906314693947,-11.582860300333003]]],[[[136.0712338710987,-12.276761102341023],[136.04814149217492,-12.28502592578926],[136.04814149217492,-12.31085349906499],[136.0712338710987,-12.276761102341023]]],[[[136.06753909047092,-11.635548549815496],[136.06245876710767,-11.627972461654615],[136.05460735827359,-11.641402799757998],[136.06292061468616,-11.646912682056822],[136.06753909047092,-11.635548549815496]]],[[[136.055992901009,-11.653111299642994],[136.02412541809417,-11.638992226252263],[135.95022980553807,-11.696157255102552],[135.99318163033632,-11.719229887228874],[136.055992901009,-11.653111299642994]]],[[[136.0509125776458,-11.786381577745779],[136.0412137784978,-11.783971004240044],[136.02874389387895,-11.812553518665187],[136.0509125776458,-11.786381577745779]]],[[[136.047217797018,-12.101133604066042],[136.02597280840808,-12.103544177571777],[136.027820198722,-12.15933173584736],[136.0370571502915,-12.105954751077512],[136.047217797018,-12.101133604066042]]],[[[135.99271978275783,-11.851122694756949],[135.9820972884529,-11.84802338596386],[135.9419165491255,-11.879705209182092],[135.94607317733178,-11.904499679526797],[135.98071174571746,-11.85663257705577],[135.99271978275783,-11.851122694756949]]],[[[135.97794066024662,-11.737137004700049],[135.95253904343045,-11.732660225332253],[135.94006915881158,-11.763997680906812],[135.96039045226453,-11.76020963682637],[135.97794066024662,-11.737137004700049]]],[[[135.97563142235424,-13.343956430094302],[135.97193664172642,-13.327426783197833],[135.9613141474215,-13.321228165611657],[135.97563142235424,-13.343956430094302]]],[[[135.73547068154681,-11.936525870388706],[135.66665539235393,-11.935492767457674],[135.63201682396826,-11.975095046480465],[135.59414532253322,-11.950644943779437],[135.5645870775108,-12.069796148491484],[135.79782010464106,-11.964764017170172],[135.9377599209192,-11.80256685699857],[135.92806112177124,-11.775017445504457],[135.87633419298194,-11.755732857458575],[135.86617354625548,-11.782593533665338],[135.90035026706266,-11.808076739297395],[135.73547068154681,-11.936525870388706]]],[[[135.7682618596186,-14.875359341523417],[135.72577188239882,-14.834723959569597],[135.68697668580685,-14.90394185594856],[135.76410523141232,-14.901875650086502],[135.7682618596186,-14.875359341523417]]],[[[135.73500883396835,-14.287868141411415],[135.72808112029122,-14.291311817848179],[135.73269959607597,-14.29509986192862],[135.73500883396835,-14.287868141411415]]],[[[135.63016943365434,-14.49621056583566],[135.60292042652426,-14.490356315893159],[135.6080007498875,-14.516183889168893],[135.63016943365434,-14.49621056583566]]],[[[135.16970739791398,-11.70201150504505],[135.15723751329514,-11.686170593435936],[135.15030979961801,-11.687548064010642],[135.1563138181382,-11.70579954912549],[135.16970739791398,-11.70201150504505]]],[[[135.12259894490944,-11.927572311653119],[135.0570165887659,-11.919307488204883],[135.04685594203943,-11.940658282112821],[135.0570165887659,-11.954432987859878],[135.12259894490944,-11.927572311653119]]],[[[135.00298042208422,-12.0914913100431],[134.997900098721,-12.072206721997222],[134.9766551101111,-12.06566373676737],[134.98958684230843,-12.093901883548835],[135.00298042208422,-12.0914913100431]]],[[[134.99051053746538,-12.035359384123844],[134.95448642634426,-12.014352957859579],[134.90830166849668,-12.023306516595166],[134.94386393203933,-12.06256442797428],[134.99051053746538,-12.035359384123844]]],[[[134.959104902129,-12.083226486594867],[134.95217718845188,-12.07117361906619],[134.94201654172542,-12.070829251422516],[134.95125349329493,-12.093213148261484],[134.959104902129,-12.083226486594867]]],[[[134.93185589499896,-12.061875692686929],[134.92492818132183,-12.051889031020313],[134.9175386200662,-12.054299604526047],[134.92585187647876,-12.064286266192664],[134.93185589499896,-12.061875692686929]]],[[[134.9290848095281,-12.090802574755749],[134.84779963571637,-12.042935472284725],[134.86904462432625,-12.125928074410744],[134.90460688786888,-12.137292206652067],[134.9290848095281,-12.090802574755749]]],[[[134.86534984369845,-12.02502835481355],[134.83994822688229,-12.00643250205502],[134.82701649468495,-12.02020720780208],[134.8510325687657,-12.037769957629578],[134.86534984369845,-12.02502835481355]]],[[[134.83117312289124,-12.044657310503105],[134.80992813428134,-12.016763531365314],[134.797920097241,-12.016763531365314],[134.79838194481945,-12.032948810618105],[134.83117312289124,-12.044657310503105]]],[[[134.22199616688167,-11.954088620216204],[134.20767889194892,-11.962353443664437],[134.2173776910969,-11.963730914239143],[134.22199616688167,-11.954088620216204]]],[[[134.18551020818208,-12.095968089410896],[134.17257847598478,-12.089425104181043],[134.16657445746458,-12.107332221652218],[134.1721166284063,-12.112497736307365],[134.18551020818208,-12.095968089410896]]],[[[133.4932006880469,-11.511231830448303],[133.46641352849528,-11.464397830908311],[133.39020867804678,-11.488503565965658],[133.38328096436965,-11.543258021310216],[133.43454604558048,-11.506066315793156],[133.4932006880469,-11.511231830448303]]],[[[133.481654498585,-11.615919594125941],[133.40960627634277,-11.584237770907713],[133.34956609114093,-11.623495682286823],[133.37034923217232,-11.68169381406814],[133.40221671508715,-11.65965428487285],[133.3883612877329,-11.633482343953439],[133.481654498585,-11.615919594125941]]],[[[133.01657398705987,-11.067686305393053],[132.9777787904679,-11.043924937979384],[132.99440530329304,-11.087659628726286],[133.01657398705987,-11.067686305393053]]],[[[132.92004784315844,-11.168930392633925],[132.91727675768757,-11.140003510565109],[132.85723657248573,-11.14620212815128],[132.8766341707817,-11.169963495564957],[132.92004784315844,-11.168930392633925]]],[[[132.8766341707817,-11.046679879128796],[132.85862211522115,-11.044958040910409],[132.8521562491225,-11.05873274665747],[132.87016830468306,-11.060454584875849],[132.8766341707817,-11.046679879128796]]],[[[132.83229680324803,-10.973673938669386],[132.81890322347223,-10.967819688726891],[132.8253690895709,-10.998124041370417],[132.83229680324803,-10.973673938669386]]],[[[132.80320040580406,-11.388636949299496],[132.77548955109552,-11.375895346483468],[132.78010802688027,-11.389325684586844],[132.80320040580406,-11.388636949299496]]],[[[132.73299957387576,-11.285671023840237],[132.71960599409994,-11.289459067920681],[132.73069033598335,-11.295657685506853],[132.73299957387576,-11.285671023840237]]],[[[132.68173449266493,-11.18821498067981],[132.6595658088981,-11.187870613036132],[132.64293929607297,-11.2102545098751],[132.66048950405505,-11.211287612806132],[132.68173449266493,-11.18821498067981]]],[[[132.5870557390774,-10.987104276772769],[132.56442520773209,-10.97918382096821],[132.5450276094361,-11.05253412907129],[132.46235689288895,-11.032560805738058],[132.51316012652126,-11.092480775737755],[132.50992719347195,-11.138281672346722],[132.46974645414454,-11.156877525105251],[132.58797943423434,-11.355922023150235],[132.6193850695707,-11.284637920909212],[132.60275855674558,-11.204744627576275],[132.63139310661109,-11.186148774817752],[132.58012802540026,-11.159976833898341],[132.61430474620747,-11.129672481254815],[132.5870557390774,-10.987104276772769]]],[[[132.4628187404674,-11.621429476424765],[132.4475777703777,-11.621085108781088],[132.4572765695257,-11.62866119694197],[132.4628187404674,-11.621429476424765]]],[[[132.42217615356154,-12.116974515675157],[132.40139301253012,-12.075994766077663],[132.33627250396506,-12.085637060100602],[132.38753758517586,-12.13901404487045],[132.42217615356154,-12.116974515675157]]],[[[132.36028857804578,-12.170351500445005],[132.3542845595256,-12.155199324123242],[132.35197532163323,-12.188947353203535],[132.36028857804578,-12.170351500445005]]],[[[132.33950543701437,-11.524317800908008],[132.3348869612296,-11.514331139241392],[132.3335014184942,-11.540847447804481],[132.33950543701437,-11.524317800908008]]],[[[132.3242644669247,-11.581138462114623],[132.30348132589327,-11.563920079930803],[132.2956299170592,-11.586648344413447],[132.3145656677767,-11.600078682516823],[132.3242644669247,-11.581138462114623]]],[[[132.17462585149852,-11.583893403264035],[132.17046922329223,-11.576661682746831],[132.1676981378214,-11.585270873838738],[132.17462585149852,-11.583893403264035]]],[[[132.14922423468235,-11.606277300103002],[132.1349069597496,-11.56908559458595],[132.1219752275523,-11.564953182861828],[132.11089088566885,-11.620396373493733],[132.14922423468235,-11.606277300103002]]],[[[131.9649470508705,-11.483682418954189],[131.94832053804538,-11.473695757287572],[131.9538627089871,-11.4864373601036],[131.9649470508705,-11.483682418954189]]],[[[130.40251669288693,-11.363498111311117],[130.4320749379094,-11.502622639356396],[130.49396251342515,-11.563920079930803],[130.49257697068973,-11.654833137861381],[130.6796252399724,-11.761587107401073],[130.68655295364954,-11.796368239412395],[130.8625168810488,-11.854566371193712],[130.94934422580226,-11.93996954682547],[131.08189448082481,-11.836314886078863],[131.2804889395694,-11.739891945849461],[131.36916367463675,-11.580794094470946],[131.46984644674447,-11.607999138321382],[131.46476612338125,-11.497801492344927],[131.54328021172213,-11.452344963379637],[131.50032838692388,-11.383471434644349],[131.45645286696868,-11.419630037230377],[131.48139263620638,-11.39896797860979],[131.43566972593726,-11.266042068150682],[131.40149300513005,-11.2584659799898],[131.38070986409866,-11.298068259012588],[131.35346085696858,-11.249856788897887],[131.30496686122862,-11.274651259242596],[131.31512750795508,-11.228161627346275],[131.27725600652008,-11.189592451254512],[131.2038222415424,-11.236082083150833],[131.1908905093451,-11.303233773667735],[131.22783831562316,-11.30564434717347],[131.20936441248412,-11.344213523265232],[131.14793868454686,-11.249856788897887],[131.1128382685827,-11.259154715277155],[131.08928404208044,-11.331816288092881],[131.09205512755128,-11.303578141311412],[131.04079004634048,-11.31769721470215],[131.03155309477097,-11.367286155391554],[130.8971554494345,-11.309088023610236],[130.84819960611605,-11.354200184931848],[130.7045650092101,-11.385193272862729],[130.696713600376,-11.426517390103903],[130.73366140665408,-11.427550493034929],[130.82418353203533,-11.538436874298746],[130.72257706477066,-11.470252080850813],[130.70595055194553,-11.513642403954037],[130.65653286104862,-11.335948699816996],[130.61912320719208,-11.387603846368464],[130.56831997355974,-11.39759050803508],[130.55446454620548,-11.361087537805382],[130.60388223710237,-11.321485258782587],[130.59464528553286,-11.289114700277004],[130.49627175131752,-11.278439303323033],[130.40159299772998,-11.166175451484513],[130.372496600286,-11.17099659849599],[130.36372149629497,-11.251234259472596],[130.4071351686717,-11.301856303093032],[130.40251669288693,-11.363498111311117]],[[131.3687018270583,-11.580794094470946],[131.36593074158742,-11.585615241482415],[131.35577009486096,-11.577694785677856],[131.3687018270583,-11.580794094470946]],[[130.40297854046543,-11.361431905449052],[130.40436408320085,-11.35523328786288],[130.4085207114071,-11.36005443487435],[130.40297854046543,-11.361431905449052]]],[[[131.35577009486096,-12.101822339353394],[131.3493042287623,-12.097001192341924],[131.3456094481345,-12.111120265732659],[131.3553082472825,-12.111120265732659],[131.35577009486096,-12.101822339353394]]],[[[131.13500695234953,-12.012286751997522],[131.12715554351544,-12.0009226197562],[131.0726575292553,-12.015041693146934],[131.11191457342574,-12.023995251882521],[131.13500695234953,-12.012286751997522]]],[[[131.12669369593698,-12.059465119181194],[131.09852099364994,-12.052577766307664],[131.0615731873719,-12.06945178084781],[131.10591055490556,-12.075306030790308],[131.12669369593698,-12.059465119181194]]],[[[131.06480612042122,-12.0374255899859],[131.03940450360506,-12.031915707687077],[131.0019948497485,-12.052233398663986],[131.0324767899279,-12.058432016250162],[131.06480612042122,-12.0374255899859]]],[[[131.04817960759607,-12.112153368663687],[131.030629399614,-12.099067398203982],[131.01261734405344,-12.118351986249863],[131.0366334181342,-12.127994280272805],[131.04817960759607,-12.112153368663687]]],[[[130.8722156801968,-12.548122805558055],[130.86390242378425,-12.546056599695998],[130.86344057620576,-12.56052004073041],[130.8722156801968,-12.548122805558055]]],[[[130.6606894892549,-11.814619724527248],[130.6454485191652,-11.8094542098721],[130.64683406190062,-11.821162709757097],[130.6606894892549,-11.814619724527248]]],[[[130.21269733813338,-11.712342534355344],[130.22147244212442,-11.703733343263433],[130.20346038656388,-11.694091049240495],[130.20253669140692,-11.649323255562557],[130.1572756287163,-11.70511081383814],[130.07645230248303,-11.668952211252112],[130.08060893068932,-11.768818827918281],[130.03303863010632,-11.756421592745927],[130.02380167853678,-11.797401342343424],[130.13095031674317,-11.825295121481215],[130.31245641508417,-11.770885033780338],[130.50319946499465,-11.830460636136362],[130.60388223710237,-11.827016959699598],[130.6412918909589,-11.756765960389604],[130.46856089660898,-11.666197270102703],[130.46394242082422,-11.574939844528444],[130.3761913809138,-11.507099418724188],[130.40020745499456,-11.425139919529194],[130.32215521423214,-11.33319375866759],[130.33739618432185,-11.318730317633175],[130.2865929506895,-11.361087537805382],[130.25149253472534,-11.346624096770967],[130.24779775409755,-11.398279243322435],[130.24502666862668,-11.366597420104199],[130.1480386771468,-11.481960580735809],[130.20900255750558,-11.51157619809198],[130.23070939369393,-11.48471552188522],[130.2353278694787,-11.520874124471248],[130.28336001764018,-11.539814344873449],[130.26165318145183,-11.571151800448007],[130.22516722275225,-11.507099418724188],[130.17482583669837,-11.557721462344624],[130.200689301093,-11.585615241482415],[130.1914523495235,-11.642780270332707],[130.26534796207963,-11.661720490734908],[130.2584202484025,-11.67515082883829],[130.24641221136213,-11.678594505275054],[130.29305881678818,-11.692024843378434],[130.3059905489855,-11.73300459297593],[130.22285798485984,-11.670329681826818],[130.2066933196132,-11.693746681596817],[130.229785698537,-11.70407771090711],[130.2371752597926,-11.746779298722988],[130.2066933196132,-11.724739769527694],[130.21269733813338,-11.712342534355344]],[[130.21223549055492,-11.709243225562258],[130.2048459292993,-11.706832652056523],[130.21131179539796,-11.704766446194462],[130.21223549055492,-11.709243225562258]]],[[[130.34293835526356,-11.327683876368766],[130.3424765076851,-11.32596203815038],[130.3420146601066,-11.32596203815038],[130.34293835526356,-11.327683876368766]]],[[[130.544303899479,-12.704465715787158],[130.5027376174162,-12.610108981419813],[130.5175167399274,-12.557765099580998],[130.48657295216952,-12.623539319523196],[130.544303899479,-12.704465715787158]]],[[[130.43438417580177,-12.579804628776287],[130.42052874844748,-12.563619349523496],[130.4052877783578,-12.57395037883379],[130.41683396781968,-12.592201863948642],[130.43438417580177,-12.579804628776287]]],[[[130.41637212024122,-12.59495680509805],[130.40436408320085,-12.581182099350993],[130.391894198582,-12.587036349293495],[130.40066930257302,-12.60184415797158],[130.41637212024122,-12.59495680509805]]],[[[130.4085207114071,-12.608042775557756],[130.38496648490485,-12.602532893258932],[130.40205484530847,-12.61527449607496],[130.4085207114071,-12.608042775557756]]],[[[130.39651267436676,-12.626638628316282],[130.3706492099721,-12.619406907799078],[130.36833997207972,-12.642135172281723],[130.38635202764027,-12.643168275212751],[130.39651267436676,-12.626638628316282]]],[[[130.1097053281333,-13.219984078370786],[130.1018539192992,-13.194156505095052],[130.09076957741578,-13.192779034520346],[130.08522740647408,-13.20999741670417],[130.1097053281333,-13.219984078370786]]],[[[130.0750667597476,-13.17108387296873],[130.0274964591646,-13.15076618199182],[130.01825950759508,-13.111163902969029],[130.02056874548745,-13.17969306406064],[130.0750667597476,-13.17108387296873]]],[[[129.7319140089401,-14.804075239282394],[129.6709501285813,-14.784446283592835],[129.69819913571138,-14.809585121581218],[129.7319140089401,-14.804075239282394]]]]}},{"id":7,"type":"Feature","properties":{"STATE_CODE":"8","STATE_NAME":"Australian Capital Territory","total_fire":0,"avg_frp":0,"grid_cells":0},"geometry":{"type":"Polygon","coordinates":[[[149.3992312907529,-35.31908887601876],[149.27222320667207,-35.27363234705347],[149.23850833344335,-35.221977200502],[149.2047934602146,-35.229553288662885],[149.18909064254643,-35.16584527458274],[149.120737200932,-35.124521157341576],[148.8080663903039,-35.30979094963949],[148.76280532761328,-35.49540510958109],[148.7886687920079,-35.58804000573006],[148.76742380339803,-35.64727124044241],[148.8556366908869,-35.76091256285563],[148.8865804786448,-35.71924407797078],[148.8865804786448,-35.810157135901356],[148.9590905484655,-35.89556031153312],[149.0486889786898,-35.92035478187782],[149.09579743169434,-35.84562700320003],[149.1096528590486,-35.69651581348813],[149.07824722371225,-35.585973799868],[149.14244403712038,-35.59251678509785],[149.14660066532667,-35.41482308096081],[149.20756454568547,-35.345260816938165],[149.35212283774837,-35.351459434524344],[149.3992312907529,-35.31908887601876]],[[149.15306653142534,-35.30496980262802],[149.0713195100351,-35.29842681739817],[149.08794602286025,-35.28499647929479],[149.09903036474367,-35.285685214582145],[149.10133960263602,-35.29429440567406],[149.11427133483335,-35.280519699927],[149.15306653142534,-35.30496980262802]]]}}]}