latitude,longitude,bright_ti4,scan,track,acq_date,acq_time,satellite,confidence,version,bright_ti5,frp,daynight
-44.9198,170.64435,341.24,0.51,0.49,2026-05-13,02:09,N,nominal,2.0NRT,290.22,71.99,D
-43.56683,172.51202,327.46,0.4,0.44,2026-05-13,02:09,N,nominal,2.0NRT,285.8,2.02,D
-43.56714,172.50917,328.72,0.4,0.44,2026-05-13,02:09,N,nominal,2.0NRT,286.33,2.26,D
-43.6703,170.93729,328.48,0.48,0.48,2026-05-13,02:09,N,nominal,2.0NRT,285.64,2.44,D
-42.92371,172.58963,331.49,0.39,0.44,2026-05-13,02:09,N,nominal,2.0NRT,286.61,3.95,D
-42.87466,172.60823,332.52,0.39,0.44,2026-05-13,02:09,N,nominal,2.0NRT,287.01,2.69,D
-40.33546,175.29276,329.95,0.43,0.38,2026-05-13,02:09,N,nominal,2.0NRT,287.06,2.5,D
-40.15434,175.37209,331.4,0.43,0.38,2026-05-13,02:09,N,nominal,2.0NRT,284.71,3.5,D
-39.82076,175.62386,335.08,0.42,0.38,2026-05-13,02:09,N,nominal,2.0NRT,282.72,5.47,D
-39.81056,175.62411,330.79,0.42,0.38,2026-05-13,02:09,N,nominal,2.0NRT,277.66,3.7,D
-39.60111,176.93127,328.86,0.39,0.36,2026-05-13,02:09,N,nominal,2.0NRT,285.31,2.04,D
-39.45993,174.08791,337.15,0.47,0.4,2026-05-13,02:09,N,nominal,2.0NRT,285.06,4.5,D
-44.92445,170.645,339.66,0.51,0.49,2026-05-13,02:09,N,nominal,2.0NRT,293.42,71.99,D
-38.12957,175.67271,336.46,0.41,0.37,2026-05-13,02:11,N,nominal,2.0NRT,288.33,3.18,D
-36.28933,174.59512,325.88,0.42,0.38,2026-05-13,02:11,N,nominal,2.0NRT,288.75,1.78,D
-36.28677,174.59158,330.17,0.42,0.38,2026-05-13,02:11,N,nominal,2.0NRT,288.56,2.46,D
-35.26971,173.33772,329.02,0.46,0.39,2026-05-13,02:11,N,nominal,2.0NRT,289.43,17.4,D
-35.27032,173.33264,340.78,0.46,0.39,2026-05-13,02:11,N,nominal,2.0NRT,291.49,17.4,D
-35.26669,173.33202,332.09,0.46,0.39,2026-05-13,02:11,N,nominal,2.0NRT,293.14,17.4,D
-35.27024,173.33542,343.58,0.46,0.39,2026-05-13,02:11,N,nominal,2.0NRT,292.18,19.4,D
-35.26723,173.32973,330.32,0.46,0.39,2026-05-13,02:11,N,nominal,2.0NRT,292.08,34.98,D
-35.26298,173.33408,333.62,0.46,0.39,2026-05-13,02:11,N,nominal,2.0NRT,290.34,14.45,D
-35.25935,173.33339,332.78,0.46,0.39,2026-05-13,02:11,N,nominal,2.0NRT,286.08,4.25,D
-37.45501,175.16414,334.26,0.42,0.37,2026-05-13,02:11,N,nominal,2.0NRT,290.83,5.51,D
-19.53115,169.44847,344.16,0.46,0.39,2026-05-13,02:13,N,nominal,2.0NRT,299.73,11.33,D
-19.52752,169.44781,335.75,0.46,0.39,2026-05-13,02:13,N,nominal,2.0NRT,296.96,6.39,D
-20.96858,165.37923,325.83,0.55,0.51,2026-05-13,02:13,N,nominal,2.0NRT,289.49,2.91,D
-43.67004,170.93593,325.12,0.51,0.66,2026-05-13,03:47,N,nominal,2.0NRT,284.29,2.28,D
-41.09265,148.00606,341.51,0.52,0.42,2026-05-13,03:49,N,nominal,2.0NRT,283.57,72.53,D
-41.09198,148.01227,342.99,0.52,0.42,2026-05-13,03:49,N,nominal,2.0NRT,287.24,72.53,D
-41.61576,146.11002,356.28,0.43,0.46,2026-05-13,03:49,N,nominal,2.0NRT,288.99,10.49,D
-41.29026,146.28252,336.97,0.42,0.45,2026-05-13,03:49,N,nominal,2.0NRT,280.5,3.6,D
-41.61148,146.10931,356.33,0.43,0.46,2026-05-13,03:49,N,low,2.0NRT,287.34,10.49,D
-41.61192,146.10437,330.64,0.43,0.46,2026-05-13,03:49,N,nominal,2.0NRT,277.99,3.85,D
-41.61103,146.11423,343.74,0.43,0.46,2026-05-13,03:49,N,nominal,2.0NRT,282.11,10.49,D
-41.6162,146.10519,330.09,0.43,0.46,2026-05-13,03:49,N,nominal,2.0NRT,278.43,3.85,D
-43.06786,146.882,345.83,0.41,0.45,2026-05-13,03:49,N,nominal,2.0NRT,314.65,64.62,D
-43.06835,146.87648,304.34,0.41,0.45,2026-05-13,03:49,N,low,2.0NRT,321.58,64.62,D
-43.06369,146.88094,348.85,0.41,0.45,2026-05-13,03:49,N,nominal,2.0NRT,292.12,64.62,D
-41.09653,148.00681,333.52,0.52,0.42,2026-05-13,03:49,N,nominal,2.0NRT,280.58,6.67,D
-41.61533,146.11485,345.51,0.43,0.46,2026-05-13,03:49,N,nominal,2.0NRT,287.84,10.49,D
-41.61303,146.10692,350.22,0.43,0.46,2026-05-13,03:49,N,nominal,2.0NRT,286.2,10.15,D
-41.61219,146.11671,328.74,0.43,0.46,2026-05-13,03:49,N,nominal,2.0NRT,281.04,9.95,D
-41.61261,146.11179,367,0.43,0.46,2026-05-13,03:49,N,high,2.0NRT,296.77,10.15,D
-41.61731,146.10771,332.01,0.43,0.46,2026-05-13,03:49,N,nominal,2.0NRT,279.66,10.15,D
-41.61689,146.11253,352.34,0.43,0.46,2026-05-13,03:49,N,nominal,2.0NRT,286.55,10.15,D
-42.06226,147.7951,343.97,0.54,0.42,2026-05-13,03:49,N,nominal,2.0NRT,285.56,21.96,D
-42.06622,147.7959,349.08,0.54,0.42,2026-05-13,03:49,N,nominal,2.0NRT,292.35,21.96,D
-42.41003,147.4229,332.97,0.57,0.43,2026-05-13,03:49,N,nominal,2.0NRT,303.72,60.18,D
-42.50456,147.15553,352.91,0.39,0.44,2026-05-13,03:49,N,nominal,2.0NRT,298.44,36.65,D
-42.50415,147.15999,330.09,0.39,0.44,2026-05-13,03:49,N,nominal,2.0NRT,288.76,14.86,D
-42.5087,147.15598,352.37,0.39,0.44,2026-05-13,03:49,N,nominal,2.0NRT,294.46,16.61,D
-42.89843,146.13144,338.01,0.44,0.46,2026-05-13,03:49,N,nominal,2.0NRT,285.79,3.75,D
-42.7821,147.71599,339.77,0.56,0.43,2026-05-13,03:49,N,nominal,2.0NRT,290.48,7.88,D
-42.92383,146.19656,342.28,0.44,0.46,2026-05-13,03:49,N,nominal,2.0NRT,287.97,5.76,D
-42.83491,147.59497,329.3,0.57,0.43,2026-05-13,03:49,N,nominal,2.0NRT,291.55,5.39,D
-42.97456,147.25061,344.91,0.39,0.44,2026-05-13,03:49,N,nominal,2.0NRT,289.18,5.69,D
-42.97823,147.25604,344.21,0.39,0.44,2026-05-13,03:49,N,nominal,2.0NRT,289.23,5.69,D
-43.06466,146.86993,326.75,0.41,0.45,2026-05-13,03:49,N,nominal,2.0NRT,287.96,6.39,D
-43.06419,146.87534,347.9,0.41,0.45,2026-05-13,03:49,N,nominal,2.0NRT,295.77,64.62,D
-38.21103,145.92032,331.43,0.4,0.44,2026-05-13,03:49,N,nominal,2.0NRT,278.51,2.15,D
-38.21518,145.92093,327.59,0.4,0.44,2026-05-13,03:49,N,nominal,2.0NRT,278.42,1.83,D
-38.64759,143.59077,353.21,0.53,0.5,2026-05-13,03:49,N,nominal,2.0NRT,275.52,9.08,D
-38.64729,143.59227,344.6,0.53,0.5,2026-05-13,03:49,N,nominal,2.0NRT,276.58,9.87,D
-38.58096,145.87712,344.84,0.41,0.45,2026-05-13,03:49,N,nominal,2.0NRT,285.82,6.43,D
-41.08425,148.01065,349.29,0.52,0.42,2026-05-13,03:49,N,nominal,2.0NRT,284.75,32.15,D
-41.08879,148.0052,331.19,0.52,0.42,2026-05-13,03:49,N,nominal,2.0NRT,287.8,72.53,D
-33.34729,147.48709,328.7,0.45,0.39,2026-05-13,03:51,N,nominal,2.0NRT,296.96,2.42,D
-33.23915,149.16685,339.26,0.4,0.37,2026-05-13,03:51,N,nominal,2.0NRT,291.24,7.57,D
-33.23855,149.17125,332.74,0.4,0.37,2026-05-13,03:51,N,nominal,2.0NRT,292.87,5.31,D
-33.24197,149.17189,332.42,0.4,0.37,2026-05-13,03:51,N,nominal,2.0NRT,291.41,5.31,D
-33.71846,145.48311,340.35,0.56,0.43,2026-05-13,03:51,N,nominal,2.0NRT,300.37,4.97,D
-33.71895,145.48459,337.04,0.56,0.43,2026-05-13,03:51,N,nominal,2.0NRT,300.14,4.53,D
-33.44885,148.66074,328.16,0.42,0.37,2026-05-13,03:51,N,nominal,2.0NRT,297.43,1.78,D
-33.44449,148.72049,342.37,0.42,0.37,2026-05-13,03:51,N,nominal,2.0NRT,293.03,4.14,D
-33.44389,148.72499,342.92,0.42,0.37,2026-05-13,03:51,N,nominal,2.0NRT,300.26,12.18,D
-33.44796,148.72115,340.17,0.42,0.37,2026-05-13,03:51,N,nominal,2.0NRT,298.09,4.14,D
-33.44736,148.72566,329.51,0.42,0.37,2026-05-13,03:51,N,nominal,2.0NRT,296.18,12.18,D
-33.75994,147.49869,334.07,0.46,0.39,2026-05-13,03:51,N,nominal,2.0NRT,300.03,5.09,D
-33.71271,148.04544,346.1,0.44,0.38,2026-05-13,03:51,N,nominal,2.0NRT,300.45,17.35,D
-33.7255,148.57344,341.3,0.42,0.38,2026-05-13,03:51,N,nominal,2.0NRT,296.37,4.74,D
-33.84896,149.45508,349.61,0.4,0.37,2026-05-13,03:51,N,nominal,2.0NRT,296.08,30.56,D
-33.84835,149.45946,351.55,0.4,0.37,2026-05-13,03:51,N,nominal,2.0NRT,286.85,30.56,D
-33.85299,149.45137,343.37,0.4,0.37,2026-05-13,03:51,N,nominal,2.0NRT,293.19,16.45,D
-33.85238,149.45573,347.46,0.4,0.37,2026-05-13,03:51,N,nominal,2.0NRT,302.42,43.42,D
-33.85579,149.45638,356.51,0.4,0.37,2026-05-13,03:51,N,low,2.0NRT,283.73,43.42,D
-33.85701,149.44765,343.24,0.4,0.37,2026-05-13,03:51,N,nominal,2.0NRT,286.38,16.45,D
-34.0812,148.0656,329.2,0.44,0.38,2026-05-13,03:51,N,nominal,2.0NRT,295.24,4.66,D
-34.19952,148.03516,346.4,0.44,0.39,2026-05-13,03:51,N,nominal,2.0NRT,298.53,9.03,D
-34.20309,148.03584,352.28,0.44,0.39,2026-05-13,03:51,N,nominal,2.0NRT,302.29,9.03,D
-36.13489,145.6189,341.41,0.39,0.44,2026-05-13,03:51,N,nominal,2.0NRT,296.46,6.82,D
-34.20667,148.03653,339.02,0.44,0.39,2026-05-13,03:51,N,nominal,2.0NRT,299.25,4.33,D
-30.46762,147.92738,339.87,0.42,0.37,2026-05-13,03:51,N,nominal,2.0NRT,286.13,3.98,D
-30.59433,148.12303,337.86,0.41,0.37,2026-05-13,03:51,N,nominal,2.0NRT,304.02,8.35,D
-31.06724,145.75755,343.66,0.51,0.41,2026-05-13,03:51,N,nominal,2.0NRT,291.31,8.08,D
-31.16436,146.90053,348.31,0.46,0.39,2026-05-13,03:51,N,nominal,2.0NRT,290.78,19.58,D
-31.34227,146.24146,331.08,0.49,0.4,2026-05-13,03:51,N,nominal,2.0NRT,298.57,4.47,D
-31.4369,146.99887,336.56,0.46,0.39,2026-05-13,03:51,N,nominal,2.0NRT,299.01,4.35,D
-31.43629,147.00372,336.92,0.46,0.39,2026-05-13,03:51,N,nominal,2.0NRT,300.39,4.35,D
-31.87594,146.15671,331.52,0.5,0.41,2026-05-13,03:51,N,nominal,2.0NRT,296.43,4.55,D
-31.87531,146.16208,327.09,0.5,0.41,2026-05-13,03:51,N,low,2.0NRT,297.11,3.67,D
-31.91841,146.69609,338.69,0.47,0.4,2026-05-13,03:51,N,nominal,2.0NRT,299.31,4.75,D
-31.91779,146.70116,342.13,0.47,0.4,2026-05-13,03:51,N,nominal,2.0NRT,299.62,4.75,D
-31.92211,146.6967,349.1,0.47,0.4,2026-05-13,03:51,N,nominal,2.0NRT,300.32,8.96,D
-32.2405,145.98799,339.57,0.51,0.41,2026-05-13,03:51,N,nominal,2.0NRT,293.41,5.61,D
-32.39284,146.8242,346.83,0.47,0.4,2026-05-13,03:51,N,nominal,2.0NRT,299.17,10.05,D
-32.39162,146.83437,354,0.47,0.4,2026-05-13,03:51,N,nominal,2.0NRT,297.92,10.63,D
-32.391,146.83946,353.41,0.47,0.4,2026-05-13,03:51,N,nominal,2.0NRT,299.05,10.63,D
-32.39653,146.82484,339.71,0.47,0.4,2026-05-13,03:51,N,nominal,2.0NRT,296.15,3.78,D
-32.3947,146.8401,344.46,0.47,0.4,2026-05-13,03:51,N,nominal,2.0NRT,295.61,4.59,D
-32.39901,146.83565,330.82,0.47,0.4,2026-05-13,03:51,N,nominal,2.0NRT,293.41,4.59,D
-32.39839,146.84074,334.2,0.47,0.4,2026-05-13,03:51,N,nominal,2.0NRT,293.81,4.59,D
-33.23465,138.40791,344.33,0.46,0.64,2026-05-13,03:51,N,nominal,2.0NRT,298.57,11.59,D
-33.24034,138.4138,344.98,0.46,0.64,2026-05-13,03:51,N,nominal,2.0NRT,297.99,10.85,D
-32.42941,147.28331,333.48,0.45,0.39,2026-05-13,03:51,N,nominal,2.0NRT,297.38,3.65,D
-32.42816,147.29309,337.69,0.45,0.39,2026-05-13,03:51,N,nominal,2.0NRT,297.53,3.78,D
-32.4324,147.28883,332.11,0.45,0.39,2026-05-13,03:51,N,nominal,2.0NRT,297.01,3.78,D
-32.42561,147.28539,338.44,0.45,0.39,2026-05-13,03:51,N,nominal,2.0NRT,297.47,5.06,D
-32.42923,147.28601,345.02,0.45,0.39,2026-05-13,03:51,N,nominal,2.0NRT,297.84,5.06,D
-32.42803,147.29578,330.22,0.45,0.39,2026-05-13,03:51,N,nominal,2.0NRT,297.79,2.66,D
-32.43285,147.28665,337.03,0.45,0.39,2026-05-13,03:51,N,nominal,2.0NRT,297.4,3,D
-32.41298,147.56421,332.61,0.44,0.39,2026-05-13,03:51,N,nominal,2.0NRT,297.83,4.43,D
-32.41238,147.56897,339.42,0.44,0.39,2026-05-13,03:51,N,nominal,2.0NRT,297.62,3.7,D
-32.41177,147.57372,330.53,0.44,0.39,2026-05-13,03:51,N,nominal,2.0NRT,297.21,3.7,D
-33.23698,138.4053,338.13,0.46,0.64,2026-05-13,03:51,N,nominal,2.0NRT,298.87,5.99,D
-33.2367,138.41068,343.41,0.46,0.64,2026-05-13,03:51,N,nominal,2.0NRT,298.62,8.84,D
-33.24271,138.41121,339.42,0.46,0.64,2026-05-13,03:51,N,nominal,2.0NRT,297.09,5.54,D
-33.25316,138.5545,337.14,0.45,0.63,2026-05-13,03:51,N,nominal,2.0NRT,288.82,4.46,D
-32.44333,147.61334,333.29,0.44,0.38,2026-05-13,03:51,N,nominal,2.0NRT,297.25,3.56,D
-32.44273,147.61807,331.6,0.44,0.38,2026-05-13,03:51,N,nominal,2.0NRT,298.11,3.56,D
-32.39824,148.04422,335.26,0.43,0.38,2026-05-13,03:51,N,nominal,2.0NRT,298.23,3.24,D
-32.55474,147.02463,350.08,0.47,0.39,2026-05-13,03:51,N,nominal,2.0NRT,297.62,6.66,D
-32.55412,147.02965,340.65,0.47,0.39,2026-05-13,03:51,N,nominal,2.0NRT,294.76,6.66,D
-32.61845,148.11443,341.25,0.43,0.38,2026-05-13,03:51,N,nominal,2.0NRT,298.95,4.3,D
-32.83217,146.44569,336.77,0.5,0.41,2026-05-13,03:51,N,nominal,2.0NRT,298.56,5.33,D
-32.7813,148.15453,331.61,0.43,0.38,2026-05-13,03:51,N,nominal,2.0NRT,297.31,4.05,D
-32.78071,148.15912,332.46,0.43,0.38,2026-05-13,03:51,N,nominal,2.0NRT,298.12,4.05,D
-32.84794,148.24557,332.32,0.42,0.38,2026-05-13,03:51,N,nominal,2.0NRT,293.18,5.31,D
-32.84735,148.25014,354.62,0.42,0.38,2026-05-13,03:51,N,nominal,2.0NRT,306.39,32.89,D
-32.84675,148.2547,341.47,0.42,0.38,2026-05-13,03:51,N,nominal,2.0NRT,311.71,32.89,D
-32.85085,148.25078,343.51,0.42,0.38,2026-05-13,03:51,N,nominal,2.0NRT,297.36,32.89,D
-32.85025,148.25534,341.36,0.42,0.38,2026-05-13,03:51,N,nominal,2.0NRT,311.18,32.89,D
-32.85555,148.24226,328.12,0.42,0.38,2026-05-13,03:51,N,nominal,2.0NRT,294.96,5.99,D
-32.85496,148.24683,353.76,0.42,0.38,2026-05-13,03:51,N,nominal,2.0NRT,299.82,5.99,D
-32.85436,148.2514,330.26,0.42,0.38,2026-05-13,03:51,N,nominal,2.0NRT,296.31,9.13,D
-32.85376,148.25597,337.22,0.42,0.38,2026-05-13,03:51,N,nominal,2.0NRT,303.1,9.13,D
-32.85787,148.25203,347.82,0.42,0.38,2026-05-13,03:51,N,nominal,2.0NRT,298.09,9.13,D
-32.85727,148.25659,328.04,0.42,0.38,2026-05-13,03:51,N,nominal,2.0NRT,296.65,9.13,D
-33.36435,145.78734,332.4,0.54,0.42,2026-05-13,03:51,N,nominal,2.0NRT,300.1,4.3,D
-33.36235,145.78877,330.75,0.54,0.42,2026-05-13,03:51,N,nominal,2.0NRT,299.48,5.47,D
-33.36894,145.80182,339.26,0.54,0.42,2026-05-13,03:51,N,nominal,2.0NRT,299.67,6.49,D
-33.37875,145.78537,333.69,0.54,0.42,2026-05-13,03:51,N,nominal,2.0NRT,299.36,3.75,D
-33.0191,148.73808,331.91,0.41,0.37,2026-05-13,03:51,N,nominal,2.0NRT,295.31,3.33,D
-33.02256,148.73875,333.14,0.41,0.37,2026-05-13,03:51,N,nominal,2.0NRT,295.03,3.33,D
-33.03773,149.19244,330.1,0.4,0.37,2026-05-13,03:51,N,nominal,2.0NRT,295.29,4.16,D
-33.03726,149.19032,332.56,0.4,0.37,2026-05-13,03:51,N,nominal,2.0NRT,296.77,3.77,D
-32.67253,151.6851,332.37,0.39,0.36,2026-05-13,03:51,N,nominal,2.0NRT,292.99,2.82,D
-33.34365,147.48643,333.14,0.45,0.39,2026-05-13,03:51,N,nominal,2.0NRT,296.31,3.46,D
-34.99697,146.90962,333.07,0.5,0.41,2026-05-13,03:51,N,nominal,2.0NRT,294.81,2.56,D
-34.99317,146.90898,326.81,0.5,0.41,2026-05-13,03:51,N,nominal,2.0NRT,293.78,2.56,D
-34.98306,146.89594,337.47,0.5,0.41,2026-05-13,03:51,N,nominal,2.0NRT,297.03,10.78,D
-34.97798,146.90642,335.16,0.5,0.41,2026-05-13,03:51,N,nominal,2.0NRT,297.3,9.32,D
-34.97862,146.90085,352.9,0.5,0.41,2026-05-13,03:51,N,nominal,2.0NRT,297.79,9.32,D
-34.97482,146.90021,349.64,0.5,0.41,2026-05-13,03:51,N,nominal,2.0NRT,295.69,10.05,D
-34.75885,148.41734,327.01,0.43,0.38,2026-05-13,03:51,N,nominal,2.0NRT,292.86,2.79,D
-34.75946,148.41251,353.17,0.43,0.38,2026-05-13,03:51,N,nominal,2.0NRT,294.21,5.85,D
-34.75531,148.41664,351.24,0.43,0.38,2026-05-13,03:51,N,nominal,2.0NRT,294.25,10.47,D
-34.75591,148.41183,356.48,0.43,0.38,2026-05-13,03:51,N,nominal,2.0NRT,297.21,13.2,D
-34.75652,148.40701,325.82,0.43,0.38,2026-05-13,03:51,N,nominal,2.0NRT,291.39,13.2,D
-34.75689,148.41867,329.34,0.43,0.38,2026-05-13,03:51,N,nominal,2.0NRT,292.56,5.22,D
-34.75752,148.41386,355.52,0.43,0.38,2026-05-13,03:51,N,nominal,2.0NRT,297.51,10.27,D
-34.75814,148.40906,342.87,0.43,0.38,2026-05-13,03:51,N,nominal,2.0NRT,292.78,10.27,D
-34.75397,148.41318,342.57,0.43,0.38,2026-05-13,03:51,N,nominal,2.0NRT,292.39,10.27,D
-34.75459,148.40839,329.03,0.43,0.38,2026-05-13,03:51,N,nominal,2.0NRT,291.82,10.27,D
-34.68456,148.44455,336.7,0.43,0.38,2026-05-13,03:51,N,nominal,2.0NRT,293.33,15.67,D
-34.68517,148.43971,333.73,0.43,0.38,2026-05-13,03:51,N,nominal,2.0NRT,288.88,10.75,D
-34.85021,145.94975,343.26,0.55,0.43,2026-05-13,03:51,N,nominal,2.0NRT,296.25,7.49,D
-34.59623,148.11938,338.73,0.44,0.39,2026-05-13,03:51,N,nominal,2.0NRT,296.05,11.05,D
-34.59684,148.11444,326.71,0.44,0.39,2026-05-13,03:51,N,nominal,2.0NRT,293.06,11.05,D
-34.84623,145.94913,340.94,0.55,0.43,2026-05-13,03:51,N,nominal,2.0NRT,295.81,7.49,D
-34.76634,146.11485,335.98,0.54,0.42,2026-05-13,03:51,N,nominal,2.0NRT,293.58,5.37,D
-34.65532,147.02487,346.59,0.49,0.4,2026-05-13,03:51,N,nominal,2.0NRT,296.18,9.86,D
-34.65596,147.01945,332.75,0.49,0.4,2026-05-13,03:51,N,nominal,2.0NRT,297.11,6.33,D
-34.47725,147.88539,334.6,0.45,0.39,2026-05-13,03:51,N,nominal,2.0NRT,294.3,5.53,D
-34.47788,147.88043,331.84,0.45,0.39,2026-05-13,03:51,N,nominal,2.0NRT,295.53,4.99,D
-34.47364,147.88474,343.9,0.45,0.39,2026-05-13,03:51,N,nominal,2.0NRT,302.56,25.9,D
-34.47426,147.87979,325.85,0.45,0.39,2026-05-13,03:51,N,nominal,2.0NRT,295.32,6.38,D
-34.35653,148.37589,335.67,0.43,0.38,2026-05-13,03:51,N,nominal,2.0NRT,290.09,2.66,D
-34.353,148.3752,343.84,0.43,0.38,2026-05-13,03:51,N,nominal,2.0NRT,294.06,9.94,D
-34.35468,147.23271,331.45,0.48,0.4,2026-05-13,03:51,N,nominal,2.0NRT,297.77,2.3,D
-34.35097,147.23206,331.38,0.48,0.4,2026-05-13,03:51,N,nominal,2.0NRT,297.8,2.3,D
-34.34228,147.24124,327.5,0.48,0.4,2026-05-13,03:51,N,nominal,2.0NRT,298.89,3,D
-34.34291,147.23599,344.71,0.48,0.4,2026-05-13,03:51,N,nominal,2.0NRT,299.12,7.81,D
-34.20247,148.04077,331.77,0.44,0.39,2026-05-13,03:51,N,nominal,2.0NRT,296.79,42,D
-37.98655,143.95953,328.41,0.5,0.49,2026-05-13,03:51,N,nominal,2.0NRT,283.59,7.4,D
-37.98282,143.94756,327.43,0.5,0.49,2026-05-13,03:51,N,nominal,2.0NRT,282.64,2.52,D
-37.9839,143.95697,335.51,0.5,0.49,2026-05-13,03:51,N,nominal,2.0NRT,283.4,4.25,D
-37.95348,144.04228,337.89,0.5,0.49,2026-05-13,03:51,N,nominal,2.0NRT,284.64,4.89,D
-37.86022,143.28838,339.84,0.54,0.51,2026-05-13,03:51,N,nominal,2.0NRT,291.82,5.26,D
-37.85543,143.2878,325.81,0.54,0.51,2026-05-13,03:51,N,nominal,2.0NRT,290.51,2.78,D
-37.79598,143.19478,338.63,0.55,0.51,2026-05-13,03:51,N,nominal,2.0NRT,292.49,4.56,D
-37.72219,143.09312,344.84,0.56,0.51,2026-05-13,03:51,N,nominal,2.0NRT,291.04,36.89,D
-37.19982,148.28786,334.13,0.46,0.39,2026-05-13,03:51,N,nominal,2.0NRT,287.53,3.42,D
-37.73498,142.79433,339.16,0.58,0.52,2026-05-13,03:51,N,nominal,2.0NRT,291.95,4.95,D
-37.73548,142.78757,333.04,0.58,0.52,2026-05-13,03:51,N,nominal,2.0NRT,291.11,4.95,D
-37.50161,143.71339,342.06,0.51,0.5,2026-05-13,03:51,N,nominal,2.0NRT,298.62,51.01,D
-37.50208,143.70741,332.43,0.51,0.5,2026-05-13,03:51,N,nominal,2.0NRT,288.2,16.6,D
-36.99454,147.56299,355.6,0.49,0.4,2026-05-13,03:51,N,nominal,2.0NRT,293.13,11.08,D
-36.99519,147.55719,346.51,0.49,0.4,2026-05-13,03:51,N,nominal,2.0NRT,295.34,8.33,D
-36.99562,147.56213,348.32,0.49,0.4,2026-05-13,03:51,N,nominal,2.0NRT,291.51,5.93,D
-36.9963,147.55635,335.6,0.49,0.4,2026-05-13,03:51,N,nominal,2.0NRT,294.92,5.93,D
-36.99187,147.56129,349.68,0.49,0.4,2026-05-13,03:51,N,nominal,2.0NRT,295.77,12.52,D
-36.99254,147.55557,328.53,0.49,0.4,2026-05-13,03:51,N,nominal,2.0NRT,291.81,12.52,D
-36.83216,147.81354,333.16,0.48,0.4,2026-05-13,03:51,N,nominal,2.0NRT,288.69,4.49,D
-37.25733,142.82776,340.71,0.57,0.52,2026-05-13,03:51,N,nominal,2.0NRT,289.13,5.19,D
-36.80574,145.97522,338.76,0.38,0.44,2026-05-13,03:51,N,nominal,2.0NRT,290.29,9.54,D
-37.00522,143.01784,327.07,0.55,0.51,2026-05-13,03:51,N,nominal,2.0NRT,288.54,2.5,D
-36.82062,141.53319,329.76,0.33,0.55,2026-05-13,03:51,N,nominal,2.0NRT,287.59,3.64,D
-36.82087,141.52928,353.18,0.33,0.55,2026-05-13,03:51,N,nominal,2.0NRT,288.83,3.64,D
-36.76798,141.60811,331.5,0.33,0.55,2026-05-13,03:51,N,nominal,2.0NRT,286.97,3.21,D
-36.76824,141.60428,327.57,0.33,0.55,2026-05-13,03:51,N,nominal,2.0NRT,287.76,3.08,D
-36.76304,141.60381,367,0.33,0.55,2026-05-13,03:51,N,high,2.0NRT,293.17,14.3,D
-36.18308,147.80692,336.08,0.47,0.4,2026-05-13,03:51,N,nominal,2.0NRT,289.5,6.02,D
-36.76278,141.60764,350.49,0.33,0.55,2026-05-13,03:51,N,nominal,2.0NRT,286.16,15.65,D
-36.7633,141.59999,344.49,0.33,0.55,2026-05-13,03:51,N,nominal,2.0NRT,286.22,14.3,D
-36.3844,145.89084,350.74,0.38,0.44,2026-05-13,03:51,N,nominal,2.0NRT,295.31,7.8,D
-36.66059,141.49324,332.43,0.33,0.55,2026-05-13,03:51,N,nominal,2.0NRT,284.25,3.24,D
-36.65511,141.49658,348.98,0.33,0.55,2026-05-13,03:51,N,nominal,2.0NRT,285.49,35.91,D
-36.65537,141.49275,344.09,0.33,0.55,2026-05-13,03:51,N,nominal,2.0NRT,306.45,36.64,D
-36.65562,141.48891,342.28,0.33,0.55,2026-05-13,03:51,N,nominal,2.0NRT,285.38,36.64,D
-36.37959,144.48117,339.11,0.45,0.47,2026-05-13,03:51,N,nominal,2.0NRT,293.28,4.08,D
-36.25652,145.03848,339.74,0.42,0.45,2026-05-13,03:51,N,nominal,2.0NRT,298.87,14,D
-36.25698,145.03368,352.78,0.42,0.45,2026-05-13,03:51,N,nominal,2.0NRT,302.4,24.13,D
-35.89896,148.19794,336.41,0.45,0.39,2026-05-13,03:51,N,nominal,2.0NRT,288.9,4.71,D
-36.56104,140.41972,328.13,0.38,0.59,2026-05-13,03:51,N,nominal,2.0NRT,278.87,1.78,D
-36.13443,145.62335,334.91,0.39,0.44,2026-05-13,03:51,N,nominal,2.0NRT,295.54,4.91,D
-36.56252,140.42065,326.38,0.38,0.59,2026-05-13,03:51,N,nominal,2.0NRT,279.03,1.98,D
-35.83587,147.67813,336.26,0.47,0.4,2026-05-13,03:51,N,nominal,2.0NRT,290.5,19.41,D
-35.8365,147.67282,354.93,0.47,0.4,2026-05-13,03:51,N,nominal,2.0NRT,294.9,19.41,D
-35.83711,147.66759,329.65,0.47,0.4,2026-05-13,03:51,N,nominal,2.0NRT,291.89,5.04,D
-35.8291,147.67151,347.69,0.47,0.4,2026-05-13,03:51,N,nominal,2.0NRT,296.41,31.42,D
-35.82971,147.66629,331.97,0.47,0.4,2026-05-13,03:51,N,nominal,2.0NRT,288.5,3.75,D
-36.03587,145.64894,340.91,0.39,0.44,2026-05-13,03:51,N,nominal,2.0NRT,301.95,8.11,D
-36.03631,145.64452,326.47,0.39,0.44,2026-05-13,03:51,N,nominal,2.0NRT,295.9,8.11,D
-36.03781,145.64618,341.02,0.39,0.44,2026-05-13,03:51,N,nominal,2.0NRT,299.86,8.47,D
-36.0337,145.64555,339.1,0.39,0.44,2026-05-13,03:51,N,nominal,2.0NRT,297.25,8.47,D
-35.64742,148.08221,341.46,0.45,0.39,2026-05-13,03:51,N,nominal,2.0NRT,287.98,9.68,D
-35.64314,148.08678,367,0.45,0.39,2026-05-13,03:51,N,high,2.0NRT,291.1,15.64,D
-35.64185,148.09718,333.34,0.45,0.39,2026-05-13,03:51,N,nominal,2.0NRT,285.66,10.6,D
-35.64249,148.09196,354.44,0.45,0.39,2026-05-13,03:51,N,nominal,2.0NRT,290.59,10.6,D
-35.64379,148.08163,348.73,0.45,0.39,2026-05-13,03:51,N,nominal,2.0NRT,289.78,15.64,D
-35.6395,148.08624,367,0.45,0.39,2026-05-13,03:51,N,high,2.0NRT,291.59,15.64,D
-35.63824,148.09639,336.32,0.45,0.39,2026-05-13,03:51,N,nominal,2.0NRT,285.01,10.6,D
-35.63887,148.09131,341.95,0.45,0.39,2026-05-13,03:51,N,nominal,2.0NRT,287.98,10.6,D
-35.64014,148.08115,350.6,0.45,0.39,2026-05-13,03:51,N,nominal,2.0NRT,289.99,15.64,D
-35.97173,145.13278,338.74,0.41,0.45,2026-05-13,03:51,N,nominal,2.0NRT,295.03,3.67,D
-35.63524,148.09073,332.34,0.45,0.39,2026-05-13,03:51,N,nominal,2.0NRT,286.32,4.54,D
-35.63586,148.08569,332.59,0.45,0.39,2026-05-13,03:51,N,nominal,2.0NRT,284.69,5.51,D
-35.63649,148.08066,342.23,0.45,0.39,2026-05-13,03:51,N,nominal,2.0NRT,287.49,5.51,D
-35.63712,148.07559,329.6,0.45,0.39,2026-05-13,03:51,N,nominal,2.0NRT,287.57,3.69,D
-35.63284,148.08015,332.01,0.45,0.39,2026-05-13,03:51,N,nominal,2.0NRT,287.5,5.51,D
-35.63348,148.07506,329.9,0.45,0.39,2026-05-13,03:51,N,nominal,2.0NRT,287.5,3.69,D
-35.99901,143.77585,352.81,0.49,0.49,2026-05-13,03:51,N,nominal,2.0NRT,304.09,54.91,D
-35.99399,143.78084,341.62,0.49,0.49,2026-05-13,03:51,N,nominal,2.0NRT,297.85,182.23,D
-35.99492,143.76968,325.73,0.49,0.49,2026-05-13,03:51,N,nominal,2.0NRT,293.9,7.06,D
-35.99538,143.76411,348.01,0.49,0.49,2026-05-13,03:51,N,nominal,2.0NRT,296.25,7.06,D
-35.99884,143.77525,353.71,0.49,0.49,2026-05-13,03:51,N,nominal,2.0NRT,307.19,65.86,D
-35.99379,143.78024,341.03,0.49,0.49,2026-05-13,03:51,N,nominal,2.0NRT,297.95,82.74,D
-35.99478,143.76912,325.95,0.49,0.49,2026-05-13,03:51,N,nominal,2.0NRT,294.11,65.86,D
-35.99528,143.76355,344.62,0.49,0.49,2026-05-13,03:51,N,nominal,2.0NRT,295.78,8.56,D
-35.6424,146.05255,332.22,0.56,0.43,2026-05-13,03:51,N,nominal,2.0NRT,292.8,4.74,D
-35.6384,146.05191,332.5,0.56,0.43,2026-05-13,03:51,N,nominal,2.0NRT,292.97,4.74,D
-35.63907,146.04565,329.43,0.56,0.43,2026-05-13,03:51,N,nominal,2.0NRT,292.5,3.31,D
-35.64156,145.74973,341.76,0.38,0.43,2026-05-13,03:51,N,nominal,2.0NRT,298.69,3.86,D
-35.6375,145.7491,330.1,0.38,0.43,2026-05-13,03:51,N,nominal,2.0NRT,297.42,3.86,D
-35.51827,144.3345,328.65,0.45,0.47,2026-05-13,03:51,N,nominal,2.0NRT,297.38,3.47,D
-35.5188,144.3322,328.67,0.45,0.47,2026-05-13,03:51,N,nominal,2.0NRT,297.52,2.89,D
-35.0171,148.00407,345.46,0.45,0.39,2026-05-13,03:51,N,nominal,2.0NRT,290.03,5.6,D
-35.017,148.00735,338.56,0.45,0.39,2026-05-13,03:51,N,nominal,2.0NRT,289.29,3.57,D
-35.01764,148.00232,330.58,0.45,0.39,2026-05-13,03:51,N,nominal,2.0NRT,289.76,3.57,D
-35.12767,146.42078,346.56,0.53,0.42,2026-05-13,03:51,N,nominal,2.0NRT,311.36,81.16,D
-35.26123,145.09312,330.73,0.41,0.45,2026-05-13,03:51,N,nominal,2.0NRT,297.92,2.23,D
-35.25704,145.09251,347.44,0.41,0.45,2026-05-13,03:51,N,nominal,2.0NRT,300.18,36.74,D
-35.25749,145.08792,337.31,0.41,0.45,2026-05-13,03:51,N,nominal,2.0NRT,296.93,48.14,D
-35.25285,145.09189,341.81,0.41,0.45,2026-05-13,03:51,N,nominal,2.0NRT,298.12,36.74,D
-35.25375,145.08269,335.82,0.41,0.45,2026-05-13,03:51,N,nominal,2.0NRT,298.21,48.14,D
-35.2533,145.0873,367,0.41,0.45,2026-05-13,03:51,N,low,2.0NRT,339.77,48.14,D
-35.24911,145.08669,344.19,0.41,0.45,2026-05-13,03:51,N,nominal,2.0NRT,296.86,6.52,D
-35.24955,145.08208,329.55,0.41,0.45,2026-05-13,03:51,N,nominal,2.0NRT,297.33,6.52,D
-26.4363,150.53557,327.99,0.4,0.37,2026-05-13,03:53,N,nominal,2.0NRT,283.41,4,D
-26.42321,150.5946,325.87,0.4,0.37,2026-05-13,03:53,N,nominal,2.0NRT,291,4.51,D
-26.43421,150.52695,345.88,0.4,0.37,2026-05-13,03:53,N,nominal,2.0NRT,281.33,3.6,D
-26.43486,150.52296,334.66,0.4,0.37,2026-05-13,03:53,N,nominal,2.0NRT,283.14,3.6,D
-26.41581,150.59723,343.2,0.4,0.37,2026-05-13,03:53,N,nominal,2.0NRT,291.81,6.48,D
-26.41243,150.59654,343.62,0.4,0.37,2026-05-13,03:53,N,nominal,2.0NRT,293.93,4.55,D
-26.41308,150.59256,330.86,0.4,0.37,2026-05-13,03:53,N,nominal,2.0NRT,291.78,4.55,D
-26.40905,150.59587,337.16,0.4,0.37,2026-05-13,03:53,N,nominal,2.0NRT,287.26,4.55,D
-26.4097,150.59189,334.87,0.4,0.37,2026-05-13,03:53,N,nominal,2.0NRT,287.53,4.55,D
-26.4049,150.57857,330.39,0.4,0.37,2026-05-13,03:53,N,nominal,2.0NRT,288.67,2.65,D
-26.40555,150.57458,339.82,0.4,0.37,2026-05-13,03:53,N,nominal,2.0NRT,290.12,2.65,D
-26.15584,150.32536,332.08,0.39,0.36,2026-05-13,03:53,N,nominal,2.0NRT,295.64,4.57,D
-26.15248,150.32469,367,0.39,0.36,2026-05-13,03:53,N,high,2.0NRT,308.63,24.56,D
-26.15311,150.32076,367,0.39,0.36,2026-05-13,03:53,N,high,2.0NRT,305.4,24.56,D
-26.15184,150.32866,351.06,0.39,0.36,2026-05-13,03:53,N,nominal,2.0NRT,296.66,6.88,D
-26.15375,150.31682,327.91,0.39,0.36,2026-05-13,03:53,N,nominal,2.0NRT,297.26,7.3,D
-26.14848,150.32799,338.98,0.39,0.36,2026-05-13,03:53,N,nominal,2.0NRT,293.47,6.88,D
-26.14912,150.32404,356.2,0.39,0.36,2026-05-13,03:53,N,nominal,2.0NRT,299.39,24.56,D
-26.14511,150.32732,347.22,0.39,0.36,2026-05-13,03:53,N,nominal,2.0NRT,295.41,4.85,D
-26.14575,150.32336,351.94,0.39,0.36,2026-05-13,03:53,N,nominal,2.0NRT,298.38,13.42,D
-26.14639,150.31941,356.41,0.39,0.36,2026-05-13,03:53,N,nominal,2.0NRT,302.64,13.42,D
-26.14112,150.33058,326.93,0.39,0.36,2026-05-13,03:53,N,nominal,2.0NRT,291.62,4.85,D
-26.14239,150.32269,352.62,0.39,0.36,2026-05-13,03:53,N,nominal,2.0NRT,295.27,13.42,D
-26.14302,150.31876,355.38,0.39,0.36,2026-05-13,03:53,N,nominal,2.0NRT,302.64,13.42,D
-26.13839,150.32597,339.13,0.39,0.36,2026-05-13,03:53,N,nominal,2.0NRT,295.13,6.65,D
-26.13902,150.32202,331.95,0.39,0.36,2026-05-13,03:53,N,nominal,2.0NRT,293.13,3.39,D
-26.14284,150.2984,327.25,0.39,0.36,2026-05-13,03:53,N,nominal,2.0NRT,294.28,3.68,D
-25.15326,151.98701,329.91,0.45,0.39,2026-05-13,03:53,N,nominal,2.0NRT,293.24,5.4,D
-23.70963,151.21867,326.77,0.43,0.38,2026-05-13,03:53,N,nominal,2.0NRT,294.4,2.42,D
-23.69484,151.22011,332.2,0.43,0.38,2026-05-13,03:53,N,nominal,2.0NRT,295.49,2.85,D
-23.69294,151.18872,339.15,0.43,0.38,2026-05-13,03:53,N,nominal,2.0NRT,295.95,6.83,D
-23.69511,151.17607,332.15,0.43,0.38,2026-05-13,03:53,N,nominal,2.0NRT,295.77,3.24,D
-23.68869,151.19234,333.02,0.43,0.38,2026-05-13,03:53,N,nominal,2.0NRT,297.61,9.38,D
-23.68942,151.18803,333.46,0.43,0.38,2026-05-13,03:53,N,nominal,2.0NRT,296.78,3.71,D
-23.6916,151.17534,326.21,0.43,0.38,2026-05-13,03:53,N,nominal,2.0NRT,294.13,1.93,D
-23.68591,151.18733,329.26,0.43,0.38,2026-05-13,03:53,N,nominal,2.0NRT,294.41,3.71,D
-18.40179,142.68526,338.67,0.53,0.42,2026-05-13,03:55,N,nominal,2.0NRT,298.59,7.45,D
-23.30317,148.33185,333.14,0.38,0.36,2026-05-13,03:55,N,nominal,2.0NRT,302.05,2.58,D
-22.62659,149.72253,335.59,0.4,0.37,2026-05-13,03:55,N,nominal,2.0NRT,290.83,2.96,D
-22.6232,149.72191,335.66,0.4,0.37,2026-05-13,03:55,N,nominal,2.0NRT,287.94,2.96,D
-23.18922,143.06119,335.08,0.57,0.43,2026-05-13,03:55,N,nominal,2.0NRT,297.64,5.76,D
-23.18945,143.0592,347.31,0.57,0.43,2026-05-13,03:55,N,nominal,2.0NRT,299.74,16.99,D
-21.01569,137.34836,345.68,0.41,0.6,2026-05-13,03:55,N,nominal,2.0NRT,295.3,7.62,D
-18.40567,142.68582,367,0.53,0.42,2026-05-13,03:55,N,high,2.0NRT,303.15,16.72,D
-18.39792,142.68471,351.15,0.53,0.42,2026-05-13,03:55,N,nominal,2.0NRT,301.09,7.45,D
-18.39404,142.68419,345.24,0.53,0.42,2026-05-13,03:55,N,nominal,2.0NRT,300.71,4.74,D
-18.38368,142.703,333.37,0.53,0.42,2026-05-13,03:55,N,nominal,2.0NRT,299.71,4.23,D
-18.38498,142.6931,339.39,0.53,0.42,2026-05-13,03:55,N,nominal,2.0NRT,299.36,3.06,D
-18.38502,142.66257,335.42,0.53,0.42,2026-05-13,03:55,N,nominal,2.0NRT,299.7,3.74,D
-18.38569,142.65746,337.77,0.53,0.42,2026-05-13,03:55,N,nominal,2.0NRT,299.06,3.74,D
-18.38769,142.64211,337.8,0.53,0.42,2026-05-13,03:55,N,nominal,2.0NRT,299.42,4.77,D
-18.38968,142.62692,330.33,0.53,0.42,2026-05-13,03:55,N,nominal,2.0NRT,298.15,3.63,D
-18.38191,142.62572,339.73,0.53,0.42,2026-05-13,03:55,N,nominal,2.0NRT,299.44,6.8,D
-18.38257,142.62067,336.07,0.53,0.42,2026-05-13,03:55,N,nominal,2.0NRT,299.1,2.97,D
-18.37813,142.59375,335.82,0.53,0.42,2026-05-13,03:55,N,nominal,2.0NRT,298.67,5.78,D
-18.35397,142.74962,333.77,0.52,0.42,2026-05-13,03:55,N,nominal,2.0NRT,300.38,4.22,D
-18.36762,142.64435,330.89,0.53,0.42,2026-05-13,03:55,N,nominal,2.0NRT,300.87,3.43,D
-18.37362,142.5672,338.4,0.54,0.42,2026-05-13,03:55,N,nominal,2.0NRT,299.19,6.6,D
-18.36516,142.57112,331.86,0.54,0.42,2026-05-13,03:55,N,nominal,2.0NRT,296.76,7.44,D
-18.33725,142.75732,333.55,0.52,0.42,2026-05-13,03:55,N,nominal,2.0NRT,300.27,5.36,D
-18.36061,142.57568,330.54,0.53,0.42,2026-05-13,03:55,N,nominal,2.0NRT,299.65,7.49,D
-18.36126,142.57059,337.37,0.54,0.42,2026-05-13,03:55,N,nominal,2.0NRT,298.67,7.49,D
-18.35086,142.58986,330.88,0.53,0.42,2026-05-13,03:55,N,nominal,2.0NRT,299.09,7.87,D
-18.33143,142.71085,332.53,0.53,0.42,2026-05-13,03:55,N,nominal,2.0NRT,297.68,3.55,D
-18.32052,142.73456,334.04,0.52,0.42,2026-05-13,03:55,N,nominal,2.0NRT,298.77,4.68,D
-18.3398,142.58325,336.1,0.53,0.42,2026-05-13,03:55,N,nominal,2.0NRT,299.64,4.32,D
-18.33526,142.58775,336.24,0.53,0.42,2026-05-13,03:55,N,nominal,2.0NRT,296.5,5.95,D
-18.33136,142.58722,343.76,0.53,0.42,2026-05-13,03:55,N,nominal,2.0NRT,297.16,5.95,D
-18.332,142.58215,335.26,0.53,0.42,2026-05-13,03:55,N,nominal,2.0NRT,298.1,4.71,D
-18.32747,142.58667,335.15,0.53,0.42,2026-05-13,03:55,N,nominal,2.0NRT,299.02,6.7,D
-18.31937,142.73674,339.3,0.52,0.42,2026-05-13,03:55,N,nominal,2.0NRT,298.84,8.51,D
-18.33959,142.58572,339.27,0.53,0.42,2026-05-13,03:55,N,nominal,2.0NRT,297.48,4.25,D
-18.3357,142.58517,332.18,0.53,0.42,2026-05-13,03:55,N,nominal,2.0NRT,298.25,4.25,D
-18.3318,142.58467,354.24,0.53,0.42,2026-05-13,03:55,N,nominal,2.0NRT,298.05,7.22,D
-18.3279,142.58412,342.5,0.53,0.42,2026-05-13,03:55,N,nominal,2.0NRT,298.71,7.22,D
-18.60662,134.14452,337.89,0.62,0.71,2026-05-13,03:55,N,nominal,2.0NRT,295.05,7.53,D
-18.60712,134.13849,346.81,0.62,0.71,2026-05-13,03:55,N,nominal,2.0NRT,294.7,7.53,D
-18.60456,134.13928,336.48,0.62,0.71,2026-05-13,03:55,N,nominal,2.0NRT,295.37,9.92,D
-18.10633,138.54144,348.42,0.63,0.54,2026-05-13,03:55,N,nominal,2.0NRT,281.15,13.75,D
-18.10127,138.54083,337.25,0.63,0.54,2026-05-13,03:55,N,nominal,2.0NRT,279.25,20.52,D
-18.10193,138.53481,350.68,0.63,0.54,2026-05-13,03:55,N,nominal,2.0NRT,286.63,16.53,D
-18.09688,138.53419,356.15,0.63,0.54,2026-05-13,03:55,N,nominal,2.0NRT,285.04,16.53,D
-17.14371,144.20424,335.37,0.43,0.38,2026-05-13,03:55,N,nominal,2.0NRT,303.24,4.35,D
-17.14452,144.20081,342.8,0.43,0.38,2026-05-13,03:55,N,nominal,2.0NRT,299.6,1.59,D
-17.08739,144.04028,336.19,0.44,0.38,2026-05-13,03:55,N,nominal,2.0NRT,302.86,3.45,D
-17.08384,144.03975,331.44,0.44,0.38,2026-05-13,03:55,N,nominal,2.0NRT,300.85,3.19,D
-17.46745,138.06859,331.52,0.33,0.55,2026-05-13,03:55,N,nominal,2.0NRT,295.37,3.17,D
-17.45693,138.1154,335.17,0.33,0.55,2026-05-13,03:55,N,nominal,2.0NRT,297.57,6.68,D
-17.45728,138.11224,342.63,0.33,0.55,2026-05-13,03:55,N,nominal,2.0NRT,297.3,3.15,D
-17.45764,138.1091,330.24,0.33,0.55,2026-05-13,03:55,N,nominal,2.0NRT,295.31,3.15,D
-17.44839,138.09842,367,0.33,0.55,2026-05-13,03:55,N,high,2.0NRT,299.49,6.01,D
-17.44803,138.10158,355.42,0.33,0.55,2026-05-13,03:55,N,nominal,2.0NRT,298.74,11.3,D
-17.44874,138.09526,336.73,0.33,0.55,2026-05-13,03:55,N,nominal,2.0NRT,298.04,6.01,D
-17.44945,138.08894,340.59,0.33,0.55,2026-05-13,03:55,N,nominal,2.0NRT,295.66,4.87,D
-17.44147,138.1136,344.4,0.33,0.55,2026-05-13,03:55,N,nominal,2.0NRT,296.89,4.88,D
-17.39063,138.24385,367,0.32,0.55,2026-05-13,03:55,N,high,2.0NRT,296.96,5.04,D
-14.10571,132.07547,329.67,0.75,0.77,2026-05-13,03:57,N,nominal,2.0NRT,289.5,12.7,D
-13.72299,136.70215,330.23,0.37,0.58,2026-05-13,03:57,N,nominal,2.0NRT,290.43,2.44,D
-13.72565,136.69479,326.43,0.37,0.58,2026-05-13,03:57,N,nominal,2.0NRT,290.69,2.16,D
-13.18269,142.77711,331.76,0.46,0.39,2026-05-13,03:57,N,nominal,2.0NRT,299.72,6,D
-13.18393,142.79465,334.89,0.46,0.39,2026-05-13,03:57,N,nominal,2.0NRT,298.33,3.69,D
-13.18754,142.79518,333.65,0.46,0.39,2026-05-13,03:57,N,nominal,2.0NRT,294.92,3.69,D
-13.19057,142.79994,335.01,0.46,0.39,2026-05-13,03:57,N,nominal,2.0NRT,299.94,6.95,D
-15.53348,141.71344,341.91,0.55,0.43,2026-05-13,03:57,N,nominal,2.0NRT,296.63,7.5,D
-15.54649,141.73637,346.08,0.55,0.43,2026-05-13,03:57,N,nominal,2.0NRT,299.08,15,D
-16.9633,136.23537,348.87,0.43,0.62,2026-05-13,03:57,N,nominal,2.0NRT,293.92,4.98,D
-16.9637,136.23143,338.66,0.43,0.62,2026-05-13,03:57,N,nominal,2.0NRT,293.15,4.98,D
-16.94919,136.25906,345.08,0.43,0.62,2026-05-13,03:57,N,nominal,2.0NRT,295.46,8.34,D
-16.94676,136.22523,367,0.43,0.62,2026-05-13,03:57,N,high,2.0NRT,293.76,12.03,D
-16.94386,136.25394,344.96,0.43,0.62,2026-05-13,03:57,N,nominal,2.0NRT,295.16,8.28,D
-16.94925,136.2594,347.42,0.43,0.62,2026-05-13,03:57,N,nominal,2.0NRT,295.38,8.92,D
-16.94704,136.22563,367,0.43,0.62,2026-05-13,03:57,N,high,2.0NRT,293.86,6.36,D
-16.70119,135.9426,367,0.45,0.63,2026-05-13,03:57,N,high,2.0NRT,292.83,10.01,D
-16.94395,136.2543,343.55,0.43,0.62,2026-05-13,03:57,N,nominal,2.0NRT,294.49,7.22,D
-16.94661,136.22966,329.93,0.43,0.62,2026-05-13,03:57,N,nominal,2.0NRT,293.7,7.79,D
-16.94748,136.22162,332.49,0.43,0.62,2026-05-13,03:57,N,nominal,2.0NRT,293.01,6.36,D
-17.12957,135.9313,335.71,0.45,0.63,2026-05-13,03:57,N,nominal,2.0NRT,292.86,4.87,D
-15.54578,141.73346,347.98,0.55,0.43,2026-05-13,03:57,N,nominal,2.0NRT,301.17,14.5,D
-17.13001,135.92693,335.58,0.45,0.63,2026-05-13,03:57,N,nominal,2.0NRT,294.09,4.87,D
-14.01285,132.18021,367,0.73,0.76,2026-05-13,03:57,N,high,2.0NRT,290.46,108.8,D
-14.01216,132.18729,367,0.73,0.76,2026-05-13,03:57,N,high,2.0NRT,290.19,24.65,D
-14.02645,132.18877,330.69,0.73,0.76,2026-05-13,03:57,N,nominal,2.0NRT,290.3,11.68,D
-14.10305,132.07442,330.6,0.75,0.77,2026-05-13,03:57,N,nominal,2.0NRT,289.68,8.16,D
-14.10161,132.08853,335.55,0.75,0.77,2026-05-13,03:57,N,nominal,2.0NRT,290,13.87,D
-13.72382,136.69534,327.58,0.37,0.58,2026-05-13,03:57,N,nominal,2.0NRT,290.23,1.6,D
-13.51293,131.75255,367,0.77,0.78,2026-05-13,03:57,N,high,2.0NRT,290.79,20.32,D
-13.76231,131.76636,354.79,0.78,0.78,2026-05-13,03:57,N,nominal,2.0NRT,290.34,22.14,D
-13.75638,131.76611,349.52,0.78,0.78,2026-05-13,03:57,N,nominal,2.0NRT,289.42,11.57,D
-13.76366,131.76704,350,0.78,0.78,2026-05-13,03:57,N,nominal,2.0NRT,290.32,11.57,D
-13.97892,132.20377,330.25,0.73,0.76,2026-05-13,03:57,N,nominal,2.0NRT,290.04,15.84,D
-14.00325,132.1776,356.91,0.73,0.76,2026-05-13,03:57,N,low,2.0NRT,288.98,15.69,D
-14.00251,132.18483,339.44,0.73,0.76,2026-05-13,03:57,N,nominal,2.0NRT,289.86,15.69,D
-14.00176,132.192,337.4,0.73,0.76,2026-05-13,03:57,N,nominal,2.0NRT,289.85,14.41,D
-14.01114,132.17116,342.47,0.73,0.76,2026-05-13,03:57,N,nominal,2.0NRT,293.51,65.99,D
-14.0104,132.17827,357.86,0.73,0.76,2026-05-13,03:57,N,nominal,2.0NRT,293.42,116.18,D
-14.00893,132.19249,347.06,0.73,0.76,2026-05-13,03:57,N,nominal,2.0NRT,290.29,29.48,D
-14.00966,132.18538,367,0.73,0.76,2026-05-13,03:57,N,high,2.0NRT,290.94,116.18,D
-14.0183,132.17172,343.97,0.73,0.76,2026-05-13,03:57,N,nominal,2.0NRT,287,65.99,D
-14.02396,132.18671,332.41,0.73,0.76,2026-05-13,03:57,N,nominal,2.0NRT,289.24,5.4,D
-14.03111,132.18736,333.13,0.73,0.76,2026-05-13,03:57,N,nominal,2.0NRT,289.9,5.4,D
-13.98221,132.19872,331.68,0.73,0.76,2026-05-13,03:57,N,nominal,2.0NRT,288.5,11.62,D
-14.00639,132.17241,356.48,0.74,0.76,2026-05-13,03:57,N,nominal,2.0NRT,289.44,33.73,D
-14.00499,132.18677,348.66,0.73,0.76,2026-05-13,03:57,N,nominal,2.0NRT,290.42,40.97,D
-14.00569,132.17957,367,0.73,0.76,2026-05-13,03:57,N,high,2.0NRT,290.93,33.73,D
-14.01424,132.16599,337.6,0.74,0.76,2026-05-13,03:57,N,nominal,2.0NRT,288.65,43.09,D
-14.01354,132.1731,354,0.74,0.76,2026-05-13,03:57,N,nominal,2.0NRT,293.95,108.8,D
-14.01147,132.1944,331.59,0.73,0.76,2026-05-13,03:57,N,nominal,2.0NRT,288.79,24.65,D
-42.50645,147.15593,334.44,0.64,0.72,2026-05-13,05:29,N,nominal,2.0NRT,285.92,5.47,D
-43.0718,146.88045,356.39,0.6,0.71,2026-05-13,05:29,N,nominal,2.0NRT,288.16,13.28,D
-43.06643,146.88423,350.09,0.6,0.71,2026-05-13,05:29,N,nominal,2.0NRT,287.31,29.83,D
-43.0685,146.87802,354.22,0.6,0.71,2026-05-13,05:29,N,nominal,2.0NRT,296.45,33.96,D
-42.50346,147.16475,328.07,0.64,0.72,2026-05-13,05:29,N,nominal,2.0NRT,285.06,5.47,D
-42.97488,147.25253,325.52,0.63,0.72,2026-05-13,05:29,N,nominal,2.0NRT,285.23,8.52,D
-36.46993,144.56642,354.35,0.74,0.76,2026-05-13,05:31,N,nominal,2.0NRT,290.6,22.72,D
-33.25447,138.55853,325.88,0.45,0.63,2026-05-13,05:31,N,nominal,2.0NRT,291.8,3.75,D
-33.27147,138.56523,336.25,0.45,0.63,2026-05-13,05:31,N,nominal,2.0NRT,293.38,6.47,D
-33.27709,138.56764,367,0.45,0.63,2026-05-13,05:31,N,high,2.0NRT,294.46,6.47,D
-34.39895,137.8257,329.49,0.38,0.59,2026-05-13,05:31,N,nominal,2.0NRT,294,3.08,D
-34.39787,137.82991,353.02,0.38,0.59,2026-05-13,05:31,N,nominal,2.0NRT,295.49,7.63,D
-34.39796,137.82634,340.88,0.38,0.59,2026-05-13,05:31,N,nominal,2.0NRT,294.77,4.33,D
-34.39686,137.83052,349.6,0.38,0.59,2026-05-13,05:31,N,nominal,2.0NRT,295.77,8.23,D
-34.07998,140.98845,343.73,0.57,0.69,2026-05-13,05:31,N,nominal,2.0NRT,287,9.12,D
-34.07916,140.98997,353.5,0.57,0.69,2026-05-13,05:31,N,nominal,2.0NRT,287.19,7.46,D
-35.79402,137.05225,367,0.32,0.55,2026-05-13,05:31,N,high,2.0NRT,291.37,5.39,D
-36.82439,142.16653,328.23,0.55,0.68,2026-05-13,05:31,N,nominal,2.0NRT,283.01,4.63,D
-36.46725,144.57477,357.94,0.74,0.76,2026-05-13,05:31,N,low,2.0NRT,288.43,22.72,D
-36.47406,144.57809,350.99,0.74,0.76,2026-05-13,05:31,N,nominal,2.0NRT,289.66,22.72,D
-36.47237,144.56516,351.8,0.74,0.76,2026-05-13,05:31,N,nominal,2.0NRT,288.48,30.6,D
-36.46965,144.57349,367,0.74,0.76,2026-05-13,05:31,N,high,2.0NRT,294.49,67.86,D
-36.34183,145.10814,340.78,0.79,0.78,2026-05-13,05:31,N,nominal,2.0NRT,288.47,6.32,D
-36.34881,145.11154,325.41,0.79,0.78,2026-05-13,05:31,N,nominal,2.0NRT,287.82,6.32,D
-38.06033,143.68909,336.41,0.61,0.71,2026-05-13,05:31,N,nominal,2.0NRT,288.13,7.7,D
-38.06872,143.68549,337.43,0.61,0.71,2026-05-13,05:31,N,nominal,2.0NRT,288.48,11.24,D
-37.95706,144.04219,329.92,0.63,0.72,2026-05-13,05:31,N,nominal,2.0NRT,287.51,4.22,D
-38.06632,143.68068,325.91,0.6,0.71,2026-05-13,05:31,N,nominal,2.0NRT,289.43,8.48,D
-38.06416,143.68748,356.01,0.61,0.71,2026-05-13,05:31,N,nominal,2.0NRT,290.63,8.48,D
-37.95702,144.04623,331.56,0.63,0.72,2026-05-13,05:31,N,nominal,2.0NRT,287.99,4.56,D
-33.74344,122.3308,353.56,0.45,0.39,2026-05-13,05:33,N,nominal,2.0NRT,269.58,15.23,D
-33.02716,118.7334,346.97,0.44,0.46,2026-05-13,05:33,N,nominal,2.0NRT,281.12,11.74,D
-33.03147,118.73396,346.73,0.44,0.46,2026-05-13,05:33,N,nominal,2.0NRT,283.18,11.74,D
-33.25822,116.9472,337.64,0.55,0.51,2026-05-13,05:33,N,nominal,2.0NRT,295.92,6.61,D
-33.37241,115.73377,343.32,0.32,0.55,2026-05-13,05:33,N,nominal,2.0NRT,294.25,2.71,D
-33.22118,120.69411,333.58,0.52,0.42,2026-05-13,05:33,N,nominal,2.0NRT,282.73,8.27,D
-33.22506,120.69469,333.66,0.52,0.42,2026-05-13,05:33,N,nominal,2.0NRT,284.8,8.27,D
-33.22442,120.7004,329.04,0.52,0.42,2026-05-13,05:33,N,nominal,2.0NRT,282.76,8.27,D
-33.22894,120.69527,331.02,0.52,0.42,2026-05-13,05:33,N,nominal,2.0NRT,280.73,5.06,D
-33.2283,120.70097,330.83,0.52,0.42,2026-05-13,05:33,N,nominal,2.0NRT,281.15,5.06,D
-33.25797,120.75182,333.8,0.52,0.41,2026-05-13,05:33,N,nominal,2.0NRT,280.69,5.18,D
-33.914,116.00629,334.13,0.63,0.54,2026-05-13,05:33,N,nominal,2.0NRT,286.84,14.47,D
-33.87553,116.74636,355.89,0.57,0.52,2026-05-13,05:33,N,nominal,2.0NRT,302.59,21.02,D
-33.87766,116.74783,355.89,0.57,0.52,2026-05-13,05:33,N,nominal,2.0NRT,304.31,27.72,D
-33.95008,117.23195,345.47,0.54,0.51,2026-05-13,05:33,N,nominal,2.0NRT,299.21,6.15,D
-33.94958,117.2338,331.97,0.54,0.51,2026-05-13,05:33,N,nominal,2.0NRT,297.83,6.27,D
-33.95433,117.23447,329.02,0.54,0.51,2026-05-13,05:33,N,nominal,2.0NRT,296.23,4.36,D
-34.22198,116.43015,327.26,0.6,0.53,2026-05-13,05:33,N,nominal,2.0NRT,277.98,3.3,D
-34.23278,116.93848,345.03,0.56,0.52,2026-05-13,05:33,N,nominal,2.0NRT,294.32,13.03,D
-33.74406,122.32589,354.79,0.45,0.39,2026-05-13,05:33,N,nominal,2.0NRT,268.67,19.28,D
-31.82342,116.41932,326.94,0.57,0.52,2026-05-13,05:33,N,nominal,2.0NRT,265.19,3.85,D
-32.04105,116.91299,341.61,0.54,0.51,2026-05-13,05:33,N,nominal,2.0NRT,293,3.85,D
-31.82909,119.09007,347.51,0.4,0.44,2026-05-13,05:33,N,nominal,2.0NRT,292.26,6.16,D
-32.04579,116.91359,329.09,0.54,0.51,2026-05-13,05:33,N,nominal,2.0NRT,291.13,3.85,D
-32.04527,116.91938,342.31,0.54,0.51,2026-05-13,05:33,N,nominal,2.0NRT,292.04,11.54,D
-33.74705,122.33144,343.26,0.45,0.39,2026-05-13,05:33,N,nominal,2.0NRT,265.34,15.23,D
-34.59458,118.41942,337.89,0.47,0.48,2026-05-13,05:33,N,nominal,2.0NRT,296.01,3.22,D
-34.59667,118.42268,337.46,0.47,0.48,2026-05-13,05:33,N,nominal,2.0NRT,294.12,4.86,D
-33.74358,122.33367,336.83,0.45,0.39,2026-05-13,05:33,N,nominal,2.0NRT,265.75,16.45,D
-33.74418,122.32874,356.71,0.45,0.39,2026-05-13,05:33,N,nominal,2.0NRT,271.45,16.45,D
-31.83325,119.09068,344.56,0.4,0.44,2026-05-13,05:33,N,nominal,2.0NRT,293.46,6.16,D
-32.05,116.91998,333.94,0.54,0.51,2026-05-13,05:33,N,nominal,2.0NRT,291.03,4.2,D
-31.96142,118.27552,337.47,0.45,0.47,2026-05-13,05:33,N,nominal,2.0NRT,277.64,6.6,D
-31.96144,118.27344,329.63,0.45,0.47,2026-05-13,05:33,N,nominal,2.0NRT,275.7,3.94,D
-31.96534,118.27889,333.17,0.45,0.47,2026-05-13,05:33,N,nominal,2.0NRT,273.35,3.88,D
-32.85199,115.86102,354.48,0.63,0.54,2026-05-13,05:33,N,nominal,2.0NRT,292.55,13.88,D
-33.03222,116.95422,340.36,0.55,0.51,2026-05-13,05:33,N,nominal,2.0NRT,291.55,6.65,D
-33.0318,116.95582,325.84,0.55,0.51,2026-05-13,05:33,N,nominal,2.0NRT,289.91,3.13,D
-33.02763,118.72861,340.84,0.44,0.46,2026-05-13,05:33,N,nominal,2.0NRT,281.39,10.43,D
-21.61638,124.13808,334.5,0.4,0.37,2026-05-13,05:36,N,nominal,2.0NRT,304.34,4.03,D
-21.62105,124.13096,337.27,0.4,0.37,2026-05-13,05:36,N,nominal,2.0NRT,304.74,3.99,D
-21.62508,124.12772,340.2,0.4,0.37,2026-05-13,05:36,N,nominal,2.0NRT,304.16,3.41,D
-21.6291,124.12447,332.22,0.4,0.37,2026-05-13,05:36,N,low,2.0NRT,303.37,1.79,D
-21.63376,124.11735,345.56,0.4,0.37,2026-05-13,05:36,N,nominal,2.0NRT,304.26,8.93,D
-23.58564,132.4493,337.6,0.33,0.55,2026-05-13,05:36,N,nominal,2.0NRT,291.96,3.5,D
-23.59002,132.4538,347.28,0.33,0.55,2026-05-13,05:36,N,nominal,2.0NRT,292.02,5,D
-23.59074,132.45052,367,0.33,0.55,2026-05-13,05:36,N,high,2.0NRT,297.94,5,D
-23.59511,132.45508,354.32,0.33,0.55,2026-05-13,05:36,N,nominal,2.0NRT,295.28,5,D
-23.59375,132.4861,330.78,0.33,0.55,2026-05-13,05:36,N,nominal,2.0NRT,291.3,8.4,D
-23.60028,132.4808,343.17,0.33,0.55,2026-05-13,05:36,N,nominal,2.0NRT,292.56,8.26,D
-23.60098,132.47751,367,0.33,0.55,2026-05-13,05:36,N,high,2.0NRT,296.93,11.29,D
-23.59956,132.4841,367,0.33,0.55,2026-05-13,05:36,N,high,2.0NRT,294.23,8.26,D
-23.59885,132.4874,367,0.33,0.55,2026-05-13,05:36,N,high,2.0NRT,296.11,8.4,D
-23.59813,132.49069,367,0.33,0.55,2026-05-13,05:36,N,high,2.0NRT,297.55,8.4,D
-23.60608,132.47878,344.22,0.33,0.55,2026-05-13,05:36,N,nominal,2.0NRT,295.3,5.44,D
-23.60537,132.48207,350.52,0.33,0.55,2026-05-13,05:36,N,nominal,2.0NRT,295.93,7.16,D
-21.61299,124.13744,339.53,0.4,0.37,2026-05-13,05:36,N,nominal,2.0NRT,306.68,4.03,D
-21.61285,124.13747,341.37,0.4,0.37,2026-05-13,05:36,N,nominal,2.0NRT,305.78,5.71,D
-16.79435,128.24069,334.01,0.49,0.48,2026-05-13,05:38,N,nominal,2.0NRT,302.21,4.65,D
-16.79077,128.23517,335.45,0.49,0.48,2026-05-13,05:38,N,nominal,2.0NRT,300.55,10.61,D
-16.85665,127.88904,348.96,0.46,0.47,2026-05-13,05:38,N,nominal,2.0NRT,303.61,5.58,D
-16.7872,128.2296,339.01,0.49,0.48,2026-05-13,05:38,N,nominal,2.0NRT,300.81,3.2,D
-16.79685,128.17918,349.52,0.48,0.48,2026-05-13,05:38,N,nominal,2.0NRT,301.03,14.72,D
-16.85228,127.88821,343.36,0.46,0.47,2026-05-13,05:38,N,nominal,2.0NRT,301.23,5.58,D
-16.8531,127.88393,335.93,0.46,0.47,2026-05-13,05:38,N,nominal,2.0NRT,299.82,5.58,D
-16.79329,128.17368,367,0.48,0.48,2026-05-13,05:38,N,high,2.0NRT,300.99,8.01,D
-16.80987,128.08705,352.19,0.48,0.48,2026-05-13,05:38,N,nominal,2.0NRT,300.32,11.35,D
-16.81075,128.08244,340.04,0.48,0.48,2026-05-13,05:38,N,nominal,2.0NRT,300.56,11.94,D
-16.81163,128.07785,335.54,0.48,0.48,2026-05-13,05:38,N,nominal,2.0NRT,300.84,11.94,D
-16.81421,128.06435,332.38,0.48,0.48,2026-05-13,05:38,N,nominal,2.0NRT,299.75,7.4,D
-16.81506,128.05989,343.33,0.47,0.48,2026-05-13,05:38,N,nominal,2.0NRT,299.94,7.4,D
-16.81677,128.05092,351.09,0.47,0.48,2026-05-13,05:38,N,nominal,2.0NRT,302.34,24.91,D
-16.84792,127.88735,332.06,0.46,0.47,2026-05-13,05:38,N,nominal,2.0NRT,300.69,4.96,D
-16.78093,128.21399,344.58,0.49,0.48,2026-05-13,05:38,N,nominal,2.0NRT,296.63,11.34,D
-16.78885,128.17274,341.1,0.48,0.48,2026-05-13,05:38,N,nominal,2.0NRT,297.45,8.01,D
-16.78975,128.16806,338.75,0.48,0.48,2026-05-13,05:38,N,nominal,2.0NRT,297.72,8.01,D
-16.80544,128.0862,345.19,0.48,0.48,2026-05-13,05:38,N,nominal,2.0NRT,298.53,11.35,D
-16.80634,128.08153,349.9,0.48,0.48,2026-05-13,05:38,N,nominal,2.0NRT,301.73,11.94,D
-16.80721,128.07697,356.56,0.48,0.48,2026-05-13,05:38,N,nominal,2.0NRT,305.29,11.94,D
-16.80807,128.07246,355.77,0.48,0.48,2026-05-13,05:38,N,nominal,2.0NRT,308.38,33.29,D
-16.80892,128.06804,354.9,0.48,0.48,2026-05-13,05:38,N,nominal,2.0NRT,306.01,33.29,D
-16.79588,128.11215,367,0.48,0.48,2026-05-13,05:38,N,high,2.0NRT,296.7,17.93,D
-16.79412,128.12128,338.45,0.48,0.48,2026-05-13,05:38,N,nominal,2.0NRT,301.58,30.85,D
-16.80363,128.07172,336.56,0.48,0.48,2026-05-13,05:38,N,nominal,2.0NRT,290.66,5.47,D
-16.80447,128.06734,344.79,0.48,0.48,2026-05-13,05:38,N,nominal,2.0NRT,298.97,5.47,D
-16.83919,127.88567,357.04,0.46,0.47,2026-05-13,05:38,N,nominal,2.0NRT,301.75,10.57,D
-16.78708,128.134,334.87,0.48,0.48,2026-05-13,05:38,N,nominal,2.0NRT,300.03,23.03,D
-16.78794,128.12953,353.57,0.48,0.48,2026-05-13,05:38,N,nominal,2.0NRT,305.87,23.03,D
-16.78881,128.12502,354.37,0.48,0.48,2026-05-13,05:38,N,nominal,2.0NRT,305.06,30.85,D
-16.78967,128.12048,355.31,0.48,0.48,2026-05-13,05:38,N,nominal,2.0NRT,303.11,30.85,D
-16.83483,127.88481,351.23,0.46,0.47,2026-05-13,05:38,N,nominal,2.0NRT,297.31,10.57,D
-16.78262,128.13321,352.32,0.48,0.48,2026-05-13,05:38,N,nominal,2.0NRT,297.12,32.92,D
-16.7835,128.12868,352.74,0.48,0.48,2026-05-13,05:38,N,nominal,2.0NRT,308.95,32.92,D
-16.7787,128.21471,367,0.49,0.48,2026-05-13,05:38,N,high,2.0NRT,298.51,15.64,D
-16.7872,128.16861,331.18,0.48,0.48,2026-05-13,05:38,N,nominal,2.0NRT,297.3,2.59,D
-16.79737,128.1134,346.68,0.48,0.48,2026-05-13,05:38,N,nominal,2.0NRT,293.37,11.14,D
-16.79821,128.10886,344.72,0.48,0.48,2026-05-13,05:38,N,nominal,2.0NRT,294.4,8.52,D
-16.80485,128.0728,353.37,0.48,0.48,2026-05-13,05:38,N,nominal,2.0NRT,291.32,17.69,D
-16.80566,128.06839,356.32,0.48,0.48,2026-05-13,05:38,N,nominal,2.0NRT,302.84,17.69,D
-16.83906,127.88633,348.02,0.46,0.47,2026-05-13,05:38,N,nominal,2.0NRT,303.74,13.27,D
-16.7904,128.12631,357.19,0.48,0.48,2026-05-13,05:38,N,nominal,2.0NRT,303,43.77,D
-16.79124,128.12175,348.12,0.48,0.48,2026-05-13,05:38,N,nominal,2.0NRT,307.84,43.77,D
-16.79209,128.11716,339.65,0.48,0.48,2026-05-13,05:38,N,nominal,2.0NRT,299.16,11.14,D
-16.8347,127.88548,343.31,0.46,0.47,2026-05-13,05:38,N,nominal,2.0NRT,297.01,13.27,D
-16.78513,128.12996,367,0.48,0.48,2026-05-13,05:38,N,high,2.0NRT,309.08,39.93,D
-16.78428,128.13452,349.18,0.48,0.48,2026-05-13,05:38,N,nominal,2.0NRT,298.61,39.93,D
-16.76513,128.18811,356.53,0.49,0.48,2026-05-13,05:38,N,nominal,2.0NRT,302.93,22.74,D
-16.76067,128.18726,352.1,0.49,0.48,2026-05-13,05:38,N,nominal,2.0NRT,303.21,22.74,D
-16.75708,128.18173,341.34,0.48,0.48,2026-05-13,05:38,N,nominal,2.0NRT,301.67,8.64,D
-16.80886,127.90293,332.73,0.46,0.47,2026-05-13,05:38,N,nominal,2.0NRT,296.53,5.48,D
-16.80966,127.89857,348.43,0.46,0.47,2026-05-13,05:38,N,nominal,2.0NRT,299.2,18.47,D
-16.8061,127.89334,354.91,0.46,0.47,2026-05-13,05:38,N,nominal,2.0NRT,301.63,18.47,D
-16.80691,127.88899,334.16,0.46,0.47,2026-05-13,05:38,N,nominal,2.0NRT,297.45,7.23,D
-16.80093,127.8968,352.47,0.46,0.47,2026-05-13,05:38,N,nominal,2.0NRT,308.07,36.51,D
-16.80174,127.89245,340.23,0.46,0.47,2026-05-13,05:38,N,nominal,2.0NRT,297.63,36.51,D
-16.80255,127.88811,353.06,0.46,0.47,2026-05-13,05:38,N,nominal,2.0NRT,297.42,10,D
-16.77662,127.9057,367,0.47,0.47,2026-05-13,05:38,N,high,2.0NRT,303.37,47.65,D
-16.77744,127.90129,342,0.47,0.47,2026-05-13,05:38,N,nominal,2.0NRT,293.7,15.05,D
-16.77141,127.90926,349.48,0.47,0.47,2026-05-13,05:38,N,nominal,2.0NRT,300.98,5.83,D
-16.77224,127.90483,342.92,0.47,0.47,2026-05-13,05:38,N,nominal,2.0NRT,300.47,5.83,D
-16.77307,127.90044,342.19,0.47,0.47,2026-05-13,05:38,N,nominal,2.0NRT,295.29,9.88,D
-16.76704,127.90841,344.54,0.47,0.47,2026-05-13,05:38,N,nominal,2.0NRT,299.57,5.83,D
-16.76787,127.90401,333.51,0.47,0.47,2026-05-13,05:38,N,nominal,2.0NRT,295.21,5.83,D
-16.76869,127.8996,351.24,0.47,0.47,2026-05-13,05:38,N,nominal,2.0NRT,296.1,9.88,D
-16.76266,127.90756,333.16,0.47,0.47,2026-05-13,05:38,N,nominal,2.0NRT,299.3,10.68,D
-16.75745,127.91111,341.8,0.47,0.47,2026-05-13,05:38,N,nominal,2.0NRT,300.21,12.31,D
-16.75828,127.90672,355.53,0.47,0.47,2026-05-13,05:38,N,nominal,2.0NRT,303.41,10.68,D
-16.75308,127.91026,346.37,0.47,0.47,2026-05-13,05:38,N,nominal,2.0NRT,303.3,15.3,D
-16.7539,127.90589,356.69,0.47,0.47,2026-05-13,05:38,N,nominal,2.0NRT,302.43,9.42,D
-16.7487,127.90942,367,0.47,0.47,2026-05-13,05:38,N,high,2.0NRT,302.51,15.3,D
-16.74952,127.90506,332.57,0.47,0.47,2026-05-13,05:38,N,nominal,2.0NRT,299.96,9.42,D
-16.69564,128.16457,347.21,0.48,0.48,2026-05-13,05:38,N,nominal,2.0NRT,302.91,4.48,D
-16.69652,128.15996,330.14,0.48,0.48,2026-05-13,05:38,N,low,2.0NRT,302.24,4.48,D
-16.74432,127.90855,350,0.47,0.47,2026-05-13,05:38,N,nominal,2.0NRT,303.36,22.47,D
-16.74514,127.90421,354.81,0.47,0.47,2026-05-13,05:38,N,nominal,2.0NRT,302.84,23.29,D
-16.73994,127.90771,367,0.47,0.47,2026-05-13,05:38,N,high,2.0NRT,304.51,22.47,D
-16.73913,127.91201,340.96,0.47,0.47,2026-05-13,05:38,N,nominal,2.0NRT,299.21,22.47,D
-16.74076,127.90337,338.57,0.47,0.47,2026-05-13,05:38,N,nominal,2.0NRT,301.75,23.29,D
-16.73137,127.92892,350.96,0.47,0.48,2026-05-13,05:38,N,nominal,2.0NRT,302.55,24.93,D
-16.73474,127.91122,349.47,0.47,0.47,2026-05-13,05:38,N,nominal,2.0NRT,300.64,12.69,D
-16.73556,127.90686,346.34,0.47,0.47,2026-05-13,05:38,N,nominal,2.0NRT,298.08,12.69,D
-16.72951,127.91484,367,0.47,0.47,2026-05-13,05:38,N,high,2.0NRT,302.17,11.46,D
-16.72446,127.94134,346.84,0.47,0.48,2026-05-13,05:38,N,nominal,2.0NRT,299.8,6.6,D
-16.72698,127.92806,344.32,0.47,0.48,2026-05-13,05:38,N,nominal,2.0NRT,299.35,24.93,D
-16.72867,127.91923,344.2,0.47,0.48,2026-05-13,05:38,N,nominal,2.0NRT,300.42,11.46,D
-16.70061,128.04228,335.03,0.48,0.48,2026-05-13,05:38,N,nominal,2.0NRT,298.29,16.81,D
-16.70145,128.03787,333.47,0.48,0.48,2026-05-13,05:38,N,nominal,2.0NRT,299.55,16.81,D
-16.70401,128.02454,338.16,0.47,0.48,2026-05-13,05:38,N,nominal,2.0NRT,300.85,28.34,D
-16.70571,128.01566,340.76,0.47,0.48,2026-05-13,05:38,N,nominal,2.0NRT,299.6,19.07,D
-16.7074,128.00679,333.57,0.47,0.48,2026-05-13,05:38,N,nominal,2.0NRT,298.1,9.77,D
-16.70825,128.00235,341.26,0.47,0.48,2026-05-13,05:38,N,nominal,2.0NRT,298.47,9.77,D
-16.71081,127.98895,330.42,0.47,0.48,2026-05-13,05:38,N,nominal,2.0NRT,297.29,4.16,D
-16.68389,128.10548,367,0.48,0.48,2026-05-13,05:38,N,high,2.0NRT,300.71,9.54,D
-16.70045,128.01923,367,0.47,0.48,2026-05-13,05:38,N,high,2.0NRT,306.96,28.34,D
-16.67689,128.14186,337.86,0.48,0.48,2026-05-13,05:38,N,nominal,2.0NRT,301.99,6,D
-16.67777,128.1373,348.68,0.48,0.48,2026-05-13,05:38,N,nominal,2.0NRT,304.16,6,D
-16.67865,128.13272,343.95,0.48,0.48,2026-05-13,05:38,N,nominal,2.0NRT,301.81,5.28,D
-16.68127,128.11909,348.68,0.48,0.48,2026-05-13,05:38,N,nominal,2.0NRT,299.78,7.37,D
-16.68214,128.11458,330.63,0.48,0.48,2026-05-13,05:38,N,nominal,2.0NRT,300.44,13.29,D
-16.68301,128.11003,355.52,0.48,0.48,2026-05-13,05:38,N,nominal,2.0NRT,302.72,13.29,D
-16.68476,128.10095,343.02,0.48,0.48,2026-05-13,05:38,N,nominal,2.0NRT,298.97,9.54,D
-16.68563,128.09641,332.77,0.48,0.48,2026-05-13,05:38,N,nominal,2.0NRT,298.62,4.14,D
-16.68826,128.08273,348.4,0.48,0.48,2026-05-13,05:38,N,nominal,2.0NRT,299.15,13.68,D
-16.68915,128.07811,336.57,0.48,0.48,2026-05-13,05:38,N,nominal,2.0NRT,297.53,4.17,D
-16.69006,128.07335,331.92,0.48,0.48,2026-05-13,05:38,N,nominal,2.0NRT,298.79,4.17,D
-16.69183,128.06416,350.79,0.48,0.48,2026-05-13,05:38,N,nominal,2.0NRT,309.51,53.79,D
-16.69272,128.05951,334.44,0.48,0.48,2026-05-13,05:38,N,nominal,2.0NRT,299.86,19.24,D
-16.69362,128.05482,353.82,0.48,0.48,2026-05-13,05:38,N,nominal,2.0NRT,302.63,19.24,D
-16.6945,128.05026,355.54,0.48,0.48,2026-05-13,05:38,N,nominal,2.0NRT,304.62,13.28,D
-16.69536,128.04573,335.22,0.48,0.48,2026-05-13,05:38,N,nominal,2.0NRT,301.72,13.28,D
-16.69621,128.04134,345.52,0.48,0.48,2026-05-13,05:38,N,nominal,2.0NRT,304.28,16.81,D
-16.69705,128.03696,343.24,0.48,0.48,2026-05-13,05:38,N,nominal,2.0NRT,303.33,16.81,D
-16.69789,128.03255,355.45,0.48,0.48,2026-05-13,05:38,N,nominal,2.0NRT,310.09,56.45,D
-16.69874,128.02812,351.8,0.47,0.48,2026-05-13,05:38,N,nominal,2.0NRT,305.86,56.45,D
-16.69959,128.02367,354.9,0.47,0.48,2026-05-13,05:38,N,nominal,2.0NRT,307.76,28.34,D
-16.70128,128.01485,353.32,0.47,0.48,2026-05-13,05:38,N,nominal,2.0NRT,304.4,19.07,D
-16.70213,128.01045,340.73,0.47,0.48,2026-05-13,05:38,N,nominal,2.0NRT,297.58,19.07,D
-16.70298,128.00601,351.94,0.47,0.48,2026-05-13,05:38,N,nominal,2.0NRT,300.57,9.77,D
-16.70384,128.00153,346.54,0.47,0.48,2026-05-13,05:38,N,nominal,2.0NRT,298.57,9.77,D
-16.7047,127.99703,355.24,0.47,0.48,2026-05-13,05:38,N,nominal,2.0NRT,302.59,13.89,D
-16.70555,127.99255,331.67,0.47,0.48,2026-05-13,05:38,N,nominal,2.0NRT,297.66,13.89,D
-16.70641,127.98809,344.9,0.47,0.48,2026-05-13,05:38,N,nominal,2.0NRT,297.66,4.16,D
-16.70729,127.9835,330,0.47,0.48,2026-05-13,05:38,N,nominal,2.0NRT,298.47,4.16,D
-16.70817,127.97892,341.93,0.47,0.48,2026-05-13,05:38,N,nominal,2.0NRT,298.65,4.89,D
-16.67771,128.11366,367,0.48,0.48,2026-05-13,05:38,N,high,2.0NRT,302.03,14.28,D
-16.69177,128.04054,367,0.48,0.48,2026-05-13,05:38,N,high,2.0NRT,301.37,13.86,D
-16.69518,128.02281,367,0.47,0.48,2026-05-13,05:38,N,high,2.0NRT,298.32,20.27,D
-16.70289,127.98262,367,0.47,0.48,2026-05-13,05:38,N,high,2.0NRT,299.12,21.91,D
-16.6742,128.13187,353.34,0.48,0.48,2026-05-13,05:38,N,nominal,2.0NRT,301.15,6.53,D
-16.67683,128.11821,343.97,0.48,0.48,2026-05-13,05:38,N,nominal,2.0NRT,299.6,6.6,D
-16.67858,128.10913,351.37,0.48,0.48,2026-05-13,05:38,N,nominal,2.0NRT,301.33,14.28,D
-16.68033,128.10005,357.21,0.48,0.48,2026-05-13,05:38,N,nominal,2.0NRT,299.36,13.24,D
-16.68209,128.09088,340.28,0.48,0.48,2026-05-13,05:38,N,nominal,2.0NRT,298.03,7.68,D
-16.68742,128.06319,345.28,0.48,0.48,2026-05-13,05:38,N,nominal,2.0NRT,300.02,28.6,D
-16.68921,128.05391,344.07,0.48,0.48,2026-05-13,05:38,N,nominal,2.0NRT,298.27,35.79,D
-16.69007,128.04942,356.84,0.48,0.48,2026-05-13,05:38,N,nominal,2.0NRT,300.16,25.54,D
-16.69262,128.03613,340.99,0.48,0.48,2026-05-13,05:38,N,nominal,2.0NRT,297.51,13.86,D
-16.69603,128.0184,352.67,0.47,0.48,2026-05-13,05:38,N,nominal,2.0NRT,297.74,20.27,D
-16.70376,127.97807,343.32,0.47,0.48,2026-05-13,05:38,N,nominal,2.0NRT,298.17,9.27,D
-16.67414,128.10828,333.33,0.48,0.48,2026-05-13,05:38,N,nominal,2.0NRT,298.19,14.28,D
-16.72094,127.94109,338.46,0.47,0.48,2026-05-13,05:38,N,nominal,2.0NRT,298.1,6.68,D
-17.53141,123.21814,337.54,0.4,0.37,2026-05-13,05:38,N,nominal,2.0NRT,303.87,4.09,D
-16.69943,128.03342,367,0.48,0.48,2026-05-13,05:38,N,high,2.0NRT,305.55,24.45,D
-16.7027,128.01562,367,0.47,0.48,2026-05-13,05:38,N,high,2.0NRT,304.46,18.73,D
-16.70515,128.00229,367,0.47,0.48,2026-05-13,05:38,N,high,2.0NRT,301.33,16.09,D
-16.68009,128.1384,345.43,0.48,0.48,2026-05-13,05:38,N,nominal,2.0NRT,302.6,8.78,D
-16.68513,128.1111,336.09,0.48,0.48,2026-05-13,05:38,N,nominal,2.0NRT,299.72,9.62,D
-16.68596,128.10652,348.72,0.48,0.48,2026-05-13,05:38,N,nominal,2.0NRT,300.36,11.57,D
-16.69015,128.0838,352.22,0.48,0.48,2026-05-13,05:38,N,nominal,2.0NRT,298.48,10.03,D
-16.691,128.07921,332.62,0.48,0.48,2026-05-13,05:38,N,nominal,2.0NRT,298.28,7.39,D
-16.69274,128.06976,330.46,0.48,0.48,2026-05-13,05:38,N,low,2.0NRT,301.63,6.39,D
-16.69358,128.06516,345.31,0.48,0.48,2026-05-13,05:38,N,nominal,2.0NRT,301.09,6.39,D
-16.69444,128.0605,345.95,0.48,0.48,2026-05-13,05:38,N,nominal,2.0NRT,300.85,7.91,D
-16.6953,128.05582,335.67,0.48,0.48,2026-05-13,05:38,N,nominal,2.0NRT,300.6,7.91,D
-16.69615,128.05119,339.06,0.48,0.48,2026-05-13,05:38,N,nominal,2.0NRT,300.89,4.69,D
-16.69699,128.04663,330.18,0.48,0.48,2026-05-13,05:38,N,nominal,2.0NRT,300.7,4.69,D
-16.69781,128.04222,346.85,0.48,0.48,2026-05-13,05:38,N,nominal,2.0NRT,301.38,20.57,D
-16.69862,128.03783,349.61,0.48,0.48,2026-05-13,05:38,N,nominal,2.0NRT,305.31,20.57,D
-16.70024,128.02898,347.19,0.48,0.48,2026-05-13,05:38,N,nominal,2.0NRT,305.41,24.45,D
-16.70107,128.02449,332.19,0.48,0.48,2026-05-13,05:38,N,nominal,2.0NRT,301.77,9.11,D
-16.70189,128.02003,339.47,0.47,0.48,2026-05-13,05:38,N,nominal,2.0NRT,301.52,9.11,D
-16.70351,128.01123,342.37,0.47,0.48,2026-05-13,05:38,N,nominal,2.0NRT,299.12,18.73,D
-16.70433,128.00676,351.37,0.47,0.48,2026-05-13,05:38,N,nominal,2.0NRT,299.12,16.09,D
-16.70598,127.99779,352.83,0.47,0.48,2026-05-13,05:38,N,nominal,2.0NRT,302.3,14.73,D
-16.7068,127.99332,345.79,0.47,0.48,2026-05-13,05:38,N,nominal,2.0NRT,299.12,14.73,D
-16.70763,127.98884,349.6,0.47,0.48,2026-05-13,05:38,N,nominal,2.0NRT,298.67,6,D
-16.70847,127.98426,330.6,0.47,0.48,2026-05-13,05:38,N,nominal,2.0NRT,297.87,6,D
-16.70931,127.97966,339.93,0.47,0.48,2026-05-13,05:38,N,nominal,2.0NRT,298.12,6.13,D
-17.52678,123.22517,354.67,0.4,0.37,2026-05-13,05:38,N,nominal,2.0NRT,309.01,6.3,D
-17.52739,123.22135,331.08,0.4,0.37,2026-05-13,05:38,N,low,2.0NRT,305.84,6.3,D
-16.68069,128.11017,367,0.48,0.48,2026-05-13,05:38,N,high,2.0NRT,303.52,18.63,D
-16.68237,128.10107,367,0.48,0.48,2026-05-13,05:38,N,high,2.0NRT,300.81,10.09,D
-16.69828,128.0148,367,0.47,0.48,2026-05-13,05:38,N,high,2.0NRT,298.09,24.41,D
-16.70407,127.98335,367,0.47,0.48,2026-05-13,05:38,N,high,2.0NRT,299.68,21.28,D
-16.67564,128.13751,331.69,0.48,0.48,2026-05-13,05:38,N,low,2.0NRT,301.82,5.24,D
-16.67648,128.13293,347.72,0.48,0.48,2026-05-13,05:38,N,nominal,2.0NRT,303.22,14.59,D
-16.67901,128.11925,341.82,0.48,0.48,2026-05-13,05:38,N,nominal,2.0NRT,299.44,10.67,D
-16.67986,128.11472,345.93,0.48,0.48,2026-05-13,05:38,N,nominal,2.0NRT,300.51,18.63,D
-16.68153,128.10562,347.97,0.48,0.48,2026-05-13,05:38,N,nominal,2.0NRT,297.94,10.09,D
-16.68321,128.09653,330.88,0.48,0.48,2026-05-13,05:38,N,nominal,2.0NRT,298.77,7.1,D
-16.68575,128.08276,338.58,0.48,0.48,2026-05-13,05:38,N,nominal,2.0NRT,296.95,4.22,D
-16.68918,128.06416,345.48,0.48,0.48,2026-05-13,05:38,N,nominal,2.0NRT,302.12,57.67,D
-16.6909,128.05484,355.55,0.48,0.48,2026-05-13,05:38,N,nominal,2.0NRT,300.04,84.91,D
-16.69174,128.05032,355.17,0.48,0.48,2026-05-13,05:38,N,nominal,2.0NRT,306.27,30.77,D
-16.69257,128.04581,348.83,0.48,0.48,2026-05-13,05:38,N,nominal,2.0NRT,300.15,30.77,D
-16.69338,128.04137,352.93,0.48,0.48,2026-05-13,05:38,N,nominal,2.0NRT,302.92,23.43,D
-16.6942,128.03696,344.84,0.48,0.48,2026-05-13,05:38,N,nominal,2.0NRT,302.32,23.43,D
-16.69501,128.03253,349.05,0.48,0.48,2026-05-13,05:38,N,nominal,2.0NRT,298.4,33.92,D
-16.69583,128.02809,353.22,0.48,0.48,2026-05-13,05:38,N,nominal,2.0NRT,300.19,33.92,D
-16.69666,128.02364,350.4,0.48,0.48,2026-05-13,05:38,N,nominal,2.0NRT,306.41,58.75,D
-16.69748,128.01918,355.58,0.47,0.48,2026-05-13,05:38,N,nominal,2.0NRT,305.14,58.75,D
-16.70074,128.00148,340.26,0.47,0.48,2026-05-13,05:38,N,nominal,2.0NRT,297,10.75,D
-16.70492,127.97874,356.53,0.47,0.48,2026-05-13,05:38,N,nominal,2.0NRT,299.89,17.13,D
-17.52338,123.22458,340.12,0.4,0.37,2026-05-13,05:38,N,nominal,2.0NRT,306.44,3.38,D
-17.52399,123.22075,332.17,0.4,0.37,2026-05-13,05:38,N,low,2.0NRT,306.31,3.38,D
-16.67541,128.11383,355.12,0.48,0.48,2026-05-13,05:38,N,nominal,2.0NRT,298.03,18.63,D
-16.67625,128.10928,349.44,0.48,0.48,2026-05-13,05:38,N,nominal,2.0NRT,302.74,18.63,D
-16.67794,128.10017,340.02,0.48,0.48,2026-05-13,05:38,N,nominal,2.0NRT,296.7,10.09,D
-16.67965,128.09094,333.55,0.48,0.48,2026-05-13,05:38,N,nominal,2.0NRT,296.76,7.1,D
-17.51997,123.22398,335.01,0.4,0.37,2026-05-13,05:38,N,nominal,2.0NRT,303.3,3.38,D
-17.52058,123.22015,344.87,0.4,0.37,2026-05-13,05:38,N,nominal,2.0NRT,304.75,3.38,D
-17.51779,123.21575,331.8,0.4,0.37,2026-05-13,05:38,N,low,2.0NRT,303.72,3.14,D
-17.51841,123.21194,341.03,0.4,0.37,2026-05-13,05:38,N,nominal,2.0NRT,304.52,3.14,D
-17.50139,123.20896,349.74,0.4,0.37,2026-05-13,05:38,N,nominal,2.0NRT,307.75,10.61,D
-17.502,123.20515,338.16,0.4,0.37,2026-05-13,05:38,N,nominal,2.0NRT,306.29,5.12,D
-17.45881,122.15565,340.3,0.39,0.36,2026-05-13,05:38,N,nominal,2.0NRT,294.62,4.18,D
-17.4549,122.15872,330.49,0.39,0.36,2026-05-13,05:38,N,nominal,2.0NRT,287.28,4.97,D
-17.45547,122.15508,349.83,0.39,0.36,2026-05-13,05:38,N,nominal,2.0NRT,301.79,4.97,D
-17.44879,122.15396,333.65,0.39,0.36,2026-05-13,05:38,N,nominal,2.0NRT,303.46,5.59,D
-17.43357,122.20752,331.45,0.39,0.36,2026-05-13,05:38,N,low,2.0NRT,305.76,2.91,D
-17.43023,122.20695,339.18,0.39,0.36,2026-05-13,05:38,N,nominal,2.0NRT,303.11,2.91,D
-17.4308,122.2033,343.1,0.39,0.36,2026-05-13,05:38,N,nominal,2.0NRT,304.17,2.91,D
-17.43422,122.18141,330.84,0.39,0.36,2026-05-13,05:38,N,nominal,2.0NRT,299.77,3.22,D
-17.43479,122.17776,331.21,0.39,0.36,2026-05-13,05:38,N,nominal,2.0NRT,294.59,1.35,D
-17.43536,122.17411,337.76,0.39,0.36,2026-05-13,05:38,N,nominal,2.0NRT,290.65,1.35,D
-17.4286,122.19544,335.34,0.39,0.36,2026-05-13,05:38,N,low,2.0NRT,305.99,3.57,D
-17.42917,122.1918,335.34,0.39,0.36,2026-05-13,05:38,N,nominal,2.0NRT,307.25,8.86,D
-17.43031,122.18449,347.8,0.39,0.36,2026-05-13,05:38,N,nominal,2.0NRT,310.73,36.44,D
-17.43088,122.18084,344.22,0.39,0.36,2026-05-13,05:38,N,nominal,2.0NRT,318.23,36.44,D
-17.43145,122.17719,355.75,0.39,0.36,2026-05-13,05:38,N,nominal,2.0NRT,307.63,22.13,D
-17.43202,122.17356,334.63,0.39,0.36,2026-05-13,05:38,N,nominal,2.0NRT,303.98,22.13,D
-17.42583,122.19122,336.83,0.39,0.36,2026-05-13,05:38,N,nominal,2.0NRT,303.9,8.86,D
-17.4264,122.18758,358.08,0.39,0.36,2026-05-13,05:38,N,nominal,2.0NRT,308.58,8.86,D
-17.42697,122.18393,346.07,0.39,0.36,2026-05-13,05:38,N,nominal,2.0NRT,320.09,36.44,D
-17.42754,122.18028,348.86,0.39,0.36,2026-05-13,05:38,N,nominal,2.0NRT,302.98,36.44,D
-15.60272,130.38736,332.14,0.35,0.57,2026-05-13,05:38,N,nominal,2.0NRT,297.16,3.6,D
-15.55467,130.59645,340.29,0.36,0.58,2026-05-13,05:38,N,nominal,2.0NRT,298.48,10.21,D
-15.55536,130.59306,353.8,0.36,0.58,2026-05-13,05:38,N,nominal,2.0NRT,298.74,5.31,D
-15.55605,130.58969,342,0.36,0.58,2026-05-13,05:38,N,nominal,2.0NRT,297.71,5.31,D
-15.59745,130.38641,333.91,0.35,0.57,2026-05-13,05:38,N,nominal,2.0NRT,296.45,2.24,D
-15.5507,130.58873,367,0.36,0.58,2026-05-13,05:38,N,high,2.0NRT,291.08,5.31,D
-15.55002,130.5921,339.25,0.36,0.58,2026-05-13,05:38,N,nominal,2.0NRT,296.06,5.31,D
-15.56674,130.48328,331.27,0.36,0.57,2026-05-13,05:38,N,nominal,2.0NRT,296.73,2.88,D
-15.34076,131.54544,332.77,0.42,0.61,2026-05-13,05:38,N,nominal,2.0NRT,295,3.06,D
-15.54279,130.57323,332.17,0.36,0.58,2026-05-13,05:38,N,nominal,2.0NRT,297.63,3.53,D
-15.5573,130.59834,332.78,0.36,0.58,2026-05-13,05:38,N,nominal,2.0NRT,298.61,6.4,D
-15.5533,130.59055,367,0.36,0.58,2026-05-13,05:38,N,high,2.0NRT,298.01,7.86,D
-15.55263,130.59393,343.19,0.36,0.58,2026-05-13,05:38,N,nominal,2.0NRT,298.21,6.4,D
-15.55396,130.58716,356.43,0.36,0.58,2026-05-13,05:38,N,nominal,2.0NRT,294.71,7.86,D
-15.92836,128.61151,330.37,0.53,0.5,2026-05-13,05:38,N,nominal,2.0NRT,299.73,6.62,D
-15.54126,130.59538,331.54,0.36,0.58,2026-05-13,05:38,N,nominal,2.0NRT,297.78,2.49,D
-15.56396,130.48036,333.79,0.36,0.57,2026-05-13,05:38,N,nominal,2.0NRT,296.73,2.48,D
-15.33983,131.54384,335.93,0.42,0.61,2026-05-13,05:38,N,nominal,2.0NRT,295.53,3.47,D
-15.54675,130.48395,334.43,0.36,0.57,2026-05-13,05:38,N,nominal,2.0NRT,297.32,3.74,D
-15.90881,128.61288,332.6,0.53,0.5,2026-05-13,05:38,N,nominal,2.0NRT,300.21,5.23,D
-15.54078,130.4863,331.53,0.36,0.57,2026-05-13,05:38,N,nominal,2.0NRT,297.1,3.34,D
-15.53548,130.48531,350.46,0.36,0.57,2026-05-13,05:38,N,nominal,2.0NRT,296.72,6.86,D
-15.53614,130.48196,346.54,0.36,0.57,2026-05-13,05:38,N,nominal,2.0NRT,297.9,6.29,D
-15.31383,131.55534,343.07,0.42,0.61,2026-05-13,05:38,N,nominal,2.0NRT,295.34,7.1,D
-15.52689,130.44563,342.96,0.36,0.57,2026-05-13,05:38,N,nominal,2.0NRT,297.15,3.06,D
-15.61901,129.98207,333.73,0.33,0.55,2026-05-13,05:38,N,nominal,2.0NRT,296.61,2.44,D
-15.51565,130.44688,367,0.36,0.57,2026-05-13,05:38,N,high,2.0NRT,300.2,18.33,D
-15.51632,130.44357,336.81,0.36,0.57,2026-05-13,05:38,N,nominal,2.0NRT,297.44,7.42,D
-15.60175,129.96187,330.83,0.33,0.55,2026-05-13,05:38,N,nominal,2.0NRT,296.29,2.11,D
-15.46219,130.62976,335.61,0.37,0.58,2026-05-13,05:38,N,nominal,2.0NRT,298.03,3.68,D
-15.59666,129.96075,334.32,0.33,0.55,2026-05-13,05:38,N,nominal,2.0NRT,298.85,4.8,D
-15.59731,129.95746,354.04,0.33,0.55,2026-05-13,05:38,N,nominal,2.0NRT,297.5,4.8,D
-15.59219,129.95651,367,0.33,0.55,2026-05-13,05:38,N,high,2.0NRT,298.29,4.8,D
-15.59153,129.95981,344.33,0.33,0.55,2026-05-13,05:38,N,nominal,2.0NRT,298.2,4.8,D
-15.47291,130.5222,333.88,0.36,0.57,2026-05-13,05:38,N,nominal,2.0NRT,298.04,2.82,D
-15.58639,129.95894,336.45,0.33,0.55,2026-05-13,05:38,N,nominal,2.0NRT,297.67,9.15,D
-15.60186,129.88152,342.51,0.33,0.55,2026-05-13,05:38,N,nominal,2.0NRT,297.61,7.56,D
-15.60248,129.87842,330.25,0.33,0.55,2026-05-13,05:38,N,nominal,2.0NRT,298.32,3.92,D
-15.58057,129.96144,367,0.33,0.55,2026-05-13,05:38,N,high,2.0NRT,296.31,20.26,D
-15.46759,130.52118,337.97,0.36,0.57,2026-05-13,05:38,N,nominal,2.0NRT,295.53,2.82,D
-15.48396,130.44055,332.38,0.36,0.57,2026-05-13,05:38,N,nominal,2.0NRT,296.2,1.82,D
-15.58126,129.95801,351.56,0.33,0.55,2026-05-13,05:38,N,nominal,2.0NRT,297.89,9.15,D
-15.59549,129.88693,340.1,0.33,0.55,2026-05-13,05:38,N,nominal,2.0NRT,298.1,4.46,D
-15.47868,130.43948,367,0.36,0.57,2026-05-13,05:38,N,high,2.0NRT,297.37,8.78,D
-15.45743,130.54388,333.93,0.36,0.58,2026-05-13,05:38,N,nominal,2.0NRT,297.09,4.55,D
-15.47937,130.43613,333.76,0.36,0.57,2026-05-13,05:38,N,nominal,2.0NRT,296,5.39,D
-15.47155,130.42053,347.52,0.36,0.57,2026-05-13,05:38,N,nominal,2.0NRT,296.58,4.03,D
-15.54515,130.05795,338.05,0.34,0.56,2026-05-13,05:38,N,nominal,2.0NRT,298.29,6.25,D
-15.41689,130.66046,367,0.37,0.58,2026-05-13,05:38,N,high,2.0NRT,300.22,9.4,D
-15.54145,130.04979,339.6,0.34,0.56,2026-05-13,05:38,N,nominal,2.0NRT,297.74,8.8,D
-15.54208,130.04666,341.52,0.34,0.56,2026-05-13,05:38,N,nominal,2.0NRT,298.48,5.99,D
-15.85748,128.40489,339.41,0.52,0.5,2026-05-13,05:38,N,nominal,2.0NRT,300.63,7.46,D
-15.85843,128.39999,356.87,0.52,0.5,2026-05-13,05:38,N,nominal,2.0NRT,302.39,14.37,D
-15.85938,128.39511,343.08,0.52,0.5,2026-05-13,05:38,N,nominal,2.0NRT,299.79,14.37,D
-15.48016,130.43967,350.76,0.36,0.57,2026-05-13,05:38,N,nominal,2.0NRT,297.07,6.99,D
-15.48082,130.43631,334.66,0.36,0.57,2026-05-13,05:38,N,nominal,2.0NRT,295.97,4.19,D
-15.54897,130.05862,336.23,0.34,0.56,2026-05-13,05:38,N,nominal,2.0NRT,296.42,2.1,D
-15.47291,130.42064,341.49,0.36,0.57,2026-05-13,05:38,N,nominal,2.0NRT,296.51,3.39,D
-15.85888,128.40291,333.63,0.52,0.5,2026-05-13,05:38,N,nominal,2.0NRT,300.13,9.2,D
-15.85979,128.39801,353.43,0.52,0.5,2026-05-13,05:38,N,nominal,2.0NRT,302.26,9.2,D
-15.85522,128.39702,367,0.52,0.5,2026-05-13,05:38,N,high,2.0NRT,298.75,9.2,D
-15.54015,130.04898,340.36,0.34,0.56,2026-05-13,05:38,N,nominal,2.0NRT,297.18,8.32,D
-15.54076,130.04585,347.23,0.34,0.56,2026-05-13,05:38,N,nominal,2.0NRT,298.33,3.69,D
-15.54139,130.04263,332.11,0.34,0.56,2026-05-13,05:38,N,nominal,2.0NRT,297.09,3.69,D
-15.84971,128.4265,351.41,0.52,0.5,2026-05-13,05:38,N,nominal,2.0NRT,299.33,12.61,D
-15.85154,128.4167,330.54,0.52,0.5,2026-05-13,05:38,N,nominal,2.0NRT,298.9,8.84,D
-15.8543,128.40192,339.54,0.52,0.5,2026-05-13,05:38,N,nominal,2.0NRT,299.04,9.2,D
-15.41462,130.66016,367,0.37,0.58,2026-05-13,05:38,N,high,2.0NRT,300.24,19.46,D
-15.53499,130.04805,367,0.34,0.56,2026-05-13,05:38,N,high,2.0NRT,298.99,19.46,D
-15.41531,130.65666,353.54,0.37,0.58,2026-05-13,05:38,N,nominal,2.0NRT,298.88,10.68,D
-15.53378,130.05421,336.45,0.34,0.56,2026-05-13,05:38,N,nominal,2.0NRT,297.82,4.32,D
-15.53559,130.04497,336.37,0.34,0.56,2026-05-13,05:38,N,nominal,2.0NRT,295.16,7.55,D
-15.8551,128.34679,347.15,0.51,0.5,2026-05-13,05:38,N,nominal,2.0NRT,298.95,6.96,D
-15.52706,130.03395,367,0.34,0.56,2026-05-13,05:38,N,high,2.0NRT,298.36,10.71,D
-15.52372,130.02371,338.17,0.33,0.56,2026-05-13,05:38,N,nominal,2.0NRT,297.39,4.63,D
-15.52433,130.02055,345.71,0.33,0.56,2026-05-13,05:38,N,nominal,2.0NRT,296.85,4.63,D
-15.52497,130.01736,355.04,0.33,0.56,2026-05-13,05:38,N,nominal,2.0NRT,295.98,4.65,D
-15.51919,130.01956,367,0.33,0.56,2026-05-13,05:38,N,high,2.0NRT,297.2,13.81,D
-15.51983,130.01634,367,0.33,0.56,2026-05-13,05:38,N,high,2.0NRT,301.92,23.37,D
-15.51858,130.02267,353.61,0.33,0.56,2026-05-13,05:38,N,nominal,2.0NRT,296.93,13.81,D
-15.52046,130.01312,336.57,0.33,0.56,2026-05-13,05:38,N,nominal,2.0NRT,294.17,23.37,D
-15.43401,130.4231,355.03,0.36,0.57,2026-05-13,05:38,N,nominal,2.0NRT,296.71,4.76,D
-15.51411,130.01826,335.62,0.33,0.56,2026-05-13,05:38,N,nominal,2.0NRT,295.84,13.81,D
-15.5147,130.01526,355.6,0.33,0.56,2026-05-13,05:38,N,nominal,2.0NRT,298.45,23.37,D
-15.55968,129.78609,346.25,0.32,0.55,2026-05-13,05:38,N,nominal,2.0NRT,297.81,2.52,D
-15.49681,130.07884,333.01,0.34,0.56,2026-05-13,05:38,N,nominal,2.0NRT,296.57,1.91,D
-15.4678,130.11676,351.24,0.34,0.56,2026-05-13,05:38,N,nominal,2.0NRT,297.94,4.99,D
-15.46853,130.1131,338.91,0.34,0.56,2026-05-13,05:38,N,nominal,2.0NRT,297.82,4.99,D
-15.46915,130.11002,344.41,0.34,0.56,2026-05-13,05:38,N,nominal,2.0NRT,297.06,3.11,D
-15.46973,130.10709,330.61,0.34,0.56,2026-05-13,05:38,N,nominal,2.0NRT,296.42,3.11,D
-15.33365,130.75668,350.65,0.38,0.58,2026-05-13,05:38,N,nominal,2.0NRT,297.51,5.56,D
-15.32881,130.69762,339.73,0.37,0.58,2026-05-13,05:38,N,nominal,2.0NRT,294.98,2.84,D
-15.44104,130.08925,334.56,0.34,0.56,2026-05-13,05:38,N,nominal,2.0NRT,296.6,2.87,D
-15.43584,130.08841,344.44,0.34,0.56,2026-05-13,05:38,N,nominal,2.0NRT,298.48,2.87,D
-15.24567,130.96478,333.6,0.39,0.59,2026-05-13,05:38,N,nominal,2.0NRT,294.78,4.3,D
-15.2464,130.96121,354.08,0.39,0.59,2026-05-13,05:38,N,nominal,2.0NRT,295.68,5.26,D
-15.44047,130.08983,332.95,0.34,0.56,2026-05-13,05:38,N,nominal,2.0NRT,296.47,3.97,D
-15.27285,130.91728,333.71,0.39,0.59,2026-05-13,05:38,N,nominal,2.0NRT,296.68,3.54,D
-15.43523,130.08914,342.52,0.34,0.56,2026-05-13,05:38,N,nominal,2.0NRT,298.07,3.97,D
-15.4305,130.08588,333.38,0.34,0.56,2026-05-13,05:38,N,nominal,2.0NRT,297.34,2.98,D
-15.24662,130.96324,340.41,0.39,0.59,2026-05-13,05:38,N,nominal,2.0NRT,294.94,9.92,D
-15.24733,130.95972,337.64,0.39,0.59,2026-05-13,05:38,N,nominal,2.0NRT,294.45,2.62,D
-15.24187,130.95845,333.39,0.39,0.59,2026-05-13,05:38,N,nominal,2.0NRT,294.34,2.62,D
-15.24751,130.93025,338.96,0.39,0.59,2026-05-13,05:38,N,nominal,2.0NRT,295.4,1.72,D
-15.34935,130.38922,367,0.36,0.57,2026-05-13,05:38,N,high,2.0NRT,296.5,4.06,D
-15.2276,131.00122,330.07,0.39,0.6,2026-05-13,05:38,N,nominal,2.0NRT,295.19,3.55,D
-15.34408,130.38812,333.41,0.36,0.57,2026-05-13,05:38,N,nominal,2.0NRT,295.38,4.06,D
-15.2483,130.84117,331.03,0.38,0.59,2026-05-13,05:38,N,nominal,2.0NRT,295.5,2.5,D
-15.33881,130.38699,346.7,0.36,0.57,2026-05-13,05:38,N,nominal,2.0NRT,296.39,14.65,D
-15.33947,130.38367,356.2,0.36,0.57,2026-05-13,05:38,N,nominal,2.0NRT,297.37,6.51,D
-15.33421,130.38255,340.63,0.36,0.57,2026-05-13,05:38,N,nominal,2.0NRT,296.13,6.51,D
-15.40366,130.004,333.35,0.34,0.56,2026-05-13,05:38,N,nominal,2.0NRT,296.63,4.33,D
-15.40429,130.00076,336.41,0.34,0.56,2026-05-13,05:38,N,nominal,2.0NRT,297.04,4.33,D
-15.40493,129.99757,349.05,0.34,0.56,2026-05-13,05:38,N,nominal,2.0NRT,297.05,5.22,D
-15.39155,130.03827,331.84,0.34,0.56,2026-05-13,05:38,N,nominal,2.0NRT,296.17,1.24,D
-15.39726,130.00931,343.37,0.34,0.56,2026-05-13,05:38,N,nominal,2.0NRT,296.21,7.38,D
-15.3858,130.04022,335.95,0.34,0.56,2026-05-13,05:38,N,nominal,2.0NRT,298.5,3.78,D
-15.38641,130.03711,339.29,0.34,0.56,2026-05-13,05:38,N,nominal,2.0NRT,297.13,3.78,D
-15.19268,130.97583,330.85,0.39,0.59,2026-05-13,05:38,N,nominal,2.0NRT,296.51,6.08,D
-15.19341,130.97224,355.36,0.39,0.59,2026-05-13,05:38,N,nominal,2.0NRT,296.52,4.72,D
-15.37646,130.06029,332.98,0.34,0.56,2026-05-13,05:38,N,nominal,2.0NRT,296.87,4.46,D
-15.38522,130.01608,355.14,0.34,0.56,2026-05-13,05:38,N,nominal,2.0NRT,297.11,12.01,D
-15.38586,130.01288,357.38,0.34,0.56,2026-05-13,05:38,N,nominal,2.0NRT,296.72,8.46,D
-15.38897,129.99721,335.32,0.34,0.56,2026-05-13,05:38,N,nominal,2.0NRT,297.16,3.72,D
-15.38956,129.99417,333.17,0.34,0.56,2026-05-13,05:38,N,nominal,2.0NRT,297.11,2.41,D
-15.39015,129.99123,334.12,0.34,0.56,2026-05-13,05:38,N,nominal,2.0NRT,297.41,2.41,D
-15.38499,129.99028,367,0.34,0.56,2026-05-13,05:38,N,high,2.0NRT,299.24,7.08,D
-15.35112,130.16063,331.96,0.34,0.56,2026-05-13,05:38,N,nominal,2.0NRT,296.3,2.63,D
-15.35176,130.15738,331.41,0.34,0.56,2026-05-13,05:38,N,nominal,2.0NRT,297.24,4.89,D
-15.36944,130.06854,333.81,0.34,0.56,2026-05-13,05:38,N,nominal,2.0NRT,296.76,2.38,D
-15.3838,129.99629,330.38,0.34,0.56,2026-05-13,05:38,N,nominal,2.0NRT,296.76,3.48,D
-15.3844,129.99326,355.13,0.34,0.56,2026-05-13,05:38,N,nominal,2.0NRT,299.15,7.08,D
-15.22542,130.75851,367,0.38,0.59,2026-05-13,05:38,N,high,2.0NRT,297.27,11.95,D
-15.22613,130.75499,351.82,0.38,0.59,2026-05-13,05:38,N,nominal,2.0NRT,296.23,8.5,D
-15.25801,130.59741,337.57,0.37,0.58,2026-05-13,05:38,N,nominal,2.0NRT,297.65,3.91,D
-15.34592,130.15956,338.57,0.34,0.56,2026-05-13,05:38,N,nominal,2.0NRT,296.18,2.63,D
-15.37803,129.99841,335.7,0.34,0.56,2026-05-13,05:38,N,nominal,2.0NRT,297.25,3.48,D
-15.37863,129.99539,342.93,0.34,0.56,2026-05-13,05:38,N,nominal,2.0NRT,298.14,3.48,D
-15.17796,130.9639,331.18,0.39,0.59,2026-05-13,05:38,N,nominal,2.0NRT,296.19,1.42,D
-15.22217,130.74675,335.93,0.38,0.59,2026-05-13,05:38,N,nominal,2.0NRT,295.21,5.32,D
-15.31928,130.26556,332.49,0.35,0.57,2026-05-13,05:38,N,nominal,2.0NRT,295.81,1.93,D
-15.36656,130.02913,330.67,0.34,0.56,2026-05-13,05:38,N,nominal,2.0NRT,297.39,2.87,D
-15.36918,130.01601,330.99,0.34,0.56,2026-05-13,05:38,N,nominal,2.0NRT,297.39,2.18,D
-15.37286,129.99751,337.61,0.34,0.56,2026-05-13,05:38,N,nominal,2.0NRT,297.49,4.69,D
-15.37347,129.99446,340.43,0.34,0.56,2026-05-13,05:38,N,nominal,2.0NRT,297.37,4.69,D
-15.27633,130.45174,367,0.36,0.57,2026-05-13,05:38,N,high,2.0NRT,296.42,6.79,D
-15.3601,130.03464,367,0.34,0.56,2026-05-13,05:38,N,high,2.0NRT,296.73,7.19,D
-15.27561,130.45529,345.53,0.36,0.57,2026-05-13,05:38,N,nominal,2.0NRT,295.66,9.01,D
-15.35335,130.06841,350.5,0.34,0.56,2026-05-13,05:38,N,nominal,2.0NRT,297.5,6.58,D
-15.35402,130.06505,331.9,0.34,0.56,2026-05-13,05:38,N,nominal,2.0NRT,296.02,2.15,D
-15.36832,129.99344,351.14,0.34,0.56,2026-05-13,05:38,N,nominal,2.0NRT,298.12,4.69,D
-15.36894,129.99036,354.13,0.34,0.56,2026-05-13,05:38,N,nominal,2.0NRT,297.58,6.98,D
-15.3501,130.05782,330.57,0.34,0.56,2026-05-13,05:38,N,nominal,2.0NRT,296.87,2.09,D
-15.36381,129.98927,334.4,0.34,0.56,2026-05-13,05:38,N,nominal,2.0NRT,295.9,2.01,D
-15.30497,130.25545,367,0.35,0.57,2026-05-13,05:38,N,high,2.0NRT,299.23,5.81,D
-15.15618,130.98647,330.81,0.39,0.6,2026-05-13,05:38,N,nominal,2.0NRT,295.85,3.61,D
-15.27137,130.42168,350.22,0.36,0.57,2026-05-13,05:38,N,nominal,2.0NRT,296.73,5.42,D
-15.28492,130.35469,349.34,0.36,0.57,2026-05-13,05:38,N,nominal,2.0NRT,297.19,6.56,D
-15.30564,130.25215,355.42,0.35,0.57,2026-05-13,05:38,N,nominal,2.0NRT,298.78,5.81,D
-15.34492,130.05682,331.57,0.34,0.56,2026-05-13,05:38,N,nominal,2.0NRT,297.97,2.09,D
-15.26204,130.44055,333.36,0.36,0.57,2026-05-13,05:38,N,nominal,2.0NRT,296.55,3.28,D
-15.28035,130.35022,353.01,0.35,0.57,2026-05-13,05:38,N,nominal,2.0NRT,296.2,6.37,D
-15.34293,130.03999,330.53,0.34,0.56,2026-05-13,05:38,N,nominal,2.0NRT,296.72,3.59,D
-15.34475,130.03091,331.54,0.34,0.56,2026-05-13,05:38,N,nominal,2.0NRT,296.77,2.34,D
-15.35172,129.99623,338.94,0.34,0.56,2026-05-13,05:38,N,nominal,2.0NRT,296.08,2.88,D
-15.33964,130.02966,333.44,0.34,0.56,2026-05-13,05:38,N,nominal,2.0NRT,296.68,2.34,D
-15.15341,130.91656,345.01,0.39,0.59,2026-05-13,05:38,N,nominal,2.0NRT,296.01,5.34,D
-15.26166,130.38815,342.76,0.36,0.57,2026-05-13,05:38,N,nominal,2.0NRT,295.45,3.66,D
-15.29063,130.24559,347.59,0.35,0.57,2026-05-13,05:38,N,nominal,2.0NRT,298.19,6.36,D
-15.33078,130.04701,346.1,0.34,0.56,2026-05-13,05:38,N,nominal,2.0NRT,296.69,3.64,D
-15.33144,130.04375,338.93,0.34,0.56,2026-05-13,05:38,N,nominal,2.0NRT,297.87,3.64,D
-15.34334,129.9847,335.53,0.34,0.56,2026-05-13,05:38,N,nominal,2.0NRT,297.07,2.56,D
-15.34397,129.98157,330.55,0.34,0.56,2026-05-13,05:38,N,nominal,2.0NRT,296.04,2.56,D
-15.31115,130.11746,367,0.34,0.56,2026-05-13,05:38,N,high,2.0NRT,299.49,15.78,D
-15.13334,130.98607,330.37,0.39,0.6,2026-05-13,05:38,N,nominal,2.0NRT,295.54,3.84,D
-15.25583,130.38977,343.99,0.36,0.57,2026-05-13,05:38,N,nominal,2.0NRT,295.19,6.46,D
-15.25648,130.3866,333.28,0.36,0.57,2026-05-13,05:38,N,nominal,2.0NRT,294.28,3.66,D
-15.25712,130.38345,335.38,0.36,0.57,2026-05-13,05:38,N,nominal,2.0NRT,294.16,3.66,D
-15.25777,130.38023,331.73,0.36,0.57,2026-05-13,05:38,N,nominal,2.0NRT,294.66,7.05,D
-15.25983,130.37015,335.77,0.36,0.57,2026-05-13,05:38,N,nominal,2.0NRT,296.12,4.97,D
-15.31051,130.12064,355.93,0.34,0.56,2026-05-13,05:38,N,nominal,2.0NRT,297.81,13.68,D
-15.32036,130.07199,330.1,0.34,0.56,2026-05-13,05:38,N,nominal,2.0NRT,295.8,2.85,D
-15.32101,130.06877,345.74,0.34,0.56,2026-05-13,05:38,N,nominal,2.0NRT,297.44,2.85,D
-15.32822,130.0331,334.02,0.34,0.56,2026-05-13,05:38,N,nominal,2.0NRT,296.4,3.22,D
-15.32882,130.03012,337.4,0.34,0.56,2026-05-13,05:38,N,nominal,2.0NRT,297.12,3.22,D
-15.32941,130.02721,343.11,0.34,0.56,2026-05-13,05:38,N,nominal,2.0NRT,296.36,4.65,D
-15.33817,129.98383,330.77,0.34,0.56,2026-05-13,05:38,N,nominal,2.0NRT,295.01,2.56,D
-15.33881,129.98065,330.66,0.34,0.56,2026-05-13,05:38,N,nominal,2.0NRT,295.03,2.56,D
-15.33944,129.97749,338.31,0.33,0.56,2026-05-13,05:38,N,nominal,2.0NRT,294.78,3.79,D
-15.28188,130.34894,367,0.36,0.57,2026-05-13,05:38,N,high,2.0NRT,297.01,6.98,D
-15.26414,130.4399,334.24,0.36,0.57,2026-05-13,05:38,N,nominal,2.0NRT,296.17,2.99,D
-15.26944,130.41278,338.35,0.36,0.57,2026-05-13,05:38,N,nominal,2.0NRT,295.57,4.15,D
-15.28122,130.35236,338.02,0.36,0.57,2026-05-13,05:38,N,nominal,2.0NRT,295.46,6.84,D
-15.30059,130.25279,340.91,0.35,0.57,2026-05-13,05:38,N,nominal,2.0NRT,296.48,4.76,D
-15.33017,130.04491,367,0.34,0.56,2026-05-13,05:38,N,high,2.0NRT,297.74,8.02,D
-15.34287,129.97943,367,0.34,0.56,2026-05-13,05:38,N,high,2.0NRT,296.79,5.33,D
-15.26347,130.38705,344.09,0.36,0.57,2026-05-13,05:38,N,nominal,2.0NRT,296.22,9.2,D
-15.29141,130.24408,351.28,0.35,0.57,2026-05-13,05:38,N,nominal,2.0NRT,297.43,5.34,D
-15.33375,130.02646,343.47,0.34,0.56,2026-05-13,05:38,N,nominal,2.0NRT,296.25,3.58,D
-15.34226,129.98257,346.09,0.34,0.56,2026-05-13,05:38,N,nominal,2.0NRT,296.62,5.33,D
-15.31041,130.11887,367,0.34,0.56,2026-05-13,05:38,N,high,2.0NRT,300.38,19.75,D
-15.15363,130.91557,345.2,0.39,0.59,2026-05-13,05:38,N,nominal,2.0NRT,295.79,3.48,D
-15.25954,130.3791,334.04,0.36,0.57,2026-05-13,05:38,N,nominal,2.0NRT,295.67,3.2,D
-15.2602,130.37575,332.36,0.36,0.57,2026-05-13,05:38,N,nominal,2.0NRT,296.87,3.2,D
-15.31103,130.11566,357.65,0.34,0.56,2026-05-13,05:38,N,nominal,2.0NRT,297.1,12.09,D
-15.31992,130.06999,340.11,0.34,0.56,2026-05-13,05:38,N,nominal,2.0NRT,296.35,3.68,D
-15.32055,130.06674,346.26,0.34,0.56,2026-05-13,05:38,N,nominal,2.0NRT,297.2,3.68,D
-15.3269,130.0341,354.83,0.34,0.56,2026-05-13,05:38,N,nominal,2.0NRT,298.23,7.52,D
-15.32749,130.03111,337.31,0.34,0.56,2026-05-13,05:38,N,nominal,2.0NRT,296.65,9.27,D
-15.31995,130.04228,367,0.34,0.56,2026-05-13,05:38,N,high,2.0NRT,297.25,11.41,D
-15.32118,130.03595,367,0.34,0.56,2026-05-13,05:38,N,high,2.0NRT,297.35,4.75,D
-15.25248,130.38705,344.77,0.36,0.57,2026-05-13,05:38,N,nominal,2.0NRT,293.61,5.09,D
-15.25307,130.38408,334.37,0.36,0.57,2026-05-13,05:38,N,nominal,2.0NRT,294.91,3.28,D
-15.32178,130.03287,336.62,0.34,0.56,2026-05-13,05:38,N,nominal,2.0NRT,296.49,4.75,D
-15.12712,130.99129,340.47,0.39,0.6,2026-05-13,05:38,N,nominal,2.0NRT,295.97,4.92,D
-15.26215,130.30995,333.88,0.35,0.57,2026-05-13,05:38,N,nominal,2.0NRT,295.89,3.94,D
-15.31605,130.03476,336.29,0.34,0.56,2026-05-13,05:38,N,nominal,2.0NRT,294.95,4.75,D
-15.12091,130.99373,343.34,0.39,0.6,2026-05-13,05:38,N,nominal,2.0NRT,295.86,5.93,D
-15.31509,130.01225,341.63,0.34,0.56,2026-05-13,05:38,N,nominal,2.0NRT,295.78,23.63,D
-15.30818,130.0202,367,0.34,0.56,2026-05-13,05:38,N,high,2.0NRT,298.02,15.9,D
-15.30878,130.01711,367,0.34,0.56,2026-05-13,05:38,N,high,2.0NRT,298.8,15.9,D
-15.30938,130.01402,367,0.34,0.56,2026-05-13,05:38,N,high,2.0NRT,302.92,23.63,D
-15.2529,130.30142,337.77,0.35,0.57,2026-05-13,05:38,N,nominal,2.0NRT,295.46,2.77,D
-15.31,130.01089,347.87,0.34,0.56,2026-05-13,05:38,N,nominal,2.0NRT,297.06,23.63,D
-15.29859,130.01443,367,0.34,0.56,2026-05-13,05:38,N,high,2.0NRT,297.55,6.07,D
-15.18781,130.57401,352.91,0.37,0.58,2026-05-13,05:38,N,nominal,2.0NRT,296.74,5.53,D
-15.24488,130.28671,339.1,0.35,0.57,2026-05-13,05:38,N,nominal,2.0NRT,295.18,2.88,D
-15.28771,130.06972,337.15,0.34,0.56,2026-05-13,05:38,N,nominal,2.0NRT,296.86,3.01,D
-15.28839,130.06625,338.58,0.34,0.56,2026-05-13,05:38,N,nominal,2.0NRT,297.61,3.01,D
-15.29273,130.04424,340.01,0.34,0.56,2026-05-13,05:38,N,nominal,2.0NRT,297.25,3.71,D
-15.29415,130.037,338.29,0.34,0.56,2026-05-13,05:38,N,nominal,2.0NRT,297.54,1.74,D
-15.29798,130.01752,341.39,0.34,0.56,2026-05-13,05:38,N,nominal,2.0NRT,296.26,6.07,D
-15.29919,130.01135,333.87,0.34,0.56,2026-05-13,05:38,N,nominal,2.0NRT,295.17,3.66,D
-15.28437,130.05937,333.01,0.34,0.56,2026-05-13,05:38,N,nominal,2.0NRT,296.78,2.85,D
-15.28679,130.04713,338,0.34,0.56,2026-05-13,05:38,N,nominal,2.0NRT,296.16,3.43,D
-15.29286,130.01628,350.48,0.34,0.56,2026-05-13,05:38,N,nominal,2.0NRT,297.79,7.83,D
-15.21664,130.37376,337.96,0.36,0.57,2026-05-13,05:38,N,nominal,2.0NRT,296.62,2.11,D
-15.21732,130.37036,330.8,0.36,0.57,2026-05-13,05:38,N,nominal,2.0NRT,295.89,2.11,D
-15.23634,130.27472,346.9,0.35,0.57,2026-05-13,05:38,N,nominal,2.0NRT,295.64,3.34,D
-15.27727,130.06813,337.46,0.34,0.56,2026-05-13,05:38,N,nominal,2.0NRT,297.83,3.01,D
-15.28576,130.0251,337.06,0.34,0.56,2026-05-13,05:38,N,nominal,2.0NRT,295.63,4.56,D
-15.21273,130.36578,335.91,0.36,0.57,2026-05-13,05:38,N,nominal,2.0NRT,297.08,5.22,D
-15.24209,130.21832,346.76,0.35,0.57,2026-05-13,05:38,N,nominal,2.0NRT,296.42,5.83,D
-15.24272,130.21515,332.33,0.35,0.57,2026-05-13,05:38,N,nominal,2.0NRT,297.44,4.52,D
-15.27326,130.06119,355.39,0.34,0.56,2026-05-13,05:38,N,nominal,2.0NRT,298.75,3.67,D
-15.22839,130.25981,338.7,0.35,0.57,2026-05-13,05:38,N,nominal,2.0NRT,294.58,3.26,D
-15.23812,130.21097,336.64,0.35,0.57,2026-05-13,05:38,N,nominal,2.0NRT,296.85,4.52,D
-15.23875,130.20779,334.3,0.35,0.57,2026-05-13,05:38,N,nominal,2.0NRT,296.52,2.69,D
-15.23939,130.20459,332.31,0.35,0.57,2026-05-13,05:38,N,nominal,2.0NRT,296.25,2.69,D
-15.26808,130.06018,333.02,0.34,0.56,2026-05-13,05:38,N,nominal,2.0NRT,295.92,3.67,D
-15.27623,130.01904,349.82,0.34,0.56,2026-05-13,05:38,N,nominal,2.0NRT,297,4.65,D
-15.27687,130.01584,350.67,0.34,0.56,2026-05-13,05:38,N,nominal,2.0NRT,296.59,4.65,D
-15.28058,129.9971,330.77,0.34,0.56,2026-05-13,05:38,N,nominal,2.0NRT,293.33,3.96,D
-15.28181,129.99089,335.96,0.34,0.56,2026-05-13,05:38,N,nominal,2.0NRT,294.49,4.6,D
-15.23415,130.20361,367,0.35,0.57,2026-05-13,05:38,N,high,2.0NRT,297.27,5.93,D
-15.25971,130.0752,367,0.34,0.56,2026-05-13,05:38,N,high,2.0NRT,297.99,3.59,D
-15.27234,130.01163,367,0.34,0.56,2026-05-13,05:38,N,high,2.0NRT,297.91,7.98,D
-15.20621,130.34352,342.82,0.36,0.57,2026-05-13,05:38,N,nominal,2.0NRT,298.49,4.97,D
-15.20821,130.33353,334.81,0.36,0.57,2026-05-13,05:38,N,nominal,2.0NRT,297.79,5.8,D
-15.20886,130.33026,340.69,0.36,0.57,2026-05-13,05:38,N,nominal,2.0NRT,296.68,3.74,D
-15.20951,130.32698,332.43,0.36,0.57,2026-05-13,05:38,N,nominal,2.0NRT,295.82,3.74,D
-15.21017,130.32368,336.65,0.35,0.57,2026-05-13,05:38,N,nominal,2.0NRT,296.94,3.64,D
-15.21084,130.32034,339.34,0.35,0.57,2026-05-13,05:38,N,nominal,2.0NRT,296.81,3.64,D
-15.23287,130.21001,339.66,0.35,0.57,2026-05-13,05:38,N,nominal,2.0NRT,296.96,6.44,D
-15.23351,130.2068,346.08,0.35,0.57,2026-05-13,05:38,N,nominal,2.0NRT,298.07,5.93,D
-15.23479,130.20038,346.38,0.35,0.57,2026-05-13,05:38,N,nominal,2.0NRT,296.1,6.55,D
-15.25907,130.07841,330.67,0.34,0.56,2026-05-13,05:38,N,nominal,2.0NRT,296.41,3.59,D
-15.2717,130.01485,338.95,0.34,0.56,2026-05-13,05:38,N,nominal,2.0NRT,297.16,7.9,D
-15.27727,129.98677,334.03,0.34,0.56,2026-05-13,05:38,N,nominal,2.0NRT,295.62,2.42,D
-15.22891,130.20261,330.42,0.35,0.57,2026-05-13,05:38,N,nominal,2.0NRT,296.2,5.93,D
-15.26521,130.02054,347.75,0.34,0.56,2026-05-13,05:38,N,nominal,2.0NRT,296.63,3.89,D
-15.22369,130.20158,367,0.35,0.57,2026-05-13,05:38,N,high,2.0NRT,298.13,12.86,D
-15.21588,130.24054,332.41,0.35,0.57,2026-05-13,05:38,N,nominal,2.0NRT,295.59,2.65,D
-15.21064,130.2395,330.86,0.35,0.57,2026-05-13,05:38,N,nominal,2.0NRT,294.89,2.65,D
-15.25099,130.03801,337.34,0.34,0.56,2026-05-13,05:38,N,nominal,2.0NRT,296.42,3.56,D
-15.24855,130.0233,351.94,0.34,0.56,2026-05-13,05:38,N,nominal,2.0NRT,298.55,8.54,D
-15.24917,130.02022,344.06,0.34,0.56,2026-05-13,05:38,N,nominal,2.0NRT,298.02,5.43,D
-15.24977,130.01718,346.87,0.34,0.56,2026-05-13,05:38,N,nominal,2.0NRT,296.11,5.43,D
-15.2434,130.0222,367,0.34,0.56,2026-05-13,05:38,N,high,2.0NRT,297.39,8.54,D
-15.22413,130.09135,335.45,0.34,0.56,2026-05-13,05:38,N,nominal,2.0NRT,295.59,3.83,D
-15.23492,130.03767,340.03,0.34,0.56,2026-05-13,05:38,N,nominal,2.0NRT,297.88,6.32,D
-15.23825,130.02113,355.12,0.34,0.56,2026-05-13,05:38,N,nominal,2.0NRT,297.31,5.56,D
-15.05976,130.87268,340.61,0.39,0.59,2026-05-13,05:38,N,nominal,2.0NRT,296.32,5.18,D
-15.0605,130.86905,335.87,0.39,0.59,2026-05-13,05:38,N,nominal,2.0NRT,297.47,4.94,D
-15.15771,130.39311,341.16,0.36,0.57,2026-05-13,05:38,N,nominal,2.0NRT,296.71,4.43,D
-15.23244,130.02332,332.85,0.34,0.56,2026-05-13,05:38,N,nominal,2.0NRT,295.61,5.56,D
-15.23687,130.00127,336.87,0.34,0.56,2026-05-13,05:38,N,nominal,2.0NRT,296.88,5.2,D
-15.05503,130.86797,367,0.39,0.59,2026-05-13,05:38,N,high,2.0NRT,297.47,8.13,D
-15.19571,130.17862,367,0.35,0.57,2026-05-13,05:38,N,high,2.0NRT,297.44,5.81,D
-15.15311,130.38867,338.44,0.36,0.57,2026-05-13,05:38,N,nominal,2.0NRT,297.07,2.95,D
-15.1485,130.38422,338.98,0.36,0.57,2026-05-13,05:38,N,nominal,2.0NRT,297.31,2.95,D
-15.19048,130.1776,335.32,0.35,0.57,2026-05-13,05:38,N,nominal,2.0NRT,296.61,5.81,D
-15.21997,130.03185,336.6,0.34,0.56,2026-05-13,05:38,N,nominal,2.0NRT,296.61,3.07,D
-15.06533,130.90437,335.19,0.39,0.59,2026-05-13,05:38,N,nominal,2.0NRT,296.12,2.65,D
-15.23443,130.03827,338.72,0.34,0.56,2026-05-13,05:38,N,nominal,2.0NRT,297.39,4.58,D
-15.23511,130.0347,335.93,0.34,0.56,2026-05-13,05:38,N,nominal,2.0NRT,297.87,6.44,D
-15.23766,130.02153,356.41,0.34,0.56,2026-05-13,05:38,N,nominal,2.0NRT,297.71,7.54,D
-15.15978,130.39459,343.74,0.36,0.57,2026-05-13,05:38,N,nominal,2.0NRT,296.5,4.59,D
-15.21888,130.09084,330.03,0.34,0.56,2026-05-13,05:38,N,nominal,2.0NRT,295.45,3.4,D
-15.23615,130.00157,333.33,0.34,0.56,2026-05-13,05:38,N,nominal,2.0NRT,296.48,4.97,D
-15.19626,130.17944,367,0.35,0.57,2026-05-13,05:38,N,high,2.0NRT,297.22,7.22,D
-15.06058,130.87079,338.05,0.39,0.59,2026-05-13,05:38,N,nominal,2.0NRT,297.52,6.65,D
-15.15515,130.39012,333.71,0.36,0.57,2026-05-13,05:38,N,nominal,2.0NRT,296.44,5.4,D
-15.0551,130.86971,367,0.39,0.59,2026-05-13,05:38,N,high,2.0NRT,296.15,6.65,D
-15.05582,130.86607,340.72,0.39,0.59,2026-05-13,05:38,N,nominal,2.0NRT,296.86,7.92,D
-15.15052,130.38562,342.99,0.36,0.57,2026-05-13,05:38,N,nominal,2.0NRT,297.88,4.93,D
-15.19104,130.17838,330.88,0.35,0.57,2026-05-13,05:38,N,nominal,2.0NRT,296.36,7.22,D
-15.19167,130.17511,338.95,0.35,0.57,2026-05-13,05:38,N,nominal,2.0NRT,296.18,6.25,D
-15.21945,130.03242,335.02,0.34,0.56,2026-05-13,05:38,N,nominal,2.0NRT,296.52,4.82,D
-15.2143,130.03125,367,0.34,0.56,2026-05-13,05:38,N,high,2.0NRT,296.83,12.02,D
-15.14589,130.38121,340.67,0.36,0.57,2026-05-13,05:38,N,nominal,2.0NRT,296.68,5.37,D
-15.21499,130.02771,355.79,0.34,0.56,2026-05-13,05:38,N,nominal,2.0NRT,298.01,12.02,D
-15.14125,130.3768,339.09,0.36,0.57,2026-05-13,05:38,N,nominal,2.0NRT,296.25,4.98,D
-15.20195,130.06703,337.56,0.34,0.56,2026-05-13,05:38,N,nominal,2.0NRT,297.37,3.74,D
-15.21499,130.00014,336.24,0.34,0.56,2026-05-13,05:38,N,nominal,2.0NRT,297.07,4.27,D
-15.91119,126.25154,331.65,0.57,0.43,2026-05-13,05:38,N,nominal,2.0NRT,297.97,1.89,D
-15.20004,130.04924,367,0.34,0.56,2026-05-13,05:38,N,high,2.0NRT,298.74,7.34,D
-15.13661,130.37245,338.81,0.36,0.57,2026-05-13,05:38,N,nominal,2.0NRT,297.27,5.43,D
-15.20071,130.04581,341.18,0.34,0.56,2026-05-13,05:38,N,nominal,2.0NRT,296.53,7.34,D
-15.20143,130.04216,336.9,0.34,0.56,2026-05-13,05:38,N,nominal,2.0NRT,295.75,3.3,D
-15.21045,129.99593,331.78,0.34,0.56,2026-05-13,05:38,N,nominal,2.0NRT,295.74,2.06,D
-15.21108,129.99272,331.53,0.34,0.56,2026-05-13,05:38,N,nominal,2.0NRT,295.02,2.06,D
-15.18461,130.10051,336.52,0.34,0.56,2026-05-13,05:38,N,nominal,2.0NRT,295.41,4.51,D
-15.19627,130.04103,333.44,0.34,0.56,2026-05-13,05:38,N,nominal,2.0NRT,295.16,3.3,D
-15.19697,130.03748,344.2,0.34,0.56,2026-05-13,05:38,N,nominal,2.0NRT,296.16,3.3,D
-15.19759,130.03426,340.98,0.34,0.56,2026-05-13,05:38,N,nominal,2.0NRT,296.09,4.66,D
-15.18006,130.09622,367,0.34,0.56,2026-05-13,05:38,N,high,2.0NRT,296.74,14.21,D
-15.17942,130.09944,340.3,0.34,0.56,2026-05-13,05:38,N,nominal,2.0NRT,294.35,14.21,D
-15.18069,130.09299,351.7,0.34,0.56,2026-05-13,05:38,N,nominal,2.0NRT,298.97,12.62,D
-15.18133,130.08975,335.52,0.34,0.56,2026-05-13,05:38,N,nominal,2.0NRT,295.22,12.62,D
-15.18584,130.06676,334.02,0.34,0.56,2026-05-13,05:38,N,nominal,2.0NRT,296.26,2.2,D
-15.18652,130.06329,330.75,0.34,0.56,2026-05-13,05:38,N,nominal,2.0NRT,296.74,2.2,D
-15.95756,125.91851,339.49,0.55,0.43,2026-05-13,05:38,N,nominal,2.0NRT,300.52,7.57,D
-15.01276,130.91048,367,0.39,0.59,2026-05-13,05:38,N,high,2.0NRT,295.77,24.17,D
-15.17487,130.09514,367,0.34,0.56,2026-05-13,05:38,N,high,2.0NRT,295.89,14.21,D
-15.01349,130.90685,355.54,0.39,0.59,2026-05-13,05:38,N,nominal,2.0NRT,299.06,24.17,D
-15.01422,130.90321,355.14,0.39,0.59,2026-05-13,05:38,N,nominal,2.0NRT,300.35,26.74,D
-15.03316,130.80878,337.19,0.38,0.59,2026-05-13,05:38,N,nominal,2.0NRT,295.42,2.08,D
-15.17551,130.0919,352.4,0.34,0.56,2026-05-13,05:38,N,nominal,2.0NRT,296.33,12.62,D
-15.18264,130.05565,334.15,0.34,0.56,2026-05-13,05:38,N,nominal,2.0NRT,295.79,4.97,D
-15.18333,130.05211,335.76,0.34,0.56,2026-05-13,05:38,N,nominal,2.0NRT,295.13,1.88,D
-15.18601,130.0385,331.85,0.34,0.56,2026-05-13,05:38,N,nominal,2.0NRT,294.98,3.74,D
-15.00873,130.9021,367,0.39,0.59,2026-05-13,05:38,N,high,2.0NRT,294.16,7.4,D
-15.008,130.90575,337.25,0.39,0.59,2026-05-13,05:38,N,nominal,2.0NRT,294.12,6.7,D
-15.03277,130.78242,330.38,0.38,0.59,2026-05-13,05:38,N,nominal,2.0NRT,296.22,3.65,D
-15.03349,130.77884,332.09,0.38,0.59,2026-05-13,05:38,N,nominal,2.0NRT,295.95,7.13,D
-15.11858,130.35236,336.73,0.36,0.57,2026-05-13,05:38,N,nominal,2.0NRT,297.07,3.58,D
-15.1239,130.32555,348.56,0.36,0.57,2026-05-13,05:38,N,nominal,2.0NRT,295.04,6.3,D
-15.12459,130.32205,354.54,0.36,0.57,2026-05-13,05:38,N,nominal,2.0NRT,296.3,6.3,D
-15.17951,130.04416,337.93,0.34,0.56,2026-05-13,05:38,N,nominal,2.0NRT,291.01,1.09,D
-15.20365,129.92145,337.93,0.33,0.56,2026-05-13,05:38,N,nominal,2.0NRT,296.95,4.59,D
-16.44227,122.99682,342.04,0.4,0.37,2026-05-13,05:38,N,nominal,2.0NRT,303.54,4.59,D
-15.02589,130.7885,332.55,0.38,0.59,2026-05-13,05:38,N,nominal,2.0NRT,295.14,4.76,D
-15.02661,130.7849,331.4,0.38,0.59,2026-05-13,05:38,N,nominal,2.0NRT,295.43,3.65,D
-15.02734,130.78131,336.1,0.38,0.59,2026-05-13,05:38,N,nominal,2.0NRT,297.23,3.65,D
-15.15241,130.15408,333.95,0.35,0.56,2026-05-13,05:38,N,nominal,2.0NRT,297.22,2.38,D
-15.19723,129.92696,331.29,0.33,0.56,2026-05-13,05:38,N,nominal,2.0NRT,296.74,2.43,D
-16.43826,123.00002,336.78,0.4,0.37,2026-05-13,05:38,N,nominal,2.0NRT,305.27,6.46,D
-15.0219,130.78018,367,0.38,0.59,2026-05-13,05:38,N,high,2.0NRT,296.06,11.61,D
-15.16597,130.05824,336.58,0.34,0.56,2026-05-13,05:38,N,nominal,2.0NRT,296.98,4.17,D
-15.19256,129.92354,341.53,0.33,0.56,2026-05-13,05:38,N,nominal,2.0NRT,296.67,5.34,D
-15.19316,129.92052,350.35,0.33,0.56,2026-05-13,05:38,N,nominal,2.0NRT,296.81,5.34,D
-15.19377,129.9174,353.29,0.33,0.56,2026-05-13,05:38,N,nominal,2.0NRT,295.92,4.8,D
-14.98785,130.92065,333.15,0.39,0.59,2026-05-13,05:38,N,nominal,2.0NRT,295.21,3.07,D
-15.07437,130.49095,339.55,0.37,0.58,2026-05-13,05:38,N,nominal,2.0NRT,295.19,5.19,D
-15.1426,130.14888,331.63,0.35,0.56,2026-05-13,05:38,N,nominal,2.0NRT,295.8,5.43,D
-15.14388,130.14246,335.84,0.35,0.56,2026-05-13,05:38,N,nominal,2.0NRT,298.19,8.95,D
-15.14452,130.13922,336.84,0.35,0.56,2026-05-13,05:38,N,nominal,2.0NRT,296.67,3.29,D
-15.1541,130.09093,334.76,0.34,0.56,2026-05-13,05:38,N,nominal,2.0NRT,295.79,2.91,D
-15.85897,126.3585,330.2,0.39,0.44,2026-05-13,05:38,N,nominal,2.0NRT,300,3.3,D
-15.85963,126.35481,333.13,0.39,0.44,2026-05-13,05:38,N,nominal,2.0NRT,300.38,3.52,D
-15.13929,130.13826,338.47,0.35,0.56,2026-05-13,05:38,N,nominal,2.0NRT,296.66,5.78,D
-15.1554,130.05719,334.08,0.34,0.56,2026-05-13,05:38,N,nominal,2.0NRT,297.78,2.58,D
-15.83113,126.49014,342.09,0.4,0.44,2026-05-13,05:38,N,nominal,2.0NRT,301.39,9.36,D
-15.06496,130.48256,350.98,0.37,0.58,2026-05-13,05:38,N,nominal,2.0NRT,297.75,5.59,D
-15.06563,130.47919,341.6,0.37,0.58,2026-05-13,05:38,N,nominal,2.0NRT,296.25,5.59,D
-15.15235,130.04544,334.58,0.34,0.56,2026-05-13,05:38,N,nominal,2.0NRT,295.08,4.1,D
-15.82841,126.48193,330.03,0.4,0.44,2026-05-13,05:38,N,nominal,2.0NRT,295.65,3.63,D
-15.1647,129.95627,334.03,0.34,0.56,2026-05-13,05:38,N,nominal,2.0NRT,295.73,8.21,D
-15.16581,129.95068,339.05,0.34,0.56,2026-05-13,05:38,N,nominal,2.0NRT,296.6,6.41,D
-15.15834,129.96129,367,0.34,0.56,2026-05-13,05:38,N,high,2.0NRT,300.49,13.37,D
-15.15639,129.97112,339.54,0.34,0.56,2026-05-13,05:38,N,nominal,2.0NRT,296.65,4.55,D
-15.15771,129.96446,341.28,0.34,0.56,2026-05-13,05:38,N,nominal,2.0NRT,296.6,14.94,D
-15.15892,129.9584,344.87,0.34,0.56,2026-05-13,05:38,N,nominal,2.0NRT,297.22,13.37,D
-15.12553,130.09865,367,0.34,0.56,2026-05-13,05:38,N,high,2.0NRT,295.61,7.38,D
-15.02914,130.57719,339.87,0.37,0.58,2026-05-13,05:38,N,nominal,2.0NRT,296.28,5.43,D
-15.15301,129.96121,340.63,0.34,0.56,2026-05-13,05:38,N,nominal,2.0NRT,296.76,3.7,D
-15.15361,129.95816,332.63,0.34,0.56,2026-05-13,05:38,N,nominal,2.0NRT,296.36,3.7,D
-15.02376,130.57617,367,0.37,0.58,2026-05-13,05:38,N,high,2.0NRT,296.81,5.43,D
-15.13015,130.04866,335.78,0.34,0.56,2026-05-13,05:38,N,nominal,2.0NRT,297.07,2.26,D
-15.13083,130.04523,330.13,0.34,0.56,2026-05-13,05:38,N,nominal,2.0NRT,297.02,2.26,D
-15.13144,130.04221,331,0.34,0.56,2026-05-13,05:38,N,nominal,2.0NRT,296.45,2.2,D
-15.1274,130.03548,338.06,0.34,0.56,2026-05-13,05:38,N,nominal,2.0NRT,296.1,3.02,D
-15.12803,130.03235,331.51,0.34,0.56,2026-05-13,05:38,N,nominal,2.0NRT,294.66,3.02,D
-15.12347,130.02821,333.27,0.34,0.56,2026-05-13,05:38,N,nominal,2.0NRT,295.32,3.5,D
-15.89324,125.93848,333.09,0.55,0.43,2026-05-13,05:38,N,nominal,2.0NRT,299.19,4.41,D
-15.79115,126.47885,341.59,0.4,0.44,2026-05-13,05:38,N,nominal,2.0NRT,300.7,3.86,D
-15.83038,126.26368,348.78,0.38,0.43,2026-05-13,05:38,N,nominal,2.0NRT,302.3,11.75,D
-15.83104,126.26008,353.02,0.38,0.43,2026-05-13,05:38,N,nominal,2.0NRT,309.57,43.92,D
-15.83169,126.25647,351.49,0.38,0.43,2026-05-13,05:38,N,nominal,2.0NRT,309.57,43.92,D
-15.83235,126.25288,354.36,0.38,0.43,2026-05-13,05:38,N,nominal,2.0NRT,308.61,26.66,D
-15.833,126.24931,350.84,0.38,0.43,2026-05-13,05:38,N,nominal,2.0NRT,303.36,26.66,D
-15.88932,125.93773,350.26,0.55,0.43,2026-05-13,05:38,N,nominal,2.0NRT,301.87,7.69,D
-15.82899,126.24859,357.01,0.38,0.43,2026-05-13,05:38,N,nominal,2.0NRT,298.78,26.66,D
-15.8854,125.93697,332.68,0.55,0.43,2026-05-13,05:38,N,nominal,2.0NRT,300.17,7.69,D
-15.88632,125.93186,333.86,0.55,0.43,2026-05-13,05:38,N,nominal,2.0NRT,300.58,5.43,D
-15.88978,125.94028,346.85,0.55,0.43,2026-05-13,05:38,N,nominal,2.0NRT,301.25,10.5,D
-15.79186,126.47844,337.79,0.4,0.44,2026-05-13,05:38,N,nominal,2.0NRT,300.13,3.58,D
-15.82964,126.26278,352.1,0.38,0.43,2026-05-13,05:38,N,nominal,2.0NRT,303.02,13.95,D
-15.83027,126.25916,352.95,0.38,0.43,2026-05-13,05:38,N,nominal,2.0NRT,309.38,43.56,D
-15.8309,126.25555,352.74,0.38,0.43,2026-05-13,05:38,N,nominal,2.0NRT,308.7,43.56,D
-15.83152,126.25195,353.58,0.38,0.43,2026-05-13,05:38,N,nominal,2.0NRT,310.44,38.54,D
-15.83215,126.24837,351.02,0.38,0.43,2026-05-13,05:38,N,nominal,2.0NRT,303.78,38.54,D
-15.88674,125.93439,351.31,0.55,0.43,2026-05-13,05:38,N,nominal,2.0NRT,301.35,10.33,D
-15.12712,130.03346,346.33,0.34,0.56,2026-05-13,05:38,N,nominal,2.0NRT,295.87,5.82,D
-15.12315,130.02614,336.15,0.34,0.56,2026-05-13,05:38,N,nominal,2.0NRT,295.51,3.29,D
-15.80514,126.28429,334.83,0.39,0.44,2026-05-13,05:38,N,nominal,2.0NRT,297.84,5.9,D
-15.80577,126.28072,345.96,0.39,0.44,2026-05-13,05:38,N,nominal,2.0NRT,301.78,5.9,D
-15.8689,125.92046,343.34,0.55,0.43,2026-05-13,05:38,N,nominal,2.0NRT,299.43,14.95,D
-15.8698,125.91533,348.02,0.55,0.43,2026-05-13,05:38,N,nominal,2.0NRT,304.45,14.95,D
-15.80113,126.28356,354.01,0.39,0.44,2026-05-13,05:38,N,nominal,2.0NRT,304.09,62.54,D
-15.86588,125.91459,333.65,0.55,0.43,2026-05-13,05:38,N,nominal,2.0NRT,298.46,6.3,D
-16.24893,123.64989,339.62,0.43,0.38,2026-05-13,05:38,N,nominal,2.0NRT,303.48,8.45,D
-16.24544,123.64926,352.4,0.43,0.38,2026-05-13,05:38,N,nominal,2.0NRT,307.49,8.45,D
-16.2461,123.64528,348.43,0.43,0.38,2026-05-13,05:38,N,nominal,2.0NRT,302.88,8.45,D
-14.98946,130.56944,340.66,0.37,0.58,2026-05-13,05:38,N,nominal,2.0NRT,296.16,3.16,D
-15.07251,130.14752,334.61,0.35,0.57,2026-05-13,05:38,N,nominal,2.0NRT,296.77,2.14,D
-15.07313,130.14439,334.32,0.35,0.57,2026-05-13,05:38,N,nominal,2.0NRT,296.7,2.14,D
-16.24196,123.6486,347.79,0.43,0.38,2026-05-13,05:38,N,nominal,2.0NRT,304.85,6.06,D
-16.24261,123.64466,337.03,0.43,0.38,2026-05-13,05:38,N,nominal,2.0NRT,306.16,6.06,D
-16.24326,123.6407,355.43,0.42,0.38,2026-05-13,05:38,N,nominal,2.0NRT,308.66,16.41,D
-16.24391,123.63673,348.83,0.42,0.38,2026-05-13,05:38,N,nominal,2.0NRT,307.94,16.41,D
-16.24456,123.63275,334.25,0.42,0.38,2026-05-13,05:38,N,nominal,2.0NRT,300.24,10.69,D
-14.98341,130.57179,332.07,0.37,0.58,2026-05-13,05:38,N,nominal,2.0NRT,295.75,3.16,D
-15.06733,130.14626,332.23,0.35,0.57,2026-05-13,05:38,N,nominal,2.0NRT,296.41,2.14,D
-16.23912,123.64404,344.84,0.43,0.38,2026-05-13,05:38,N,nominal,2.0NRT,305.75,6.06,D
-16.23977,123.6401,339.34,0.42,0.38,2026-05-13,05:38,N,nominal,2.0NRT,304.63,16.41,D
-16.24042,123.63615,332.23,0.42,0.38,2026-05-13,05:38,N,low,2.0NRT,302.26,16.41,D
-16.24107,123.63215,354.83,0.42,0.38,2026-05-13,05:38,N,nominal,2.0NRT,305.44,10.69,D
-16.24172,123.62819,335.06,0.42,0.38,2026-05-13,05:38,N,nominal,2.0NRT,299.7,10.69,D
-16.23824,123.62757,367,0.42,0.38,2026-05-13,05:38,N,high,2.0NRT,303.59,22.55,D
-15.58988,127.36384,343.83,0.45,0.47,2026-05-13,05:38,N,nominal,2.0NRT,299.74,9.52,D
-15.81711,126.09949,330.01,0.56,0.43,2026-05-13,05:38,N,low,2.0NRT,303.09,5.75,D
-16.23564,123.64342,348.04,0.43,0.38,2026-05-13,05:38,N,nominal,2.0NRT,305.28,13.07,D
-16.23628,123.63948,340.58,0.42,0.38,2026-05-13,05:38,N,nominal,2.0NRT,306.86,10.86,D
-16.23759,123.63155,331.14,0.42,0.38,2026-05-13,05:38,N,nominal,2.0NRT,301.77,22.55,D
-16.23344,123.63493,367,0.42,0.38,2026-05-13,05:38,N,high,2.0NRT,305.61,10.86,D
-16.2328,123.63887,349.14,0.42,0.38,2026-05-13,05:38,N,nominal,2.0NRT,303.72,10.86,D
-16.2341,123.63096,353.34,0.42,0.38,2026-05-13,05:38,N,nominal,2.0NRT,311.02,22.55,D
-16.23475,123.627,348.85,0.42,0.38,2026-05-13,05:38,N,nominal,2.0NRT,304.14,22.55,D
-14.94915,130.6313,343.24,0.38,0.58,2026-05-13,05:38,N,nominal,2.0NRT,295.61,4.16,D
-14.94357,130.57523,330.26,0.37,0.58,2026-05-13,05:38,N,nominal,2.0NRT,295.58,5.35,D
-14.94428,130.57172,332.03,0.37,0.58,2026-05-13,05:38,N,nominal,2.0NRT,295.49,1.64,D
-15.50828,127.65923,336.95,0.47,0.48,2026-05-13,05:38,N,nominal,2.0NRT,300.39,3.93,D
-15.50914,127.65461,335.55,0.47,0.48,2026-05-13,05:38,N,nominal,2.0NRT,301,8.37,D
-15.50645,127.64461,334.2,0.47,0.48,2026-05-13,05:38,N,nominal,2.0NRT,299.78,4.29,D
-14.91895,130.61395,331.18,0.38,0.58,2026-05-13,05:38,N,nominal,2.0NRT,296.46,3.52,D
-14.92032,130.60715,343.55,0.37,0.58,2026-05-13,05:38,N,nominal,2.0NRT,296.61,6.47,D
-14.921,130.60379,338.96,0.37,0.58,2026-05-13,05:38,N,nominal,2.0NRT,295.84,3.09,D
-14.94411,130.48936,342.48,0.37,0.58,2026-05-13,05:38,N,nominal,2.0NRT,296.74,4.71,D
-14.92098,130.5486,330.23,0.37,0.58,2026-05-13,05:38,N,nominal,2.0NRT,295.97,4.84,D
-14.92169,130.54507,337.61,0.37,0.58,2026-05-13,05:38,N,nominal,2.0NRT,295.4,3.24,D
-14.88046,130.66486,334.83,0.38,0.59,2026-05-13,05:38,N,nominal,2.0NRT,295.9,4.49,D
-15.70039,126.42661,353.69,0.39,0.44,2026-05-13,05:38,N,nominal,2.0NRT,304.02,7.09,D
-15.70107,126.42292,341.98,0.39,0.44,2026-05-13,05:38,N,nominal,2.0NRT,303.58,10.49,D
-15.70174,126.41926,357.38,0.39,0.44,2026-05-13,05:38,N,nominal,2.0NRT,306.21,10.49,D
-15.70239,126.41564,332.69,0.39,0.44,2026-05-13,05:38,N,nominal,2.0NRT,298.99,4.44,D
-15.69566,126.4296,342.86,0.39,0.44,2026-05-13,05:38,N,nominal,2.0NRT,301.58,7.09,D
-15.69633,126.42591,334.59,0.39,0.44,2026-05-13,05:38,N,nominal,2.0NRT,302.89,7.09,D
-15.697,126.42224,342.78,0.39,0.44,2026-05-13,05:38,N,nominal,2.0NRT,303.19,10.49,D
-15.69767,126.41858,352.76,0.39,0.44,2026-05-13,05:38,N,nominal,2.0NRT,303.8,10.49,D
-15.69833,126.41495,340.54,0.39,0.44,2026-05-13,05:38,N,nominal,2.0NRT,299.87,4.44,D
-15.74996,126.13054,345.68,0.57,0.43,2026-05-13,05:38,N,nominal,2.0NRT,301.55,9.27,D
-15.74887,126.11378,350.83,0.57,0.43,2026-05-13,05:38,N,nominal,2.0NRT,304.48,8.03,D
-15.74983,126.10847,333.37,0.57,0.43,2026-05-13,05:38,N,nominal,2.0NRT,299.15,8.03,D
-15.50293,127.42211,337.64,0.46,0.47,2026-05-13,05:38,N,nominal,2.0NRT,299.51,8.59,D
-15.50374,127.41779,339.82,0.46,0.47,2026-05-13,05:38,N,nominal,2.0NRT,299.9,3.39,D
-15.7449,126.11304,333.28,0.57,0.43,2026-05-13,05:38,N,nominal,2.0NRT,302.17,8.03,D
-15.74586,126.10773,338.59,0.57,0.43,2026-05-13,05:38,N,nominal,2.0NRT,300.39,8.03,D
-15.75309,126.12914,337.08,0.57,0.43,2026-05-13,05:38,N,nominal,2.0NRT,299.37,4.91,D
-15.74912,126.12836,331.65,0.57,0.43,2026-05-13,05:38,N,nominal,2.0NRT,301.31,4.91,D
-15.75098,126.11767,334.14,0.57,0.43,2026-05-13,05:38,N,nominal,2.0NRT,301.16,3.77,D
-15.75191,126.11233,333.39,0.57,0.43,2026-05-13,05:38,N,nominal,2.0NRT,299.49,3.77,D
-15.74793,126.11157,351.13,0.57,0.43,2026-05-13,05:38,N,nominal,2.0NRT,304.98,11.72,D
-15.74395,126.11084,338.03,0.57,0.43,2026-05-13,05:38,N,nominal,2.0NRT,300.26,11.72,D
-15.50234,127.42332,337.8,0.46,0.47,2026-05-13,05:38,N,nominal,2.0NRT,299.11,5.64,D
-15.50312,127.419,337.75,0.46,0.47,2026-05-13,05:38,N,nominal,2.0NRT,299.21,4.34,D
-14.87979,130.6647,340.37,0.38,0.59,2026-05-13,05:38,N,nominal,2.0NRT,295.5,5.68,D
-15.72335,126.13464,331.43,0.57,0.43,2026-05-13,05:38,N,nominal,2.0NRT,300.01,4.77,D
-15.72989,126.09733,336.22,0.57,0.43,2026-05-13,05:38,N,nominal,2.0NRT,300.75,9.27,D
-15.7203,126.12859,341.86,0.57,0.43,2026-05-13,05:38,N,nominal,2.0NRT,300.7,11.68,D
-15.72123,126.12327,333.94,0.57,0.43,2026-05-13,05:38,N,nominal,2.0NRT,301.55,6.35,D
-14.97908,130.10187,334.07,0.35,0.56,2026-05-13,05:38,N,nominal,2.0NRT,296.96,3.02,D
-15.71725,126.12253,335.07,0.57,0.43,2026-05-13,05:38,N,nominal,2.0NRT,298.67,6.35,D
-14.86424,130.65791,335.87,0.38,0.59,2026-05-13,05:38,N,nominal,2.0NRT,295.99,2.98,D
-14.8588,130.65692,330.57,0.38,0.59,2026-05-13,05:38,N,nominal,2.0NRT,294.44,2.98,D
-14.85952,130.65329,346.72,0.38,0.59,2026-05-13,05:38,N,nominal,2.0NRT,295.71,2.98,D
-14.85479,130.64879,367,0.38,0.59,2026-05-13,05:38,N,high,2.0NRT,296.87,5.4,D
-14.87377,130.55322,340.16,0.37,0.58,2026-05-13,05:38,N,nominal,2.0NRT,295.67,3.5,D
-14.84933,130.6479,331.06,0.38,0.59,2026-05-13,05:38,N,nominal,2.0NRT,294.78,5.4,D
-14.85003,130.64436,339.06,0.38,0.59,2026-05-13,05:38,N,nominal,2.0NRT,296.07,5.4,D
-14.8902,130.38638,367,0.36,0.58,2026-05-13,05:38,N,high,2.0NRT,296.82,6.34,D
-14.84493,130.61359,330.96,0.38,0.58,2026-05-13,05:38,N,nominal,2.0NRT,295.24,5.16,D
-14.854,130.56813,335.69,0.37,0.58,2026-05-13,05:38,N,nominal,2.0NRT,295.24,2.46,D
-14.85684,130.55391,335.79,0.37,0.58,2026-05-13,05:38,N,nominal,2.0NRT,295.84,2.37,D
-14.85756,130.55032,330.63,0.37,0.58,2026-05-13,05:38,N,nominal,2.0NRT,295.43,2.37,D
-14.85827,130.54677,332.64,0.37,0.58,2026-05-13,05:38,N,nominal,2.0NRT,295.64,2.9,D
-14.88819,130.39651,334.79,0.36,0.58,2026-05-13,05:38,N,nominal,2.0NRT,297.75,5.69,D
-14.88886,130.39313,338.83,0.36,0.58,2026-05-13,05:38,N,nominal,2.0NRT,298.19,5.69,D
-14.88953,130.38974,345.1,0.36,0.58,2026-05-13,05:38,N,nominal,2.0NRT,298.24,6.34,D
-14.88555,130.38199,367,0.36,0.58,2026-05-13,05:38,N,high,2.0NRT,297.34,7.69,D
-14.8402,130.6091,332.67,0.38,0.58,2026-05-13,05:38,N,nominal,2.0NRT,296.39,3.16,D
-14.88353,130.39212,339.94,0.36,0.58,2026-05-13,05:38,N,nominal,2.0NRT,296.38,7.13,D
-14.88421,130.3887,334.67,0.36,0.58,2026-05-13,05:38,N,nominal,2.0NRT,297.13,7.61,D
-14.88488,130.38531,337.08,0.36,0.58,2026-05-13,05:38,N,nominal,2.0NRT,297.55,7.61,D
-14.56078,131.9523,367,0.47,0.64,2026-05-13,05:38,N,high,2.0NRT,294.72,10.77,D
-14.83547,130.60472,332.95,0.38,0.58,2026-05-13,05:38,N,nominal,2.0NRT,295.62,3.16,D
-14.88023,130.38089,352.89,0.36,0.58,2026-05-13,05:38,N,nominal,2.0NRT,296.11,7.69,D
-14.88091,130.3775,351.39,0.36,0.58,2026-05-13,05:38,N,nominal,2.0NRT,294.85,7.69,D
-14.6211,131.63074,330.3,0.44,0.63,2026-05-13,05:38,N,nominal,2.0NRT,292.62,3.11,D
-14.83425,130.58281,355.01,0.37,0.58,2026-05-13,05:38,N,nominal,2.0NRT,296.41,9.26,D
-14.61211,131.61595,348.31,0.44,0.62,2026-05-13,05:38,N,nominal,2.0NRT,293.07,9.44,D
-14.61719,131.59134,345.74,0.44,0.62,2026-05-13,05:38,N,nominal,2.0NRT,293.07,9.98,D
-14.60719,131.61063,367,0.44,0.62,2026-05-13,05:38,N,high,2.0NRT,293.39,9.44,D
-14.6123,131.58594,367,0.44,0.62,2026-05-13,05:38,N,high,2.0NRT,294.08,9.98,D
-14.61316,131.58177,367,0.44,0.62,2026-05-13,05:38,N,high,2.0NRT,292.58,10.49,D
-14.60803,131.60655,345.83,0.44,0.62,2026-05-13,05:38,N,nominal,2.0NRT,292.83,9.21,D
-14.61143,131.5901,337.01,0.44,0.62,2026-05-13,05:38,N,nominal,2.0NRT,293.12,9.98,D
-14.63981,131.45279,330.29,0.43,0.62,2026-05-13,05:38,N,nominal,2.0NRT,292.89,5,D
-14.60742,131.58049,367,0.44,0.62,2026-05-13,05:38,N,high,2.0NRT,295.23,15.17,D
-14.60483,131.59297,330.65,0.44,0.62,2026-05-13,05:38,N,nominal,2.0NRT,293.02,5.71,D
-14.60655,131.58467,338.61,0.44,0.62,2026-05-13,05:38,N,nominal,2.0NRT,292.71,25.37,D
-14.61257,131.55562,355.63,0.44,0.62,2026-05-13,05:38,N,nominal,2.0NRT,292.85,13.22,D
-14.63231,131.46028,330.67,0.43,0.62,2026-05-13,05:38,N,nominal,2.0NRT,293.38,3.72,D
-14.60683,131.55441,367,0.44,0.62,2026-05-13,05:38,N,high,2.0NRT,295.3,13.22,D
-14.60169,131.57916,337.05,0.44,0.62,2026-05-13,05:38,N,nominal,2.0NRT,293.18,15.17,D
-14.60108,131.55324,367,0.44,0.62,2026-05-13,05:38,N,high,2.0NRT,294.57,15.37,D
-14.88506,130.16476,330.36,0.35,0.57,2026-05-13,05:38,N,nominal,2.0NRT,296.45,3.52,D
-14.58937,131.58061,333.15,0.44,0.62,2026-05-13,05:38,N,nominal,2.0NRT,293.08,4.08,D
-14.59619,131.54787,335.44,0.44,0.62,2026-05-13,05:38,N,nominal,2.0NRT,291.84,15.37,D
-14.59706,131.54373,354.75,0.44,0.62,2026-05-13,05:38,N,nominal,2.0NRT,292.15,8.02,D
-14.88048,130.16042,344.58,0.35,0.57,2026-05-13,05:38,N,nominal,2.0NRT,296.57,3.52,D
-14.58301,131.55354,355.89,0.44,0.62,2026-05-13,05:38,N,nominal,2.0NRT,293.42,10.32,D
-15.67585,125.94881,331.06,0.56,0.43,2026-05-13,05:38,N,nominal,2.0NRT,300.06,3.79,D
-15.6719,125.94809,332.33,0.56,0.43,2026-05-13,05:38,N,nominal,2.0NRT,301.47,3.79,D
-14.60752,131.58046,367,0.44,0.62,2026-05-13,05:38,N,high,2.0NRT,295.69,15.48,D
-14.58742,131.68085,331.79,0.45,0.63,2026-05-13,05:38,N,nominal,2.0NRT,293.23,4.56,D
-14.60502,131.59297,330.25,0.44,0.62,2026-05-13,05:38,N,nominal,2.0NRT,292.87,5.81,D
-14.60668,131.58464,338.32,0.44,0.62,2026-05-13,05:38,N,nominal,2.0NRT,292.6,25.23,D
-14.63157,131.45996,330.21,0.43,0.62,2026-05-13,05:38,N,nominal,2.0NRT,293.3,3.46,D
-14.60675,131.55432,367,0.44,0.62,2026-05-13,05:38,N,high,2.0NRT,295.58,13.93,D
-14.60179,131.5791,337.3,0.44,0.62,2026-05-13,05:38,N,nominal,2.0NRT,293.01,15.48,D
-14.88095,130.16217,332.84,0.35,0.57,2026-05-13,05:38,N,nominal,2.0NRT,296.51,2.86,D
-14.88155,130.15907,332.28,0.35,0.57,2026-05-13,05:38,N,nominal,2.0NRT,296.36,2.86,D
-14.601,131.5531,367,0.44,0.62,2026-05-13,05:38,N,high,2.0NRT,294.11,14.64,D
-14.5895,131.58052,333.43,0.44,0.62,2026-05-13,05:38,N,nominal,2.0NRT,292.93,4.32,D
-14.59609,131.54773,334.71,0.44,0.62,2026-05-13,05:38,N,nominal,2.0NRT,291.64,14.64,D
-14.59693,131.54356,355.92,0.44,0.62,2026-05-13,05:38,N,nominal,2.0NRT,291.99,8.18,D
-14.58297,131.55336,355.69,0.44,0.62,2026-05-13,05:38,N,nominal,2.0NRT,293.38,12.34,D
-14.44876,132.15253,367,0.48,0.65,2026-05-13,05:38,N,high,2.0NRT,296.49,27.74,D
-14.44968,132.14801,350.54,0.48,0.65,2026-05-13,05:38,N,nominal,2.0NRT,292.41,27.74,D
-15.59999,126.12541,337.51,0.57,0.43,2026-05-13,05:38,N,nominal,2.0NRT,300.29,5.83,D
-14.44279,132.15121,342.13,0.48,0.65,2026-05-13,05:38,N,nominal,2.0NRT,292.51,8.28,D
-14.44371,132.14671,346.8,0.48,0.65,2026-05-13,05:38,N,nominal,2.0NRT,291.91,8.28,D
-14.84075,130.17247,332.2,0.35,0.57,2026-05-13,05:38,N,nominal,2.0NRT,295.09,2.97,D
-14.57752,131.46216,333.69,0.43,0.62,2026-05-13,05:38,N,nominal,2.0NRT,292.16,3.95,D
-14.42174,132.13231,336.07,0.48,0.65,2026-05-13,05:38,N,nominal,2.0NRT,288.87,4.76,D
-14.49813,131.64465,345.15,0.45,0.63,2026-05-13,05:38,N,nominal,2.0NRT,292.25,7.08,D
-14.49232,131.64349,353.41,0.45,0.63,2026-05-13,05:38,N,nominal,2.0NRT,291.53,7.08,D
-14.63676,130.94003,341.27,0.4,0.6,2026-05-13,05:38,N,nominal,2.0NRT,294.97,6.1,D
-15.55637,126.13877,330.98,0.57,0.43,2026-05-13,05:38,N,low,2.0NRT,302.75,3.49,D
-14.47986,131.64532,331.58,0.45,0.63,2026-05-13,05:38,N,nominal,2.0NRT,292.89,3.77,D
-14.48334,131.62857,340.83,0.44,0.63,2026-05-13,05:38,N,nominal,2.0NRT,293.71,12.84,D
-14.48419,131.62448,351.75,0.44,0.63,2026-05-13,05:38,N,nominal,2.0NRT,292.88,7.08,D
-14.47583,131.63562,339.41,0.45,0.63,2026-05-13,05:38,N,nominal,2.0NRT,294.16,20.16,D
-14.47669,131.63148,341.23,0.44,0.63,2026-05-13,05:38,N,nominal,2.0NRT,293.89,13.66,D
-14.60394,131.01581,330.75,0.4,0.6,2026-05-13,05:38,N,nominal,2.0NRT,293.57,4.57,D
-14.60472,131.01198,348.28,0.4,0.6,2026-05-13,05:38,N,nominal,2.0NRT,294.04,4.57,D
-14.47088,131.63039,367,0.44,0.63,2026-05-13,05:38,N,high,2.0NRT,295.46,13.66,D
-14.47174,131.62627,355.51,0.44,0.63,2026-05-13,05:38,N,nominal,2.0NRT,293.46,13.66,D
-14.59296,131.04102,330.7,0.41,0.6,2026-05-13,05:38,N,nominal,2.0NRT,293.02,2.51,D
-14.46419,131.63348,367,0.45,0.63,2026-05-13,05:38,N,high,2.0NRT,294.73,21.14,D
-14.46506,131.62933,342.93,0.44,0.63,2026-05-13,05:38,N,nominal,2.0NRT,292.17,6.29,D
-14.46594,131.62512,332.21,0.44,0.63,2026-05-13,05:38,N,nominal,2.0NRT,290.18,6.29,D
-14.58108,131.07045,349.12,0.41,0.6,2026-05-13,05:38,N,nominal,2.0NRT,294.47,6.75,D
-14.63727,130.79707,344.19,0.39,0.59,2026-05-13,05:38,N,nominal,2.0NRT,295.73,4.16,D
-15.54116,126.10861,332.32,0.57,0.43,2026-05-13,05:38,N,low,2.0NRT,302.76,6.38,D
-14.6044,130.92921,367,0.4,0.6,2026-05-13,05:38,N,high,2.0NRT,295.95,12.05,D
-14.58811,131.00824,344.26,0.4,0.6,2026-05-13,05:38,N,nominal,2.0NRT,293.91,5.68,D
-14.58889,131.00446,332.25,0.4,0.6,2026-05-13,05:38,N,nominal,2.0NRT,292.37,3.36,D
-14.60363,130.93292,344.44,0.4,0.6,2026-05-13,05:38,N,nominal,2.0NRT,295.03,12.62,D
-14.63253,130.79233,337.2,0.39,0.59,2026-05-13,05:38,N,nominal,2.0NRT,294.7,4.16,D
-15.55945,125.97314,334.5,0.56,0.43,2026-05-13,05:38,N,nominal,2.0NRT,299.78,4.75,D
-14.63941,130.8768,331.1,0.4,0.6,2026-05-13,05:38,N,nominal,2.0NRT,294.74,4.58,D
-14.64599,130.84329,335.86,0.39,0.6,2026-05-13,05:38,N,nominal,2.0NRT,293.94,2.82,D
-14.48452,131.6279,348.71,0.45,0.63,2026-05-13,05:38,N,nominal,2.0NRT,293.77,13.69,D
-14.48534,131.62381,336.07,0.44,0.63,2026-05-13,05:38,N,nominal,2.0NRT,292.35,5.88,D
-14.47622,131.63914,332.79,0.45,0.63,2026-05-13,05:38,N,nominal,2.0NRT,293.9,7.11,D
-14.47707,131.63495,338.11,0.45,0.63,2026-05-13,05:38,N,nominal,2.0NRT,293.43,7.11,D
-14.5979,131.02884,341.58,0.41,0.6,2026-05-13,05:38,N,nominal,2.0NRT,293.55,3.13,D
-14.60093,131.0135,339.8,0.4,0.6,2026-05-13,05:38,N,nominal,2.0NRT,293.39,4.64,D
-14.4721,131.62967,367,0.45,0.63,2026-05-13,05:38,N,high,2.0NRT,295.58,13.21,D
-14.47126,131.6338,335.17,0.45,0.63,2026-05-13,05:38,N,nominal,2.0NRT,293.56,7.11,D
-14.47292,131.62556,345.46,0.45,0.63,2026-05-13,05:38,N,nominal,2.0NRT,292.63,13.21,D
-14.58325,131.07344,335.08,0.41,0.6,2026-05-13,05:38,N,nominal,2.0NRT,293.47,2.71,D
-14.58402,131.06953,331.95,0.41,0.6,2026-05-13,05:38,N,nominal,2.0NRT,293.23,2.71,D
-14.63754,130.79913,330.43,0.39,0.59,2026-05-13,05:38,N,nominal,2.0NRT,293.88,3.25,D
-14.46544,131.63275,367,0.45,0.63,2026-05-13,05:38,N,high,2.0NRT,294.39,14.31,D
-14.46628,131.62857,367,0.45,0.63,2026-05-13,05:38,N,high,2.0NRT,292.45,13.95,D
-14.46712,131.62439,349.95,0.45,0.63,2026-05-13,05:38,N,nominal,2.0NRT,290.39,13.95,D
-14.6056,130.93166,353.14,0.4,0.6,2026-05-13,05:38,N,nominal,2.0NRT,295,9.91,D
-14.63278,130.79437,339.68,0.39,0.59,2026-05-13,05:38,N,nominal,2.0NRT,294.62,9.83,D
-14.58506,131.00597,367,0.4,0.6,2026-05-13,05:38,N,high,2.0NRT,294.04,9.25,D
-14.6008,130.92682,367,0.4,0.6,2026-05-13,05:38,N,high,2.0NRT,294.52,15.16,D
-14.62801,130.78963,367,0.39,0.59,2026-05-13,05:38,N,high,2.0NRT,294.64,9.83,D
-14.62873,130.786,367,0.39,0.59,2026-05-13,05:38,N,high,2.0NRT,297.34,10.7,D
-14.63017,130.77873,367,0.39,0.59,2026-05-13,05:38,N,high,2.0NRT,296.13,6.67,D
-14.45962,131.63168,353.61,0.45,0.63,2026-05-13,05:38,N,nominal,2.0NRT,293.45,14.31,D
-14.60006,130.93053,338.38,0.4,0.6,2026-05-13,05:38,N,nominal,2.0NRT,293.72,9.91,D
-14.62945,130.78236,334.01,0.39,0.59,2026-05-13,05:38,N,nominal,2.0NRT,295.25,10.7,D
-14.63089,130.77509,346.89,0.39,0.59,2026-05-13,05:38,N,nominal,2.0NRT,294.64,6.67,D
-14.44956,131.65157,346.6,0.45,0.63,2026-05-13,05:38,N,nominal,2.0NRT,293.52,5.85,D
-14.57647,131.02002,334.85,0.41,0.6,2026-05-13,05:38,N,nominal,2.0NRT,292.93,3.77,D
-14.62326,130.78482,353.77,0.39,0.59,2026-05-13,05:38,N,nominal,2.0NRT,294.86,5.54,D
-14.62398,130.7812,340.94,0.39,0.59,2026-05-13,05:38,N,nominal,2.0NRT,295.14,5.54,D
-14.56285,131.00124,353.24,0.4,0.6,2026-05-13,05:38,N,nominal,2.0NRT,294.39,8.15,D
-14.55958,130.98868,332.95,0.4,0.6,2026-05-13,05:38,N,nominal,2.0NRT,292.75,4.16,D
-14.56338,130.96979,335.24,0.4,0.6,2026-05-13,05:38,N,nominal,2.0NRT,293.31,5.32,D
-14.53556,131.07916,330.08,0.41,0.61,2026-05-13,05:38,N,nominal,2.0NRT,293.32,4.99,D
-14.55326,130.99133,332.98,0.4,0.6,2026-05-13,05:38,N,nominal,2.0NRT,293.31,9.65,D
-14.56908,130.91269,332.3,0.4,0.6,2026-05-13,05:38,N,nominal,2.0NRT,293.97,1.89,D
-14.52594,131.06915,352.86,0.41,0.61,2026-05-13,05:38,N,nominal,2.0NRT,294.49,6.88,D
-14.52671,131.06535,337.68,0.41,0.61,2026-05-13,05:38,N,nominal,2.0NRT,293.28,6.88,D
-14.52748,131.06152,343.27,0.41,0.6,2026-05-13,05:38,N,nominal,2.0NRT,293.83,6.08,D
-14.57606,130.82092,336.09,0.39,0.6,2026-05-13,05:38,N,nominal,2.0NRT,294.73,4.76,D
-14.52035,131.06805,339.07,0.41,0.61,2026-05-13,05:38,N,nominal,2.0NRT,293.27,4.15,D
-14.52113,131.06419,333.51,0.41,0.61,2026-05-13,05:38,N,nominal,2.0NRT,292.79,4.15,D
-14.51553,131.0631,343.49,0.41,0.61,2026-05-13,05:38,N,nominal,2.0NRT,292.69,4.15,D
-14.51632,131.05923,336.09,0.41,0.6,2026-05-13,05:38,N,nominal,2.0NRT,293.22,7.81,D
-14.51229,131.0504,367,0.41,0.6,2026-05-13,05:38,N,high,2.0NRT,294.18,8.21,D
-14.50599,131.08138,342.92,0.41,0.61,2026-05-13,05:38,N,nominal,2.0NRT,293.13,6.52,D
-14.51151,131.05426,341.07,0.41,0.6,2026-05-13,05:38,N,nominal,2.0NRT,292.45,8.48,D
-14.50118,131.07634,337.05,0.41,0.61,2026-05-13,05:38,N,nominal,2.0NRT,294.57,6.52,D
-14.50198,131.07242,353.72,0.41,0.61,2026-05-13,05:38,N,nominal,2.0NRT,294.61,8.75,D
-14.49638,131.07133,367,0.41,0.61,2026-05-13,05:38,N,high,2.0NRT,295.35,18.25,D
-14.49797,131.06357,351.26,0.41,0.61,2026-05-13,05:38,N,nominal,2.0NRT,292.34,8.14,D
-14.49238,131.06242,367,0.41,0.61,2026-05-13,05:38,N,high,2.0NRT,290.9,8.14,D
-14.53629,130.84746,338.76,0.4,0.6,2026-05-13,05:38,N,nominal,2.0NRT,294.06,3.49,D
-14.38475,131.46904,332.52,0.44,0.62,2026-05-13,05:38,N,nominal,2.0NRT,292.74,5.65,D
-14.40517,131.37093,333.9,0.43,0.62,2026-05-13,05:38,N,nominal,2.0NRT,292.59,5.66,D
-14.48109,131.0042,349.09,0.41,0.6,2026-05-13,05:38,N,nominal,2.0NRT,293.68,8.22,D
-14.49481,131.06235,367,0.41,0.61,2026-05-13,05:38,N,high,2.0NRT,294.34,15,D
-14.49404,131.06622,355.48,0.41,0.61,2026-05-13,05:38,N,nominal,2.0NRT,293.46,18.52,D
-14.53719,130.8468,340.85,0.4,0.6,2026-05-13,05:38,N,nominal,2.0NRT,294.09,4.54,D
-14.48314,131.00388,337.52,0.41,0.6,2026-05-13,05:38,N,nominal,2.0NRT,292.92,5.6,D
-14.38441,131.4687,333.7,0.44,0.62,2026-05-13,05:38,N,nominal,2.0NRT,293.12,5.64,D
-14.40415,131.37041,345.53,0.43,0.62,2026-05-13,05:38,N,nominal,2.0NRT,292.81,8.73,D
-14.47757,131.00275,346.41,0.41,0.6,2026-05-13,05:38,N,nominal,2.0NRT,292.97,5.6,D
-14.37701,131.47574,336.52,0.44,0.62,2026-05-13,05:38,N,nominal,2.0NRT,292.14,7.46,D
-14.37786,131.47157,335.01,0.44,0.62,2026-05-13,05:38,N,nominal,2.0NRT,292.92,6.32,D
-14.38036,131.45912,331.21,0.44,0.62,2026-05-13,05:38,N,nominal,2.0NRT,291.97,5.99,D
-14.37128,131.47449,348.03,0.44,0.62,2026-05-13,05:38,N,nominal,2.0NRT,293.11,7.46,D
-14.37212,131.47031,334.51,0.44,0.62,2026-05-13,05:38,N,nominal,2.0NRT,292.51,6.32,D
-14.37462,131.45793,347.37,0.44,0.62,2026-05-13,05:38,N,nominal,2.0NRT,291.54,5.99,D
-14.39115,131.37589,334.46,0.43,0.62,2026-05-13,05:38,N,nominal,2.0NRT,292.4,5.71,D
-14.39197,131.37186,348.26,0.43,0.62,2026-05-13,05:38,N,nominal,2.0NRT,292.6,8.92,D
-14.50526,130.80551,337.75,0.39,0.6,2026-05-13,05:38,N,nominal,2.0NRT,293.68,8.07,D
-14.38789,131.36258,339.67,0.43,0.62,2026-05-13,05:38,N,nominal,2.0NRT,292.62,6.5,D
-14.3887,131.3586,353.82,0.43,0.62,2026-05-13,05:38,N,nominal,2.0NRT,292.46,6.5,D
-14.3606,131.46806,354.33,0.44,0.62,2026-05-13,05:38,N,nominal,2.0NRT,292.97,11.62,D
-14.48907,130.82927,331.19,0.4,0.6,2026-05-13,05:38,N,nominal,2.0NRT,293.85,5.12,D
-14.48979,130.82567,345.81,0.39,0.6,2026-05-13,05:38,N,nominal,2.0NRT,294.57,6.09,D
-14.35485,131.4669,352.99,0.44,0.62,2026-05-13,05:38,N,nominal,2.0NRT,291.46,4.79,D
-14.35569,131.46274,334.54,0.44,0.62,2026-05-13,05:38,N,nominal,2.0NRT,291.85,4.79,D
-14.48425,130.82469,337.4,0.39,0.6,2026-05-13,05:38,N,nominal,2.0NRT,293.84,5.9,D
-15.26047,126.71906,346.7,0.42,0.45,2026-05-13,05:38,N,nominal,2.0NRT,295.97,9.1,D
-15.25631,126.71822,349.81,0.42,0.45,2026-05-13,05:38,N,nominal,2.0NRT,300.44,57.32,D
-14.29583,131.6675,331.92,0.45,0.63,2026-05-13,05:38,N,nominal,2.0NRT,293.27,5.19,D
-14.48107,130.75488,346.51,0.39,0.59,2026-05-13,05:38,N,nominal,2.0NRT,294.15,4.45,D
-15.22443,126.84641,333.37,0.43,0.46,2026-05-13,05:38,N,nominal,2.0NRT,300.78,6.37,D
-15.24873,126.71258,333.67,0.42,0.45,2026-05-13,05:38,N,nominal,2.0NRT,301.23,3.7,D
-15.24944,126.70864,330.89,0.42,0.45,2026-05-13,05:38,N,low,2.0NRT,302.17,3.7,D
-15.2217,126.83755,331.47,0.42,0.46,2026-05-13,05:38,N,nominal,2.0NRT,293.5,6.63,D
-15.24601,126.70387,331.65,0.42,0.45,2026-05-13,05:38,N,nominal,2.0NRT,300.24,3.89,D
-14.35157,131.24982,337.46,0.42,0.61,2026-05-13,05:38,N,nominal,2.0NRT,293.48,5.21,D
-15.20834,126.83935,331.64,0.42,0.46,2026-05-13,05:38,N,nominal,2.0NRT,301.38,2.98,D
-15.20708,126.82256,367,0.42,0.45,2026-05-13,05:38,N,high,2.0NRT,300.8,10.54,D
-14.34757,131.24052,343.97,0.42,0.61,2026-05-13,05:38,N,nominal,2.0NRT,292.64,9.01,D
-14.44744,130.75179,337.88,0.39,0.59,2026-05-13,05:38,N,nominal,2.0NRT,293.07,4.19,D
-14.53338,130.32652,349.88,0.37,0.58,2026-05-13,05:38,N,nominal,2.0NRT,295.11,7.16,D
-14.25244,131.67166,337.01,0.45,0.63,2026-05-13,05:38,N,nominal,2.0NRT,293.03,4.67,D
-14.25331,131.66747,330.44,0.45,0.63,2026-05-13,05:38,N,nominal,2.0NRT,291.36,4.67,D
-15.20289,126.82172,344.63,0.42,0.45,2026-05-13,05:38,N,nominal,2.0NRT,295.51,4.06,D
-14.38299,131.011,343.23,0.41,0.6,2026-05-13,05:38,N,nominal,2.0NRT,293.5,6.73,D
-14.37741,131.00987,333.71,0.41,0.6,2026-05-13,05:38,N,nominal,2.0NRT,292.94,5.77,D
-14.37819,131.00607,340.84,0.41,0.6,2026-05-13,05:38,N,nominal,2.0NRT,292.7,4.19,D
-15.13926,127.04755,335.01,0.44,0.46,2026-05-13,05:38,N,nominal,2.0NRT,297.58,2.5,D
-14.44828,130.75206,339.7,0.39,0.59,2026-05-13,05:38,N,nominal,2.0NRT,293.4,3.66,D
-14.53123,130.32578,346.01,0.37,0.58,2026-05-13,05:38,N,nominal,2.0NRT,294.41,4.22,D
-14.34617,131.2413,330.49,0.42,0.61,2026-05-13,05:38,N,nominal,2.0NRT,292.51,8.78,D
-14.24907,131.66794,335.25,0.45,0.63,2026-05-13,05:38,N,nominal,2.0NRT,291.42,9.85,D
-14.38009,131.01086,346.07,0.41,0.6,2026-05-13,05:38,N,nominal,2.0NRT,293.31,11.99,D
-14.38084,131.00706,350.58,0.41,0.6,2026-05-13,05:38,N,nominal,2.0NRT,293.09,6.75,D
-14.5019,130.334,333.36,0.37,0.58,2026-05-13,05:38,N,nominal,2.0NRT,294.68,3.02,D
-14.47724,130.3183,333.07,0.37,0.58,2026-05-13,05:38,N,nominal,2.0NRT,295.33,6.45,D
-14.47256,130.31392,367,0.37,0.58,2026-05-13,05:38,N,high,2.0NRT,295.97,6.45,D
-14.23365,131.38747,332.68,0.43,0.62,2026-05-13,05:38,N,nominal,2.0NRT,292.71,3.97,D
-15.06072,127.12673,341.29,0.45,0.47,2026-05-13,05:38,N,nominal,2.0NRT,298.65,5.39,D
-15.06149,127.12254,334.38,0.44,0.46,2026-05-13,05:38,N,nominal,2.0NRT,297.52,5.39,D
-14.4361,130.24675,331.51,0.36,0.58,2026-05-13,05:38,N,nominal,2.0NRT,295.28,3.75,D
-15.04712,127.05641,353.1,0.44,0.46,2026-05-13,05:38,N,nominal,2.0NRT,299.33,18.93,D
-15.11554,126.68468,334.66,0.42,0.45,2026-05-13,05:38,N,nominal,2.0NRT,300.06,3.78,D
-14.02796,132.17111,338.65,0.49,0.65,2026-05-13,05:38,N,nominal,2.0NRT,287.24,5.87,D
-14.52225,129.73497,335.57,0.33,0.56,2026-05-13,05:38,N,nominal,2.0NRT,295.83,1.95,D
-15.15427,126.42597,335.58,0.4,0.44,2026-05-13,05:38,N,nominal,2.0NRT,297.34,6.56,D
-14.43321,130.245,341.38,0.36,0.58,2026-05-13,05:38,N,nominal,2.0NRT,296.02,3.04,D
-15.13852,126.40363,337.84,0.4,0.44,2026-05-13,05:38,N,nominal,2.0NRT,302.11,8.03,D
-14.52042,129.7361,335.25,0.33,0.56,2026-05-13,05:38,N,nominal,2.0NRT,295.75,2.73,D
-14.52102,129.73299,349.54,0.33,0.56,2026-05-13,05:38,N,nominal,2.0NRT,295.88,2.73,D
-15.13443,126.40289,356.59,0.4,0.44,2026-05-13,05:38,N,nominal,2.0NRT,302.48,8.03,D
-15.13509,126.39912,331.73,0.4,0.44,2026-05-13,05:38,N,nominal,2.0NRT,301.67,4.71,D
-14.51588,129.73198,332.69,0.33,0.56,2026-05-13,05:38,N,nominal,2.0NRT,295.4,0.97,D
-15.13099,126.3984,340.92,0.4,0.44,2026-05-13,05:38,N,nominal,2.0NRT,300.32,4.81,D
-14.02683,132.17203,351.94,0.49,0.65,2026-05-13,05:38,N,nominal,2.0NRT,288.16,5.58,D
-14.02777,132.1674,335.22,0.49,0.65,2026-05-13,05:38,N,nominal,2.0NRT,285.61,5.58,D
-14.50593,129.75597,330.39,0.34,0.56,2026-05-13,05:38,N,nominal,2.0NRT,296.66,2.24,D
-15.01122,127.04556,340.77,0.44,0.46,2026-05-13,05:38,N,nominal,2.0NRT,298.44,8.85,D
-14.53975,129.52527,338.27,0.32,0.55,2026-05-13,05:38,N,nominal,2.0NRT,296.5,4.3,D
-14.53295,129.53331,367,0.32,0.55,2026-05-13,05:38,N,high,2.0NRT,297.9,6.07,D
-14.53236,129.53632,350.84,0.32,0.55,2026-05-13,05:38,N,nominal,2.0NRT,297.62,11.39,D
-14.53353,129.53027,345.47,0.32,0.55,2026-05-13,05:38,N,nominal,2.0NRT,296.43,6.07,D
-14.53411,129.52725,342.36,0.32,0.55,2026-05-13,05:38,N,nominal,2.0NRT,295.3,5.32,D
-14.52788,129.5323,347.74,0.32,0.55,2026-05-13,05:38,N,nominal,2.0NRT,295.3,6.07,D
-14.51865,129.55275,354.24,0.33,0.55,2026-05-13,05:38,N,nominal,2.0NRT,297.83,6.51,D
-14.52108,129.54024,355.85,0.32,0.55,2026-05-13,05:38,N,nominal,2.0NRT,297.63,6.87,D
-15.06273,126.63811,346.43,0.42,0.45,2026-05-13,05:38,N,nominal,2.0NRT,300.65,6.02,D
-14.47873,129.73099,337.24,0.34,0.56,2026-05-13,05:38,N,nominal,2.0NRT,295.2,2.85,D
-15.05787,126.64121,330.96,0.42,0.45,2026-05-13,05:38,N,nominal,2.0NRT,300.42,5.18,D
-14.97407,127.05547,334.29,0.44,0.46,2026-05-13,05:38,N,nominal,2.0NRT,298.83,4.48,D
-14.16354,131.20105,341.7,0.42,0.61,2026-05-13,05:38,N,nominal,2.0NRT,293.86,6.92,D
-14.1587,131.19582,341.01,0.42,0.61,2026-05-13,05:38,N,nominal,2.0NRT,292.76,6.98,D
-14.48554,129.53339,334.12,0.32,0.55,2026-05-13,05:38,N,nominal,2.0NRT,296.04,3.3,D
-14.32796,130.30118,336.68,0.37,0.58,2026-05-13,05:38,N,nominal,2.0NRT,295.01,4.73,D
-14.44689,129.67592,367,0.33,0.55,2026-05-13,05:38,N,high,2.0NRT,296.31,6.17,D
-14.44383,129.69138,335.79,0.33,0.56,2026-05-13,05:38,N,nominal,2.0NRT,295.13,4.25,D
-14.4475,129.67284,351.9,0.33,0.55,2026-05-13,05:38,N,nominal,2.0NRT,295.56,6.17,D
-14.45242,129.6479,350.93,0.33,0.55,2026-05-13,05:38,N,nominal,2.0NRT,296.08,6.79,D
-14.31313,130.31966,333.92,0.37,0.58,2026-05-13,05:38,N,nominal,2.0NRT,294.57,4.36,D
-14.43872,129.69026,344.93,0.33,0.56,2026-05-13,05:38,N,nominal,2.0NRT,296.2,6.62,D
-14.43934,129.68716,344.04,0.33,0.56,2026-05-13,05:38,N,nominal,2.0NRT,295.78,3.35,D
-14.43995,129.6841,335.33,0.33,0.56,2026-05-13,05:38,N,nominal,2.0NRT,295.32,3.35,D
-14.30846,130.31516,338.44,0.37,0.58,2026-05-13,05:38,N,nominal,2.0NRT,294.88,4.36,D
-14.30983,130.3084,338.84,0.37,0.58,2026-05-13,05:38,N,nominal,2.0NRT,294.65,3.34,D
-14.31601,130.27769,337.97,0.37,0.58,2026-05-13,05:38,N,nominal,2.0NRT,294.9,2.9,D
-14.31669,130.27429,337.79,0.37,0.58,2026-05-13,05:38,N,nominal,2.0NRT,294.6,2.9,D
-14.43484,129.68295,337.01,0.33,0.56,2026-05-13,05:38,N,nominal,2.0NRT,295.36,3.35,D
-14.46226,129.54448,340.67,0.33,0.55,2026-05-13,05:38,N,nominal,2.0NRT,295.89,2.41,D
-14.3038,130.31068,367,0.37,0.58,2026-05-13,05:38,N,high,2.0NRT,296.38,14.18,D
-14.30174,130.32091,339.97,0.37,0.58,2026-05-13,05:38,N,nominal,2.0NRT,295.73,7.83,D
-14.31135,130.27328,347.78,0.37,0.58,2026-05-13,05:38,N,nominal,2.0NRT,295.49,8.44,D
-14.4103,129.7795,331.83,0.34,0.56,2026-05-13,05:38,N,nominal,2.0NRT,295.92,3.15,D
-14.41094,129.77631,337.16,0.34,0.56,2026-05-13,05:38,N,nominal,2.0NRT,296.86,3.15,D
-14.41157,129.77313,333.64,0.34,0.56,2026-05-13,05:38,N,nominal,2.0NRT,296.07,4.47,D
-14.42974,129.68184,331.79,0.33,0.56,2026-05-13,05:38,N,nominal,2.0NRT,295.94,2.87,D
-14.43035,129.67877,331.56,0.33,0.55,2026-05-13,05:38,N,nominal,2.0NRT,294.95,1.59,D
-14.29776,130.313,367,0.37,0.58,2026-05-13,05:38,N,high,2.0NRT,295.67,11.75,D
-14.29845,130.30962,367,0.37,0.58,2026-05-13,05:38,N,high,2.0NRT,296.37,14.18,D
-14.29914,130.30621,367,0.37,0.58,2026-05-13,05:38,N,high,2.0NRT,298.19,14.18,D
-14.306,130.27226,367,0.37,0.58,2026-05-13,05:38,N,high,2.0NRT,295.58,8.44,D
-14.30669,130.26886,367,0.37,0.58,2026-05-13,05:38,N,high,2.0NRT,296.18,18.17,D
-14.27661,130.41748,335.97,0.37,0.58,2026-05-13,05:38,N,nominal,2.0NRT,294.84,4.14,D
-14.29707,130.31644,340.24,0.37,0.58,2026-05-13,05:38,N,nominal,2.0NRT,293.97,11.75,D
-14.30463,130.27905,338.84,0.37,0.58,2026-05-13,05:38,N,nominal,2.0NRT,294.42,4.84,D
-14.30531,130.27567,336.46,0.37,0.58,2026-05-13,05:38,N,nominal,2.0NRT,294.99,8.44,D
-14.40578,129.77527,336.44,0.34,0.56,2026-05-13,05:38,N,nominal,2.0NRT,295.83,3.15,D
-14.43812,129.61292,336.79,0.33,0.55,2026-05-13,05:38,N,nominal,2.0NRT,295.6,3.45,D
-14.31421,130.33235,331.19,0.37,0.58,2026-05-13,05:38,N,nominal,2.0NRT,294.28,4.61,D
-14.32285,130.28767,334.29,0.37,0.58,2026-05-13,05:38,N,nominal,2.0NRT,295.57,5.7,D
-14.43792,129.68762,349.59,0.33,0.56,2026-05-13,05:38,N,nominal,2.0NRT,296.23,8.34,D
-14.43852,129.68452,347.49,0.33,0.56,2026-05-13,05:38,N,nominal,2.0NRT,296.17,7.29,D
-14.31088,130.32082,332.6,0.37,0.58,2026-05-13,05:38,N,nominal,2.0NRT,295.4,6.86,D
-14.31154,130.31741,346.37,0.37,0.58,2026-05-13,05:38,N,nominal,2.0NRT,295.58,3.58,D
-14.45985,129.54453,338.44,0.33,0.55,2026-05-13,05:38,N,nominal,2.0NRT,295.46,4.11,D
-14.30685,130.31293,338.74,0.37,0.58,2026-05-13,05:38,N,nominal,2.0NRT,295.28,8.43,D
-14.30751,130.30952,334.57,0.37,0.58,2026-05-13,05:38,N,nominal,2.0NRT,294.54,4.66,D
-14.30817,130.30614,335.12,0.37,0.58,2026-05-13,05:38,N,nominal,2.0NRT,294.8,4.66,D
-14.31412,130.27541,337.42,0.37,0.58,2026-05-13,05:38,N,nominal,2.0NRT,295.35,5.33,D
-14.31479,130.272,342.3,0.37,0.58,2026-05-13,05:38,N,nominal,2.0NRT,294.2,5.33,D
-14.40467,129.80571,339.85,0.34,0.56,2026-05-13,05:38,N,nominal,2.0NRT,296.11,2.78,D
-14.41078,129.77383,345.85,0.34,0.56,2026-05-13,05:38,N,nominal,2.0NRT,296.49,4.78,D
-14.42888,129.6792,339.5,0.33,0.56,2026-05-13,05:38,N,nominal,2.0NRT,295.79,3.92,D
-14.44129,129.61424,333.89,0.33,0.55,2026-05-13,05:38,N,nominal,2.0NRT,295.7,3.79,D
-14.30217,130.30843,367,0.37,0.58,2026-05-13,05:38,N,high,2.0NRT,295.81,4.66,D
-14.2995,130.32211,331.76,0.37,0.58,2026-05-13,05:38,N,nominal,2.0NRT,294.19,10.12,D
-14.30084,130.31525,344.01,0.37,0.58,2026-05-13,05:38,N,nominal,2.0NRT,296.01,8.43,D
-14.30944,130.27098,345.64,0.37,0.58,2026-05-13,05:38,N,nominal,2.0NRT,295.02,5.33,D
-14.31011,130.26753,333.38,0.37,0.58,2026-05-13,05:38,N,nominal,2.0NRT,293.99,5.21,D
-14.39951,129.80461,330.76,0.34,0.56,2026-05-13,05:38,N,nominal,2.0NRT,294.18,2.78,D
-14.40501,129.77599,333.24,0.34,0.56,2026-05-13,05:38,N,nominal,2.0NRT,296.93,4.78,D
-14.29615,130.31073,367,0.37,0.58,2026-05-13,05:38,N,high,2.0NRT,295.01,9.47,D
-14.29682,130.30733,367,0.37,0.58,2026-05-13,05:38,N,high,2.0NRT,296.49,14.86,D
-14.30409,130.26996,367,0.37,0.58,2026-05-13,05:38,N,high,2.0NRT,294.11,9.66,D
-14.27574,130.41545,337.54,0.37,0.58,2026-05-13,05:38,N,nominal,2.0NRT,295.22,3.42,D
-14.29549,130.31415,339.44,0.37,0.58,2026-05-13,05:38,N,nominal,2.0NRT,293.89,9.47,D
-14.29748,130.30394,354.43,0.37,0.58,2026-05-13,05:38,N,nominal,2.0NRT,294.21,14.86,D
-14.29881,130.29712,349.28,0.37,0.58,2026-05-13,05:38,N,nominal,2.0NRT,294.64,4.74,D
-14.30277,130.27675,332.85,0.37,0.58,2026-05-13,05:38,N,nominal,2.0NRT,293.79,3.74,D
-14.30343,130.27335,343,0.37,0.58,2026-05-13,05:38,N,nominal,2.0NRT,294.47,9.66,D
-14.30476,130.26653,348.67,0.37,0.58,2026-05-13,05:38,N,nominal,2.0NRT,292.97,6.92,D
-14.39863,129.7813,331,0.34,0.56,2026-05-13,05:38,N,nominal,2.0NRT,295.99,12.76,D
-14.39985,129.77493,331.98,0.34,0.56,2026-05-13,05:38,N,nominal,2.0NRT,296.3,6.73,D
-14.39408,129.77707,367,0.34,0.56,2026-05-13,05:38,N,high,2.0NRT,297.98,12.76,D
-14.39469,129.7739,367,0.34,0.56,2026-05-13,05:38,N,high,2.0NRT,296.24,6.73,D
-14.41469,129.67,367,0.33,0.56,2026-05-13,05:38,N,high,2.0NRT,296.52,9.08,D
-14.26771,130.39925,367,0.37,0.58,2026-05-13,05:38,N,high,2.0NRT,296.02,12.86,D
-14.39936,129.72192,367,0.34,0.56,2026-05-13,05:38,N,high,2.0NRT,296.3,6.75,D
-14.39875,129.72508,337.48,0.34,0.56,2026-05-13,05:38,N,nominal,2.0NRT,294.69,7.27,D
-14.40956,129.66898,338.84,0.33,0.56,2026-05-13,05:38,N,nominal,2.0NRT,294.89,19.52,D
-14.41016,129.66586,356.28,0.33,0.55,2026-05-13,05:38,N,nominal,2.0NRT,299.32,14.2,D
-14.26302,130.39459,367,0.37,0.58,2026-05-13,05:38,N,high,2.0NRT,296.14,16.34,D
-14.40504,129.66481,367,0.33,0.55,2026-05-13,05:38,N,high,2.0NRT,295.91,14.2,D
-14.26233,130.39812,346.91,0.37,0.58,2026-05-13,05:38,N,nominal,2.0NRT,294.86,12.86,D
-14.28342,130.29054,331.23,0.37,0.58,2026-05-13,05:38,N,nominal,2.0NRT,295.4,4.69,D
-14.39485,129.71761,351.07,0.34,0.56,2026-05-13,05:38,N,nominal,2.0NRT,296.06,6.75,D
-14.39609,129.71123,334.76,0.34,0.56,2026-05-13,05:38,N,nominal,2.0NRT,295.02,5.07,D
-14.38972,129.71651,333.35,0.34,0.56,2026-05-13,05:38,N,nominal,2.0NRT,295.32,2.48,D
-14.39096,129.71013,333.65,0.34,0.56,2026-05-13,05:38,N,nominal,2.0NRT,296.58,4.96,D
-14.39157,129.70694,335.49,0.34,0.56,2026-05-13,05:38,N,nominal,2.0NRT,296.42,6.89,D
-14.88636,127.06493,332.57,0.44,0.46,2026-05-13,05:38,N,nominal,2.0NRT,299.93,5.89,D
-14.88787,127.05659,330.04,0.44,0.46,2026-05-13,05:38,N,nominal,2.0NRT,294.97,4.98,D
-14.38703,129.70287,367,0.34,0.56,2026-05-13,05:38,N,high,2.0NRT,298.21,6.89,D
-14.39541,129.65961,367,0.33,0.55,2026-05-13,05:38,N,high,2.0NRT,295.87,11.52,D
-14.3846,129.71541,331.94,0.34,0.56,2026-05-13,05:38,N,nominal,2.0NRT,295.32,2.48,D
-14.38583,129.70908,335.07,0.34,0.56,2026-05-13,05:38,N,nominal,2.0NRT,295.97,4.96,D
-14.38643,129.70595,331.13,0.34,0.56,2026-05-13,05:38,N,nominal,2.0NRT,295.74,6.89,D
-14.39602,129.65645,334.79,0.33,0.55,2026-05-13,05:38,N,nominal,2.0NRT,295.34,3.74,D
-14.88208,127.06413,341.3,0.44,0.46,2026-05-13,05:38,N,nominal,2.0NRT,298.39,5.89,D
-14.88283,127.05996,339.64,0.44,0.46,2026-05-13,05:38,N,nominal,2.0NRT,295.62,4.98,D
-14.88359,127.05576,345.29,0.44,0.46,2026-05-13,05:38,N,nominal,2.0NRT,294.67,4.98,D
-14.88435,127.05159,341.2,0.44,0.46,2026-05-13,05:38,N,nominal,2.0NRT,298.92,5.09,D
-14.37947,129.71431,339.55,0.34,0.56,2026-05-13,05:38,N,nominal,2.0NRT,295.62,9.21,D
-14.3801,129.71109,344.6,0.34,0.56,2026-05-13,05:38,N,nominal,2.0NRT,297.08,5.45,D
-14.38072,129.70787,346.42,0.34,0.56,2026-05-13,05:38,N,nominal,2.0NRT,294.83,5.45,D
-14.39089,129.65546,333.39,0.33,0.55,2026-05-13,05:38,N,nominal,2.0NRT,294.83,5.39,D
-14.39151,129.6523,336.88,0.33,0.55,2026-05-13,05:38,N,nominal,2.0NRT,295.19,5.39,D
-14.38134,129.7047,356.77,0.34,0.56,2026-05-13,05:38,N,low,2.0NRT,291.19,22.59,D
-14.38193,129.70164,356.84,0.34,0.56,2026-05-13,05:38,N,low,2.0NRT,296.13,22.59,D
-14.387,129.64812,367,0.33,0.55,2026-05-13,05:38,N,high,2.0NRT,296.13,5.71,D
-14.37496,129.71001,355.26,0.34,0.56,2026-05-13,05:38,N,nominal,2.0NRT,294.09,5.45,D
-14.3756,129.70676,344.33,0.34,0.56,2026-05-13,05:38,N,nominal,2.0NRT,290.33,5.45,D
-14.37921,129.68819,351.36,0.33,0.56,2026-05-13,05:38,N,nominal,2.0NRT,294.22,6.64,D
-14.3804,129.68207,335.4,0.33,0.56,2026-05-13,05:38,N,nominal,2.0NRT,294.32,8.15,D
-14.38099,129.67902,350.6,0.33,0.56,2026-05-13,05:38,N,nominal,2.0NRT,295.29,5.29,D
-14.38761,129.64496,337.09,0.33,0.55,2026-05-13,05:38,N,nominal,2.0NRT,294.72,5.71,D
-14.39598,129.6019,343.65,0.33,0.55,2026-05-13,05:38,N,nominal,2.0NRT,295.57,4.54,D
-14.24711,130.33365,337.31,0.37,0.58,2026-05-13,05:38,N,nominal,2.0NRT,293.61,1.86,D
-14.39087,129.60091,343.82,0.33,0.55,2026-05-13,05:38,N,nominal,2.0NRT,295.32,5.41,D
-14.25878,130.24657,339.26,0.37,0.58,2026-05-13,05:38,N,nominal,2.0NRT,294.26,4.67,D
-14.36342,129.71445,332.18,0.34,0.56,2026-05-13,05:38,N,nominal,2.0NRT,295.58,6.81,D
-14.3792,129.63359,335.15,0.33,0.55,2026-05-13,05:38,N,nominal,2.0NRT,294.77,2.12,D
-14.37409,129.63255,367,0.33,0.55,2026-05-13,05:38,N,high,2.0NRT,299.81,7.47,D
-14.25346,130.24544,334.67,0.37,0.58,2026-05-13,05:38,N,nominal,2.0NRT,295.29,6.24,D
-14.25481,130.23863,334.07,0.37,0.58,2026-05-13,05:38,N,nominal,2.0NRT,294.66,7.31,D
-14.25549,130.2352,339.97,0.36,0.58,2026-05-13,05:38,N,nominal,2.0NRT,294.04,6.39,D
-14.25685,130.22835,333.83,0.36,0.58,2026-05-13,05:38,N,nominal,2.0NRT,294.3,3.73,D
-14.3747,129.62943,342.41,0.33,0.55,2026-05-13,05:38,N,nominal,2.0NRT,294.31,7.47,D
-14.37438,129.60391,367,0.33,0.55,2026-05-13,05:38,N,high,2.0NRT,295.87,5.3,D
-14.25219,130.22392,339.38,0.36,0.58,2026-05-13,05:38,N,nominal,2.0NRT,294.58,3.73,D
-14.36899,129.63147,347.92,0.33,0.55,2026-05-13,05:38,N,nominal,2.0NRT,294.5,7.47,D
-14.3696,129.62834,346.09,0.33,0.55,2026-05-13,05:38,N,nominal,2.0NRT,294.21,7.47,D
-14.37021,129.62524,331.61,0.33,0.55,2026-05-13,05:38,N,nominal,2.0NRT,293.27,6.17,D
-14.37318,129.61003,342.42,0.33,0.55,2026-05-13,05:38,N,nominal,2.0NRT,293.32,6.15,D
-14.37378,129.60696,337.94,0.33,0.55,2026-05-13,05:38,N,nominal,2.0NRT,293.52,5.3,D
-14.24752,130.21956,339.15,0.36,0.58,2026-05-13,05:38,N,nominal,2.0NRT,294.61,3.17,D
-14.2482,130.21614,336.65,0.36,0.58,2026-05-13,05:38,N,nominal,2.0NRT,293.67,3.17,D
-14.12907,130.7823,338.26,0.4,0.6,2026-05-13,05:38,N,nominal,2.0NRT,294.8,3.86,D
-14.24015,130.22874,341.16,0.36,0.58,2026-05-13,05:38,N,nominal,2.0NRT,294.66,6.79,D
-14.34156,129.71686,330.3,0.34,0.56,2026-05-13,05:38,N,nominal,2.0NRT,294.32,6.39,D
-14.34282,129.71048,330.08,0.34,0.56,2026-05-13,05:38,N,nominal,2.0NRT,294.94,2.12,D
-14.34345,129.70728,333.55,0.34,0.56,2026-05-13,05:38,N,nominal,2.0NRT,295.45,2.12,D
-14.31637,129.81732,367,0.34,0.56,2026-05-13,05:38,N,high,2.0NRT,296.88,4.57,D
-14.20308,130.38634,331.41,0.37,0.58,2026-05-13,05:38,N,nominal,2.0NRT,293.76,6.11,D
-14.20377,130.38286,348.34,0.37,0.58,2026-05-13,05:38,N,nominal,2.0NRT,293.68,4.45,D
-14.26718,130.03781,341.63,0.35,0.57,2026-05-13,05:38,N,nominal,2.0NRT,295.03,2.61,D
-14.3112,129.81621,337.77,0.34,0.56,2026-05-13,05:38,N,nominal,2.0NRT,295.25,4.57,D
-14.88602,126.80132,334.53,0.43,0.46,2026-05-13,05:38,N,nominal,2.0NRT,299.15,5.59,D
-14.88824,126.78922,339.35,0.43,0.46,2026-05-13,05:38,N,nominal,2.0NRT,298.5,4.71,D
-14.30346,129.82811,335.6,0.34,0.56,2026-05-13,05:38,N,nominal,2.0NRT,295.54,2.8,D
-14.33609,129.66341,330.04,0.33,0.56,2026-05-13,05:38,N,nominal,2.0NRT,294.34,3.25,D
-14.2944,129.81944,341.66,0.34,0.56,2026-05-13,05:38,N,nominal,2.0NRT,295.07,4.36,D
-14.88881,126.71497,333.16,0.42,0.45,2026-05-13,05:38,N,nominal,2.0NRT,298.32,3.46,D
-14.10217,130.74486,330.15,0.4,0.6,2026-05-13,05:38,N,nominal,2.0NRT,294.09,2.94,D
-14.10294,130.74109,332.3,0.4,0.6,2026-05-13,05:38,N,nominal,2.0NRT,293.85,2.94,D
-14.29176,129.80568,344.69,0.34,0.56,2026-05-13,05:38,N,nominal,2.0NRT,292.4,5.13,D
-14.29424,129.8175,342.7,0.34,0.56,2026-05-13,05:38,N,nominal,2.0NRT,293.84,3.07,D
-14.29089,129.80693,331.73,0.34,0.56,2026-05-13,05:38,N,nominal,2.0NRT,291.63,4.6,D
-14.29151,129.80373,339.21,0.34,0.56,2026-05-13,05:38,N,nominal,2.0NRT,293.99,2.6,D
-14.097,130.7469,340.98,0.4,0.6,2026-05-13,05:38,N,nominal,2.0NRT,294.83,5.91,D
-14.0991,130.73624,350.89,0.4,0.6,2026-05-13,05:38,N,nominal,2.0NRT,295.88,5.11,D
-14.0998,130.7327,333.59,0.4,0.6,2026-05-13,05:38,N,nominal,2.0NRT,294.48,5.11,D
-14.30163,129.66747,334.09,0.33,0.56,2026-05-13,05:38,N,nominal,2.0NRT,294.72,1.64,D
-14.17468,130.26521,343.59,0.37,0.58,2026-05-13,05:38,N,nominal,2.0NRT,296.16,6.27,D
-14.18013,130.23741,344.69,0.37,0.58,2026-05-13,05:38,N,nominal,2.0NRT,296.1,7.14,D
-14.18077,130.23409,339.32,0.37,0.58,2026-05-13,05:38,N,nominal,2.0NRT,295.96,6.03,D
-14.18536,130.21066,334.83,0.36,0.58,2026-05-13,05:38,N,nominal,2.0NRT,294.95,4.69,D
-13.95918,131.26242,345.35,0.43,0.62,2026-05-13,05:38,N,nominal,2.0NRT,294.73,6.88,D
-13.95348,131.2612,367,0.43,0.62,2026-05-13,05:38,N,high,2.0NRT,294.62,10.96,D
-14.12973,130.23958,367,0.37,0.58,2026-05-13,05:38,N,high,2.0NRT,295.27,10.68,D
-14.24679,129.5668,367,0.33,0.55,2026-05-13,05:38,N,high,2.0NRT,296.2,5.11,D
-14.24741,129.56364,340.27,0.33,0.55,2026-05-13,05:38,N,nominal,2.0NRT,295.1,5.11,D
-14.70905,127.02877,334.95,0.44,0.46,2026-05-13,05:38,N,nominal,2.0NRT,299.14,3.51,D
-14.24533,129.56544,367,0.33,0.55,2026-05-13,05:38,N,high,2.0NRT,295.74,8.5,D
-14.24651,129.55922,331.5,0.33,0.55,2026-05-13,05:38,N,nominal,2.0NRT,295.05,2.23,D
-14.70732,127.0294,338.33,0.45,0.47,2026-05-13,05:38,N,nominal,2.0NRT,298.62,5.92,D
-14.70745,127.00386,340.39,0.44,0.46,2026-05-13,05:38,N,nominal,2.0NRT,294.1,5,D
-14.7002,127.01962,344.91,0.44,0.46,2026-05-13,05:38,N,nominal,2.0NRT,297.15,8.2,D
-14.70391,126.99892,333.52,0.44,0.46,2026-05-13,05:38,N,nominal,2.0NRT,298.08,5,D
-14.11866,130.08557,351.19,0.36,0.57,2026-05-13,05:38,N,nominal,2.0NRT,295.2,7.13,D
-14.70435,126.80088,344.48,0.43,0.46,2026-05-13,05:38,N,nominal,2.0NRT,300,8.83,D
-14.1372,129.65698,367,0.34,0.56,2026-05-13,05:38,N,high,2.0NRT,295.17,6.65,D
-14.13659,129.66011,346.73,0.34,0.56,2026-05-13,05:38,N,nominal,2.0NRT,294.6,6.65,D
-14.13083,129.66219,367,0.34,0.56,2026-05-13,05:38,N,high,2.0NRT,295.4,5.45,D
-14.12961,129.6684,354.82,0.34,0.56,2026-05-13,05:38,N,nominal,2.0NRT,295.55,8.95,D
-14.13022,129.6653,333.4,0.34,0.56,2026-05-13,05:38,N,nominal,2.0NRT,294.19,5.45,D
-14.13144,129.65907,336.29,0.34,0.56,2026-05-13,05:38,N,nominal,2.0NRT,293.52,6.13,D
-14.12569,129.66115,336.96,0.34,0.56,2026-05-13,05:38,N,nominal,2.0NRT,294.46,5.45,D
-14.12054,129.6601,367,0.34,0.56,2026-05-13,05:38,N,high,2.0NRT,296.01,12.06,D
-13.8224,131.14343,352.06,0.43,0.62,2026-05-13,05:38,N,nominal,2.0NRT,293.55,11.78,D
-14.11932,129.66632,342.2,0.34,0.56,2026-05-13,05:38,N,nominal,2.0NRT,294.58,5.16,D
-14.12116,129.65698,334.86,0.34,0.56,2026-05-13,05:38,N,nominal,2.0NRT,293.6,3.61,D
-14.65817,126.8382,343.52,0.43,0.46,2026-05-13,05:38,N,nominal,2.0NRT,294.46,6.05,D
-13.81673,131.14218,367,0.43,0.62,2026-05-13,05:38,N,high,2.0NRT,290.94,11.78,D
-13.81754,131.13824,367,0.43,0.62,2026-05-13,05:38,N,high,2.0NRT,293.26,17.96,D
-13.95477,130.46317,333.14,0.38,0.59,2026-05-13,05:38,N,nominal,2.0NRT,296.12,4.21,D
-13.95692,130.45253,332.1,0.38,0.59,2026-05-13,05:38,N,nominal,2.0NRT,294.03,2.18,D
-14.09904,129.74168,333.13,0.34,0.56,2026-05-13,05:38,N,nominal,2.0NRT,293.46,3.24,D
-14.10778,129.67055,367,0.34,0.56,2026-05-13,05:38,N,high,2.0NRT,297,6.82,D
-13.81187,131.13702,343.16,0.43,0.62,2026-05-13,05:38,N,nominal,2.0NRT,292.7,6.64,D
-13.94932,130.46213,337.15,0.38,0.59,2026-05-13,05:38,N,nominal,2.0NRT,294.33,5.12,D
-13.95004,130.45859,341.05,0.38,0.59,2026-05-13,05:38,N,nominal,2.0NRT,294.8,6.87,D
-13.95076,130.45503,338.41,0.38,0.59,2026-05-13,05:38,N,nominal,2.0NRT,294.86,6.87,D
-13.95148,130.45148,356.88,0.38,0.59,2026-05-13,05:38,N,nominal,2.0NRT,296.6,6,D
-13.9522,130.44791,356.74,0.38,0.59,2026-05-13,05:38,N,nominal,2.0NRT,296.17,6,D
-14.10529,129.68306,333.87,0.34,0.56,2026-05-13,05:38,N,nominal,2.0NRT,294.63,7.17,D
-14.10592,129.67992,335.9,0.34,0.56,2026-05-13,05:38,N,nominal,2.0NRT,293.97,6.32,D
-14.10716,129.67366,346.51,0.34,0.56,2026-05-13,05:38,N,nominal,2.0NRT,295.05,6.82,D
-13.80781,131.12796,367,0.42,0.61,2026-05-13,05:38,N,high,2.0NRT,295.56,13.6,D
-13.80862,131.12404,367,0.42,0.61,2026-05-13,05:38,N,high,2.0NRT,293.17,13.6,D
-13.94604,130.45041,367,0.38,0.59,2026-05-13,05:38,N,high,2.0NRT,294.41,6,D
-13.8062,131.1358,331.91,0.43,0.62,2026-05-13,05:38,N,nominal,2.0NRT,290.58,6.64,D
-13.807,131.13187,343.33,0.42,0.61,2026-05-13,05:38,N,nominal,2.0NRT,293.31,6.64,D
-13.80943,131.1201,337.28,0.42,0.61,2026-05-13,05:38,N,nominal,2.0NRT,291.69,4.43,D
-13.94676,130.44684,349.5,0.38,0.59,2026-05-13,05:38,N,nominal,2.0NRT,294.75,6,D
-14.10262,129.66956,335.32,0.34,0.56,2026-05-13,05:38,N,nominal,2.0NRT,293.53,6.82,D
-14.11957,129.6581,367,0.34,0.56,2026-05-13,05:38,N,high,2.0NRT,295.24,5.9,D
-14.11779,129.66743,337.24,0.34,0.56,2026-05-13,05:38,N,nominal,2.0NRT,294.23,5.91,D
-14.11897,129.66122,345.03,0.34,0.56,2026-05-13,05:38,N,nominal,2.0NRT,295.24,5.9,D
-13.821,131.14293,367,0.43,0.62,2026-05-13,05:38,N,high,2.0NRT,293.2,11.01,D
-14.10629,129.67166,367,0.34,0.56,2026-05-13,05:38,N,high,2.0NRT,297.26,9.58,D
-13.82178,131.13895,330.59,0.43,0.62,2026-05-13,05:38,N,nominal,2.0NRT,293.35,9.52,D
-13.95422,130.46208,334.07,0.38,0.59,2026-05-13,05:38,N,nominal,2.0NRT,295.86,4.51,D
-13.95628,130.45142,339.77,0.38,0.59,2026-05-13,05:38,N,nominal,2.0NRT,294.35,6.5,D
-14.1045,129.68109,354.45,0.34,0.56,2026-05-13,05:38,N,nominal,2.0NRT,295.14,7.85,D
-14.10689,129.66855,347.44,0.34,0.56,2026-05-13,05:38,N,nominal,2.0NRT,294.49,9.58,D
-13.81612,131.1377,367,0.43,0.62,2026-05-13,05:38,N,high,2.0NRT,292.69,9.52,D
-13.95084,130.45036,367,0.38,0.59,2026-05-13,05:38,N,high,2.0NRT,296.7,6.5,D
-13.95154,130.44679,367,0.38,0.59,2026-05-13,05:38,N,high,2.0NRT,296.48,6.5,D
-13.81533,131.14168,333.78,0.43,0.62,2026-05-13,05:38,N,nominal,2.0NRT,290.85,11.01,D
-13.94876,130.46104,342.03,0.38,0.59,2026-05-13,05:38,N,nominal,2.0NRT,294.07,4.51,D
-13.94946,130.45746,331.95,0.38,0.59,2026-05-13,05:38,N,nominal,2.0NRT,293.94,8.37,D
-13.95015,130.4539,348.28,0.38,0.59,2026-05-13,05:38,N,nominal,2.0NRT,294.83,8.37,D
-13.81044,131.13647,336,0.43,0.62,2026-05-13,05:38,N,nominal,2.0NRT,292.1,6.96,D
-13.94541,130.44926,339.46,0.38,0.59,2026-05-13,05:38,N,nominal,2.0NRT,293.85,2.83,D
-13.94611,130.44568,335.59,0.38,0.59,2026-05-13,05:38,N,nominal,2.0NRT,294.02,2.83,D
-13.80633,131.12735,367,0.43,0.62,2026-05-13,05:38,N,high,2.0NRT,295.5,19.23,D
-13.80712,131.12338,367,0.42,0.61,2026-05-13,05:38,N,high,2.0NRT,292.69,19.23,D
-13.80477,131.13525,332.12,0.43,0.62,2026-05-13,05:38,N,nominal,2.0NRT,289.21,6.96,D
-13.80555,131.13129,338.78,0.43,0.62,2026-05-13,05:38,N,nominal,2.0NRT,292.33,6.96,D
-13.80789,131.11948,340.94,0.42,0.61,2026-05-13,05:38,N,nominal,2.0NRT,291.57,5.5,D
-13.90099,130.64737,337.64,0.39,0.6,2026-05-13,05:38,N,nominal,2.0NRT,293.8,5.31,D
-13.90235,130.64046,348.39,0.39,0.6,2026-05-13,05:38,N,nominal,2.0NRT,294.67,8.35,D
-14.08475,129.70027,334.65,0.34,0.56,2026-05-13,05:38,N,nominal,2.0NRT,293.47,4.06,D
-13.80066,131.12613,336.4,0.43,0.62,2026-05-13,05:38,N,nominal,2.0NRT,289.58,2.65,D
-13.80144,131.12221,331.57,0.42,0.61,2026-05-13,05:38,N,nominal,2.0NRT,288.55,2.65,D
-13.79498,131.12497,330.94,0.43,0.62,2026-05-13,05:38,N,nominal,2.0NRT,286.96,2.65,D
-14.07168,129.68463,342.67,0.34,0.56,2026-05-13,05:38,N,nominal,2.0NRT,294.59,3.87,D
-14.06158,129.70914,332.3,0.34,0.56,2026-05-13,05:38,N,nominal,2.0NRT,293.99,3.22,D
-14.53224,127.20083,338.47,0.46,0.47,2026-05-13,05:38,N,nominal,2.0NRT,300.28,5.94,D
-14.06502,129.66367,367,0.34,0.56,2026-05-13,05:38,N,high,2.0NRT,294.99,3.77,D
-14.06563,129.66052,331.51,0.34,0.56,2026-05-13,05:38,N,nominal,2.0NRT,293.9,3.77,D
-13.81596,130.87271,338.79,0.41,0.61,2026-05-13,05:38,N,nominal,2.0NRT,291.18,5.06,D
-13.82953,130.80481,335.82,0.4,0.6,2026-05-13,05:38,N,nominal,2.0NRT,293,7.24,D
-14.04359,129.7188,337.39,0.34,0.56,2026-05-13,05:38,N,nominal,2.0NRT,294.52,3.11,D
-13.80961,130.87541,340.25,0.41,0.61,2026-05-13,05:38,N,nominal,2.0NRT,291.35,5.06,D
-14.0378,129.72093,334.06,0.34,0.56,2026-05-13,05:38,N,nominal,2.0NRT,294.94,6.39,D
-14.03843,129.71771,332.86,0.34,0.56,2026-05-13,05:38,N,nominal,2.0NRT,293.81,3.11,D
-13.98878,129.94373,333.6,0.35,0.57,2026-05-13,05:38,N,nominal,2.0NRT,294.64,5.34,D
-13.99264,129.92406,341.45,0.35,0.57,2026-05-13,05:38,N,nominal,2.0NRT,295.01,4.07,D
-13.98418,129.93933,367,0.35,0.57,2026-05-13,05:38,N,high,2.0NRT,297.15,5.34,D
-13.76796,131.02435,335.28,0.42,0.61,2026-05-13,05:38,N,nominal,2.0NRT,292.56,4.5,D
-13.98353,129.94266,330.68,0.35,0.57,2026-05-13,05:38,N,nominal,2.0NRT,294.99,5.34,D
-13.98483,129.93605,354.64,0.35,0.57,2026-05-13,05:38,N,nominal,2.0NRT,296.48,8.61,D
-13.98088,129.92836,330.26,0.35,0.57,2026-05-13,05:38,N,nominal,2.0NRT,294.95,10.11,D
-13.98345,129.91534,331.36,0.35,0.57,2026-05-13,05:38,N,nominal,2.0NRT,295,3.9,D
-13.98409,129.91208,341.83,0.35,0.57,2026-05-13,05:38,N,nominal,2.0NRT,294.7,3.9,D
-13.99829,129.83995,331.11,0.35,0.57,2026-05-13,05:38,N,nominal,2.0NRT,294.28,4.62,D
-14.02225,129.71794,332.02,0.34,0.56,2026-05-13,05:38,N,nominal,2.0NRT,293.86,2.62,D
-13.97628,129.92403,367,0.35,0.57,2026-05-13,05:38,N,high,2.0NRT,295.96,10.11,D
-13.97692,129.92078,367,0.35,0.57,2026-05-13,05:38,N,high,2.0NRT,296.45,12.16,D
-13.76777,130.96713,335.04,0.42,0.61,2026-05-13,05:38,N,nominal,2.0NRT,291.96,6.66,D
-13.9795,129.90775,331.79,0.35,0.57,2026-05-13,05:38,N,nominal,2.0NRT,293.27,2.21,D
-13.99309,129.83881,335.84,0.35,0.57,2026-05-13,05:38,N,nominal,2.0NRT,293.29,4.62,D
-13.99372,129.83562,350.13,0.35,0.57,2026-05-13,05:38,N,nominal,2.0NRT,294.24,6.88,D
-13.97168,129.91972,367,0.35,0.57,2026-05-13,05:38,N,high,2.0NRT,293.91,4.82,D
-13.76453,130.95418,334.71,0.41,0.61,2026-05-13,05:38,N,nominal,2.0NRT,290.39,3.39,D
-13.76532,130.95032,338.84,0.41,0.61,2026-05-13,05:38,N,nominal,2.0NRT,290.39,3.39,D
-13.97232,129.91649,336.49,0.35,0.57,2026-05-13,05:38,N,nominal,2.0NRT,293.79,4.82,D
-13.98725,129.84094,340.44,0.35,0.57,2026-05-13,05:38,N,nominal,2.0NRT,294.52,4.58,D
-13.96771,129.9122,339.33,0.35,0.57,2026-05-13,05:38,N,nominal,2.0NRT,292.81,2.62,D
-13.96836,129.90892,334.76,0.35,0.57,2026-05-13,05:38,N,nominal,2.0NRT,293.61,2.62,D
-13.96971,129.87465,334.02,0.35,0.57,2026-05-13,05:38,N,nominal,2.0NRT,294.51,3.27,D
-13.69661,131.20047,331.54,0.43,0.62,2026-05-13,05:38,N,nominal,2.0NRT,291.82,5.52,D
-13.95792,129.87923,330.21,0.35,0.57,2026-05-13,05:38,N,nominal,2.0NRT,293.04,2.81,D
-13.94937,129.89479,367,0.35,0.57,2026-05-13,05:38,N,high,2.0NRT,296.04,8.92,D
-13.95467,129.86823,367,0.35,0.57,2026-05-13,05:38,N,high,2.0NRT,294.56,4.32,D
-13.95003,129.89146,353.32,0.35,0.57,2026-05-13,05:38,N,nominal,2.0NRT,294.46,8.92,D
-13.95203,129.88145,344.33,0.35,0.57,2026-05-13,05:38,N,nominal,2.0NRT,294,2.81,D
-13.95269,129.87814,336.83,0.35,0.57,2026-05-13,05:38,N,nominal,2.0NRT,294.13,2.81,D
-13.76277,130.95239,350.45,0.42,0.61,2026-05-13,05:38,N,nominal,2.0NRT,290.68,6.25,D
-13.96482,129.90573,331.92,0.35,0.57,2026-05-13,05:38,N,nominal,2.0NRT,292.87,2.66,D
-13.97054,129.87572,337.48,0.35,0.57,2026-05-13,05:38,N,nominal,2.0NRT,294.29,2.91,D
-13.97305,129.86259,332.43,0.35,0.57,2026-05-13,05:38,N,nominal,2.0NRT,293.59,2.08,D
-13.95036,129.8959,354.31,0.35,0.57,2026-05-13,05:38,N,nominal,2.0NRT,294.36,13.14,D
-13.951,129.89259,357.72,0.35,0.57,2026-05-13,05:38,N,nominal,2.0NRT,295.16,9.71,D
-13.95293,129.88255,336.52,0.35,0.57,2026-05-13,05:38,N,nominal,2.0NRT,293.54,5.24,D
-13.95357,129.8792,346.31,0.35,0.57,2026-05-13,05:38,N,nominal,2.0NRT,294.25,6.33,D
-13.95548,129.86925,349.31,0.35,0.57,2026-05-13,05:38,N,nominal,2.0NRT,294.56,3.85,D
-13.95025,129.86815,346.17,0.35,0.57,2026-05-13,05:38,N,nominal,2.0NRT,294.4,5.69,D
-13.94053,129.89044,333.9,0.35,0.57,2026-05-13,05:38,N,nominal,2.0NRT,294.73,2.71,D
-13.94117,129.8871,348.26,0.35,0.57,2026-05-13,05:38,N,nominal,2.0NRT,295.05,2.71,D
-13.93658,129.88269,354.19,0.35,0.57,2026-05-13,05:38,N,nominal,2.0NRT,296.25,5.16,D
-13.93197,129.87834,339.4,0.35,0.57,2026-05-13,05:38,N,nominal,2.0NRT,295.7,5.16,D
-13.93261,129.87503,342.74,0.35,0.57,2026-05-13,05:38,N,nominal,2.0NRT,294.99,3.83,D
-13.9248,129.88728,341.56,0.35,0.57,2026-05-13,05:38,N,nominal,2.0NRT,295.57,2.79,D
-13.92736,129.87407,346.97,0.35,0.57,2026-05-13,05:38,N,nominal,2.0NRT,295.68,5.12,D
-13.92211,129.87309,367,0.35,0.57,2026-05-13,05:38,N,high,2.0NRT,295.42,5.12,D
-13.91955,129.88626,330.08,0.35,0.57,2026-05-13,05:38,N,nominal,2.0NRT,293.81,2.79,D
-13.9202,129.88295,338.17,0.35,0.57,2026-05-13,05:38,N,nominal,2.0NRT,294.67,2.79,D
-13.92147,129.87637,344.43,0.35,0.57,2026-05-13,05:38,N,nominal,2.0NRT,295.53,10.17,D
-13.91495,129.88194,335.24,0.35,0.57,2026-05-13,05:38,N,nominal,2.0NRT,295.77,3.79,D
-13.76402,130.62231,342.1,0.39,0.6,2026-05-13,05:38,N,nominal,2.0NRT,293.04,5.22,D
-13.8858,130.00343,343.78,0.36,0.57,2026-05-13,05:38,N,nominal,2.0NRT,295.82,4.61,D
-13.90969,129.88097,337.83,0.35,0.57,2026-05-13,05:38,N,nominal,2.0NRT,294.74,3.79,D
-13.91291,129.86446,352.79,0.35,0.57,2026-05-13,05:38,N,nominal,2.0NRT,294.62,5.49,D
-13.91484,129.85451,341.13,0.35,0.57,2026-05-13,05:38,N,nominal,2.0NRT,294.39,5.65,D
-13.91549,129.85123,330.92,0.35,0.57,2026-05-13,05:38,N,nominal,2.0NRT,294.17,2.91,D
-13.90768,129.86337,367,0.35,0.57,2026-05-13,05:38,N,high,2.0NRT,294.75,5.31,D
-13.91152,129.84369,367,0.35,0.57,2026-05-13,05:38,N,high,2.0NRT,296.31,10.12,D
-13.75923,130.61757,346.3,0.39,0.6,2026-05-13,05:38,N,nominal,2.0NRT,293.57,11.54,D
-13.75995,130.61392,340.56,0.39,0.6,2026-05-13,05:38,N,nominal,2.0NRT,292.54,7.37,D
-13.90628,129.84268,367,0.35,0.57,2026-05-13,05:38,N,high,2.0NRT,295.4,10.12,D
-13.71875,130.79189,338.66,0.41,0.6,2026-05-13,05:38,N,nominal,2.0NRT,291.37,4.47,D
-13.90244,129.86232,331.44,0.35,0.57,2026-05-13,05:38,N,nominal,2.0NRT,295,5.31,D
-13.90691,129.83949,355.64,0.35,0.57,2026-05-13,05:38,N,nominal,2.0NRT,293.46,10.12,D
-13.8867,129.85936,338.9,0.35,0.57,2026-05-13,05:38,N,nominal,2.0NRT,294.4,5.79,D
-13.86245,129.84442,330.97,0.35,0.57,2026-05-13,05:38,N,nominal,2.0NRT,294.21,2.28,D
-13.85656,129.84666,330.93,0.35,0.57,2026-05-13,05:38,N,nominal,2.0NRT,295.17,4.75,D
-14.52988,126.28223,338.08,0.4,0.44,2026-05-13,05:38,N,nominal,2.0NRT,300.31,4.71,D
-14.51686,126.30719,338.78,0.4,0.45,2026-05-13,05:38,N,nominal,2.0NRT,298.01,4.77,D
-14.51755,126.30341,341.72,0.4,0.45,2026-05-13,05:38,N,nominal,2.0NRT,299.89,4.77,D
-14.5186,126.30717,339.11,0.4,0.45,2026-05-13,05:38,N,nominal,2.0NRT,297.95,3.33,D
-14.51926,126.30337,336.92,0.4,0.45,2026-05-13,05:38,N,nominal,2.0NRT,298.89,3.33,D
-14.51515,126.3026,333.12,0.4,0.45,2026-05-13,05:38,N,nominal,2.0NRT,299.18,2.71,D
-13.65643,130.9138,337.23,0.41,0.61,2026-05-13,05:38,N,nominal,2.0NRT,288.08,10.74,D
-13.65719,130.90994,356.36,0.41,0.61,2026-05-13,05:38,N,low,2.0NRT,288.6,10.74,D
-13.8567,129.84836,331.07,0.35,0.57,2026-05-13,05:38,N,nominal,2.0NRT,294.62,3.89,D
-13.84749,129.83968,350.69,0.35,0.57,2026-05-13,05:38,N,nominal,2.0NRT,294.99,10.16,D
-13.84812,129.83641,337.28,0.35,0.57,2026-05-13,05:38,N,nominal,2.0NRT,295.48,2.74,D
-13.85127,129.81995,331.29,0.35,0.57,2026-05-13,05:38,N,nominal,2.0NRT,293.56,2.78,D
-13.84287,129.83543,336.19,0.35,0.57,2026-05-13,05:38,N,nominal,2.0NRT,293.48,2.74,D
-14.46622,126.4112,332.67,0.41,0.45,2026-05-13,05:38,N,nominal,2.0NRT,298.8,3.99,D
-14.48646,126.29696,336.39,0.4,0.45,2026-05-13,05:38,N,nominal,2.0NRT,298.27,5.53,D
-14.48845,126.28566,331.13,0.4,0.45,2026-05-13,05:38,N,nominal,2.0NRT,298.56,3.49,D
-13.83103,129.81235,367,0.35,0.57,2026-05-13,05:38,N,high,2.0NRT,297.09,14.71,D
-13.83039,129.81564,343.72,0.35,0.57,2026-05-13,05:38,N,nominal,2.0NRT,294.85,13.6,D
-14.4634,126.37901,332.3,0.41,0.45,2026-05-13,05:38,N,nominal,2.0NRT,298.29,3.31,D
-14.46408,126.37518,333.58,0.41,0.45,2026-05-13,05:38,N,nominal,2.0NRT,295.64,4.21,D
-13.80818,129.81816,349.48,0.35,0.57,2026-05-13,05:38,N,nominal,2.0NRT,294.88,10.23,D
-13.80882,129.81485,330.83,0.35,0.57,2026-05-13,05:38,N,nominal,2.0NRT,294.12,2.77,D
-13.81515,129.78233,332.57,0.35,0.57,2026-05-13,05:38,N,nominal,2.0NRT,294.07,5.05,D
-13.80359,129.81384,331.12,0.35,0.57,2026-05-13,05:38,N,nominal,2.0NRT,294.31,2.77,D
-13.80279,129.79012,332.1,0.35,0.57,2026-05-13,05:38,N,nominal,2.0NRT,293.43,3.43,D
-13.58853,130.84384,334.83,0.41,0.61,2026-05-13,05:38,N,nominal,2.0NRT,289.76,3.32,D
-13.78914,129.8044,333.5,0.35,0.57,2026-05-13,05:38,N,nominal,2.0NRT,294.11,2.01,D
-13.51747,130.83632,338.4,0.41,0.61,2026-05-13,05:38,N,nominal,2.0NRT,293.25,6.19,D
-13.68916,129.79233,330.83,0.35,0.57,2026-05-13,05:38,N,nominal,2.0NRT,294.06,4.08,D
-13.67231,129.82272,355.36,0.35,0.57,2026-05-13,05:38,N,nominal,2.0NRT,296.33,9.87,D
-13.67296,129.81947,346.02,0.35,0.57,2026-05-13,05:38,N,nominal,2.0NRT,294.2,4.94,D
-14.28378,126.53789,332.65,0.42,0.45,2026-05-13,05:38,N,nominal,2.0NRT,296.56,5.96,D
-13.64095,129.87099,348.74,0.35,0.57,2026-05-13,05:38,N,nominal,2.0NRT,295.02,12.2,D
-13.6416,129.86772,348.34,0.35,0.57,2026-05-13,05:38,N,nominal,2.0NRT,294.27,8.33,D
-13.6429,129.86118,352.94,0.35,0.57,2026-05-13,05:38,N,nominal,2.0NRT,295.25,6.26,D
-13.64354,129.85791,344.78,0.35,0.57,2026-05-13,05:38,N,nominal,2.0NRT,295.35,6.26,D
-13.64419,129.85463,347.83,0.35,0.57,2026-05-13,05:38,N,nominal,2.0NRT,294.92,4.68,D
-13.65196,129.81541,335.62,0.35,0.57,2026-05-13,05:38,N,nominal,2.0NRT,295.2,2.86,D
-13.65261,129.81213,337.52,0.35,0.57,2026-05-13,05:38,N,nominal,2.0NRT,294.97,2.86,D
-14.33237,126.22208,335.06,0.4,0.44,2026-05-13,05:38,N,nominal,2.0NRT,300.01,3.12,D
-13.63763,129.86014,367,0.35,0.57,2026-05-13,05:38,N,high,2.0NRT,296.01,34.27,D
-13.64865,129.80461,367,0.35,0.57,2026-05-13,05:38,N,high,2.0NRT,297.56,6.09,D
-13.63698,129.86342,345.09,0.35,0.57,2026-05-13,05:38,N,nominal,2.0NRT,294.23,11.8,D
-13.63828,129.85689,354.94,0.35,0.57,2026-05-13,05:38,N,nominal,2.0NRT,304.48,34.27,D
-13.63893,129.85359,355.67,0.35,0.57,2026-05-13,05:38,N,nominal,2.0NRT,297.51,33.92,D
-13.64153,129.84052,335.44,0.35,0.57,2026-05-13,05:38,N,nominal,2.0NRT,294.79,1.9,D
-13.64801,129.80788,332.44,0.35,0.57,2026-05-13,05:38,N,nominal,2.0NRT,295.87,6.09,D
-14.32827,126.22137,337.43,0.4,0.44,2026-05-13,05:38,N,nominal,2.0NRT,300.26,3.51,D
-13.63302,129.85585,367,0.35,0.57,2026-05-13,05:38,N,high,2.0NRT,293.38,34.27,D
-13.63952,129.82318,340.27,0.35,0.57,2026-05-13,05:38,N,nominal,2.0NRT,294.04,3.27,D
-13.6434,129.80367,347.73,0.35,0.57,2026-05-13,05:38,N,nominal,2.0NRT,295.72,6.09,D
-13.64403,129.80046,343.61,0.35,0.57,2026-05-13,05:38,N,nominal,2.0NRT,293.16,6.86,D
-13.64155,129.87448,335.43,0.35,0.57,2026-05-13,05:38,N,nominal,2.0NRT,294.34,6.3,D
-13.64217,129.87117,348.47,0.35,0.57,2026-05-13,05:38,N,nominal,2.0NRT,295.18,6.3,D
-13.6428,129.86789,348.79,0.35,0.57,2026-05-13,05:38,N,nominal,2.0NRT,295.04,7.48,D
-13.64405,129.86133,331.61,0.35,0.57,2026-05-13,05:38,N,nominal,2.0NRT,294.84,3.56,D
-13.64468,129.85805,336.11,0.35,0.57,2026-05-13,05:38,N,nominal,2.0NRT,295.03,3.56,D
-13.6453,129.85475,348.94,0.35,0.57,2026-05-13,05:38,N,nominal,2.0NRT,294.74,5.61,D
-13.65279,129.81544,339,0.35,0.57,2026-05-13,05:38,N,nominal,2.0NRT,295.09,1.89,D
-13.65341,129.81216,336.3,0.35,0.57,2026-05-13,05:38,N,nominal,2.0NRT,294.73,1.89,D
-13.63879,129.86029,367,0.35,0.57,2026-05-13,05:38,N,high,2.0NRT,295.7,28.02,D
-13.63941,129.85701,367,0.35,0.57,2026-05-13,05:38,N,high,2.0NRT,299.28,28.02,D
-13.64004,129.85371,367,0.35,0.57,2026-05-13,05:38,N,high,2.0NRT,297.4,18.87,D
-13.64941,129.80461,367,0.35,0.57,2026-05-13,05:38,N,high,2.0NRT,297.14,6.3,D
-13.63816,129.86356,343.88,0.35,0.57,2026-05-13,05:38,N,nominal,2.0NRT,294.49,13.18,D
-13.64254,129.84059,337.24,0.35,0.57,2026-05-13,05:38,N,nominal,2.0NRT,295.21,2.8,D
-13.64878,129.80786,336.57,0.35,0.57,2026-05-13,05:38,N,nominal,2.0NRT,296.12,6.3,D
-13.63478,129.85269,367,0.35,0.57,2026-05-13,05:38,N,high,2.0NRT,293.22,18.87,D
-13.63352,129.85924,353.67,0.35,0.57,2026-05-13,05:38,N,nominal,2.0NRT,293.57,28.02,D
-13.63415,129.85597,355.26,0.35,0.57,2026-05-13,05:38,N,nominal,2.0NRT,297.52,28.02,D
-13.64041,129.82321,337.74,0.35,0.57,2026-05-13,05:38,N,nominal,2.0NRT,294.22,4.21,D
-13.64415,129.80365,353.01,0.35,0.57,2026-05-13,05:38,N,nominal,2.0NRT,295.88,6.3,D
-13.64476,129.80045,348.03,0.35,0.57,2026-05-13,05:38,N,nominal,2.0NRT,293.22,6.49,D
-13.63579,129.81891,354,0.35,0.57,2026-05-13,05:38,N,nominal,2.0NRT,295.51,6.33,D
-13.63641,129.81564,345.97,0.35,0.57,2026-05-13,05:38,N,nominal,2.0NRT,294.82,6.33,D
-13.63704,129.81236,353.46,0.35,0.57,2026-05-13,05:38,N,nominal,2.0NRT,295.04,7.19,D
-13.63053,129.8179,349.2,0.35,0.57,2026-05-13,05:38,N,nominal,2.0NRT,293.97,6.33,D
-14.22478,126.55181,347.03,0.42,0.45,2026-05-13,05:38,N,nominal,2.0NRT,301.29,8.33,D
-14.21709,126.5463,337.07,0.42,0.45,2026-05-13,05:38,N,nominal,2.0NRT,300.52,5.91,D
-14.20526,126.5157,339.45,0.42,0.45,2026-05-13,05:38,N,nominal,2.0NRT,302.01,6.3,D
-14.20108,126.51494,333.54,0.42,0.45,2026-05-13,05:38,N,nominal,2.0NRT,300.79,6.72,D
-14.20177,126.5111,355.67,0.42,0.45,2026-05-13,05:38,N,nominal,2.0NRT,301.29,16.86,D
-14.20245,126.50729,345.19,0.42,0.45,2026-05-13,05:38,N,nominal,2.0NRT,299.93,16.86,D
-14.19269,126.53748,346,0.42,0.45,2026-05-13,05:38,N,nominal,2.0NRT,300.27,8.28,D
-14.19339,126.53358,356.85,0.42,0.45,2026-05-13,05:38,N,nominal,2.0NRT,302.02,9.51,D
-14.1941,126.52969,343.95,0.42,0.45,2026-05-13,05:38,N,nominal,2.0NRT,300.32,9.51,D
-14.19689,126.51414,345.75,0.42,0.45,2026-05-13,05:38,N,nominal,2.0NRT,299.76,6.72,D
-14.19758,126.51032,350.06,0.42,0.45,2026-05-13,05:38,N,nominal,2.0NRT,300.68,16.86,D
-14.19827,126.50654,356.23,0.42,0.45,2026-05-13,05:38,N,nominal,2.0NRT,300.96,16.86,D
-14.18851,126.53663,331.82,0.42,0.45,2026-05-13,05:38,N,nominal,2.0NRT,298.76,3.31,D
-14.18921,126.53279,353.69,0.42,0.45,2026-05-13,05:38,N,nominal,2.0NRT,301.17,24.64,D
-14.18991,126.52892,352.9,0.42,0.45,2026-05-13,05:38,N,nominal,2.0NRT,305.07,24.64,D
-14.19339,126.5096,355.8,0.42,0.45,2026-05-13,05:38,N,nominal,2.0NRT,299.15,16.59,D
-13.53679,129.8783,330.94,0.36,0.57,2026-05-13,05:38,N,nominal,2.0NRT,294.17,10.41,D
-13.53744,129.87498,340.77,0.36,0.57,2026-05-13,05:38,N,nominal,2.0NRT,294.21,4.31,D
-13.53216,129.87399,339.97,0.36,0.57,2026-05-13,05:38,N,nominal,2.0NRT,295.09,4.31,D
-13.53281,129.8707,342.07,0.36,0.57,2026-05-13,05:38,N,nominal,2.0NRT,294.5,4.31,D
-13.53346,129.8674,335.1,0.36,0.57,2026-05-13,05:38,N,nominal,2.0NRT,293.65,3.17,D
-14.17169,126.51002,338.78,0.42,0.45,2026-05-13,05:38,N,nominal,2.0NRT,295.96,6.12,D
-13.53248,129.88211,340.25,0.36,0.57,2026-05-13,05:38,N,nominal,2.0NRT,295.1,4.04,D
-13.53374,129.87549,349.92,0.36,0.57,2026-05-13,05:38,N,nominal,2.0NRT,295.15,9.76,D
-13.52909,129.87117,346.95,0.36,0.57,2026-05-13,05:38,N,nominal,2.0NRT,294.38,4.44,D
-13.52972,129.86784,353.8,0.36,0.57,2026-05-13,05:38,N,nominal,2.0NRT,294.66,4.44,D
-14.15076,126.43285,367,0.42,0.45,2026-05-13,05:38,N,high,2.0NRT,301.87,13.23,D
-14.14659,126.4321,344.91,0.42,0.45,2026-05-13,05:38,N,nominal,2.0NRT,299.39,13.23,D
-14.13894,126.42669,331.56,0.42,0.45,2026-05-13,05:38,N,nominal,2.0NRT,298.29,6.23,D
-13.41777,130.18939,341.77,0.38,0.58,2026-05-13,05:38,N,nominal,2.0NRT,293.48,4.17,D
-13.41844,130.18596,342.77,0.38,0.58,2026-05-13,05:38,N,nominal,2.0NRT,293.89,4.17,D
-13.40963,130.20232,340.62,0.38,0.58,2026-05-13,05:38,N,nominal,2.0NRT,293.53,4.38,D
-13.40352,130.20482,335.62,0.38,0.58,2026-05-13,05:38,N,nominal,2.0NRT,291.64,6.55,D
-13.40422,130.20126,339.56,0.38,0.58,2026-05-13,05:38,N,nominal,2.0NRT,292.24,4.38,D
-13.39811,130.20381,335.43,0.38,0.58,2026-05-13,05:38,N,nominal,2.0NRT,292.55,4.12,D
-14.06872,126.43393,339.18,0.42,0.45,2026-05-13,05:38,N,nominal,2.0NRT,298.02,3.02,D
-14.06527,126.42923,334.41,0.42,0.45,2026-05-13,05:38,N,nominal,2.0NRT,297.55,3.84,D
-14.06799,126.43374,344.44,0.42,0.45,2026-05-13,05:38,N,nominal,2.0NRT,298.65,4.93,D
-14.06868,126.42981,339.3,0.42,0.45,2026-05-13,05:38,N,nominal,2.0NRT,297.54,4.14,D
-14.04091,126.44068,348.16,0.42,0.45,2026-05-13,05:38,N,nominal,2.0NRT,300.5,4.28,D
-14.04159,126.43679,330.13,0.42,0.45,2026-05-13,05:38,N,nominal,2.0NRT,299.59,4.28,D
-14.03741,126.43609,336.85,0.42,0.45,2026-05-13,05:38,N,nominal,2.0NRT,299.87,4.28,D
-14.0381,126.43218,353.91,0.42,0.45,2026-05-13,05:38,N,nominal,2.0NRT,300.78,7.1,D
-14.03391,126.43146,349.3,0.42,0.45,2026-05-13,05:38,N,nominal,2.0NRT,298.92,5.44,D
-14.02904,126.43462,330.9,0.42,0.45,2026-05-13,05:38,N,nominal,2.0NRT,297.51,4.21,D
-13.14722,130.15427,347.71,0.38,0.59,2026-05-13,05:38,N,nominal,2.0NRT,294.25,4.28,D
-13.1418,130.15327,350.15,0.38,0.59,2026-05-13,05:38,N,nominal,2.0NRT,293.65,4.28,D
-13.15131,130.15564,336.85,0.38,0.59,2026-05-13,05:38,N,nominal,2.0NRT,294.73,4.04,D
-13.1459,130.15453,351.95,0.38,0.59,2026-05-13,05:38,N,nominal,2.0NRT,293.95,4.04,D
-13.14048,130.15356,344.38,0.38,0.59,2026-05-13,05:38,N,nominal,2.0NRT,293.92,4.63,D
-13.13505,130.15256,342.99,0.38,0.59,2026-05-13,05:38,N,nominal,2.0NRT,293.62,4.63,D
-12.86479,131.44258,338.43,0.46,0.64,2026-05-13,05:38,N,nominal,2.0NRT,288.48,3.52,D
-12.84933,131.4893,329.58,0.47,0.64,2026-05-13,05:38,N,nominal,2.0NRT,290.88,3.15,D
-13.09769,130.20015,335.82,0.38,0.59,2026-05-13,05:38,N,nominal,2.0NRT,293.61,12,D
-13.09228,130.19896,367,0.38,0.59,2026-05-13,05:38,N,high,2.0NRT,294.08,12,D
-13.09298,130.19539,354.05,0.38,0.59,2026-05-13,05:38,N,nominal,2.0NRT,294.26,16.61,D
-13.10327,130.14259,335.44,0.38,0.59,2026-05-13,05:38,N,nominal,2.0NRT,293.68,4.98,D
-13.09719,130.14496,349.03,0.38,0.59,2026-05-13,05:38,N,nominal,2.0NRT,293.47,9.27,D
-13.09787,130.14149,356.9,0.38,0.59,2026-05-13,05:38,N,nominal,2.0NRT,294.11,9.27,D
-13.09855,130.13802,354.04,0.38,0.59,2026-05-13,05:38,N,nominal,2.0NRT,293.58,6.87,D
-13.08436,130.12437,367,0.38,0.59,2026-05-13,05:38,N,high,2.0NRT,293.87,11.88,D
-13.08164,130.13824,356.65,0.38,0.59,2026-05-13,05:38,N,nominal,2.0NRT,292.93,13.78,D
-13.08232,130.13477,343.64,0.38,0.59,2026-05-13,05:38,N,nominal,2.0NRT,293.53,5.66,D
-13.08301,130.13129,340.1,0.38,0.59,2026-05-13,05:38,N,nominal,2.0NRT,293.28,5.66,D
-13.07828,130.12679,333.79,0.38,0.59,2026-05-13,05:38,N,nominal,2.0NRT,292.7,4.56,D
-12.90935,130.43733,367,0.4,0.6,2026-05-13,05:38,N,high,2.0NRT,293.57,33.21,D
-12.91009,130.43362,367,0.4,0.6,2026-05-13,05:38,N,high,2.0NRT,293.16,33.21,D
-12.90862,130.44106,351.71,0.4,0.6,2026-05-13,05:38,N,nominal,2.0NRT,294.11,27.08,D
-12.90308,130.43999,367,0.4,0.6,2026-05-13,05:38,N,high,2.0NRT,295.7,27.08,D
-12.90455,130.43257,367,0.4,0.6,2026-05-13,05:38,N,high,2.0NRT,295.46,33.21,D
-12.90381,130.43628,353.96,0.4,0.6,2026-05-13,05:38,N,nominal,2.0NRT,295.45,33.21,D
-12.90529,130.42885,340.38,0.4,0.6,2026-05-13,05:38,N,nominal,2.0NRT,291.89,34.77,D
-14.49718,131.06743,367,0.41,0.61,2026-05-13,05:38,N,high,2.0NRT,296.42,18.25,D
-19.98183,122.73544,332.37,0.39,0.36,2026-05-13,05:38,N,nominal,2.0NRT,306.54,7.38,D
-14.6125,131.55553,356.97,0.44,0.62,2026-05-13,05:38,N,nominal,2.0NRT,292.69,13.93,D
-19.14551,135.08447,334.32,0.59,0.7,2026-05-13,05:38,N,nominal,2.0NRT,294.59,5.62,D
-21.68198,120.73231,341.57,0.41,0.37,2026-05-13,05:38,N,low,2.0NRT,311.87,29.54,D
-21.67855,120.73175,340.6,0.41,0.37,2026-05-13,05:38,N,nominal,2.0NRT,311.59,4.48,D
-21.67456,120.73515,334.85,0.41,0.37,2026-05-13,05:38,N,low,2.0NRT,309.41,3.2,D
-21.67113,120.73459,346.22,0.41,0.37,2026-05-13,05:38,N,nominal,2.0NRT,311.17,9.49,D
-21.6677,120.73403,343.04,0.41,0.37,2026-05-13,05:38,N,nominal,2.0NRT,311.36,9.49,D
-21.66826,120.73009,355.48,0.41,0.37,2026-05-13,05:38,N,nominal,2.0NRT,315.92,20.73,D
-21.66427,120.73348,341.25,0.41,0.37,2026-05-13,05:38,N,nominal,2.0NRT,313,12.64,D
-21.66483,120.72954,335.73,0.41,0.37,2026-05-13,05:38,N,low,2.0NRT,310.4,4.57,D
-21.66084,120.73293,354.82,0.41,0.37,2026-05-13,05:38,N,nominal,2.0NRT,314.79,12.64,D
-21.65797,120.72843,343.32,0.41,0.37,2026-05-13,05:38,N,low,2.0NRT,313.79,9.52,D
-21.65853,120.72449,348.25,0.41,0.37,2026-05-13,05:38,N,nominal,2.0NRT,314.44,9.52,D
-21.65909,120.72055,339.97,0.41,0.37,2026-05-13,05:38,N,nominal,2.0NRT,306.21,21.6,D
-21.6551,120.72395,341.94,0.41,0.37,2026-05-13,05:38,N,low,2.0NRT,312.77,9.52,D
-21.65566,120.72,355,0.41,0.37,2026-05-13,05:38,N,nominal,2.0NRT,316.32,21.6,D
-21.65111,120.72733,348.8,0.41,0.37,2026-05-13,05:38,N,nominal,2.0NRT,311.45,16.65,D
-21.65167,120.72337,351.72,0.41,0.37,2026-05-13,05:38,N,nominal,2.0NRT,313.39,16.65,D
-21.65223,120.71943,354.75,0.41,0.37,2026-05-13,05:38,N,nominal,2.0NRT,320.55,22.06,D
-21.6528,120.71548,302.46,0.41,0.37,2026-05-13,05:38,N,low,2.0NRT,308.29,22.06,D
-21.64824,120.7228,346.02,0.41,0.37,2026-05-13,05:38,N,low,2.0NRT,317.9,16.65,D
-21.64881,120.71886,352.62,0.41,0.37,2026-05-13,05:38,N,nominal,2.0NRT,309.17,22.06,D
-21.64482,120.72224,347.06,0.41,0.37,2026-05-13,05:38,N,nominal,2.0NRT,310.23,6.12,D
-21.64538,120.71828,347.7,0.41,0.37,2026-05-13,05:38,N,nominal,2.0NRT,313.26,14.38,D
-21.64594,120.71433,344.27,0.41,0.37,2026-05-13,05:38,N,nominal,2.0NRT,316.15,14.38,D
-21.64195,120.71772,340.26,0.41,0.37,2026-05-13,05:38,N,nominal,2.0NRT,309.75,14.38,D
-21.64251,120.71377,349.05,0.41,0.37,2026-05-13,05:38,N,nominal,2.0NRT,309.5,14.38,D
-21.63852,120.71716,349.58,0.41,0.37,2026-05-13,05:38,N,nominal,2.0NRT,312.71,7.44,D
-21.63908,120.71323,352.39,0.41,0.37,2026-05-13,05:38,N,nominal,2.0NRT,314.71,7.44,D
-21.63509,120.71661,349.44,0.41,0.37,2026-05-13,05:38,N,nominal,2.0NRT,313,7.44,D
-21.63564,120.71266,338.55,0.41,0.37,2026-05-13,05:38,N,nominal,2.0NRT,308.93,7.44,D
-21.63166,120.71606,355.1,0.41,0.37,2026-05-13,05:38,N,nominal,2.0NRT,314.26,9.54,D
-21.63222,120.7121,348.19,0.41,0.37,2026-05-13,05:38,N,nominal,2.0NRT,309.82,9.54,D
-21.62823,120.71549,348.31,0.41,0.37,2026-05-13,05:38,N,nominal,2.0NRT,311.19,9.54,D
-21.62878,120.71155,352.65,0.41,0.37,2026-05-13,05:38,N,nominal,2.0NRT,310.52,9.54,D
-21.62934,120.70765,355.32,0.41,0.37,2026-05-13,05:38,N,nominal,2.0NRT,309.09,9.86,D
-21.6248,120.71492,345.07,0.41,0.37,2026-05-13,05:38,N,nominal,2.0NRT,308.4,22,D
-21.62535,120.71098,338.97,0.41,0.37,2026-05-13,05:38,N,low,2.0NRT,310.84,22,D
-21.62591,120.70706,352.79,0.41,0.37,2026-05-13,05:38,N,nominal,2.0NRT,313.71,34.84,D
-21.62137,120.71436,343.57,0.41,0.37,2026-05-13,05:38,N,nominal,2.0NRT,316.24,22,D
-21.62248,120.7065,351.18,0.41,0.37,2026-05-13,05:38,N,nominal,2.0NRT,320.33,34.84,D
-21.62193,120.71043,367,0.41,0.37,2026-05-13,05:38,N,low,2.0NRT,325.32,22,D
-21.61794,120.71378,346.84,0.41,0.37,2026-05-13,05:38,N,nominal,2.0NRT,312.43,26.53,D
-21.6185,120.70984,367,0.41,0.37,2026-05-13,05:38,N,low,2.0NRT,327.37,26.53,D
-21.61451,120.71321,351.39,0.41,0.37,2026-05-13,05:38,N,nominal,2.0NRT,312.25,26.53,D
-21.61507,120.70927,348.66,0.41,0.37,2026-05-13,05:38,N,nominal,2.0NRT,318.39,26.53,D
-21.61108,120.71264,353.26,0.41,0.37,2026-05-13,05:38,N,nominal,2.0NRT,310.49,18.19,D
-21.61164,120.70869,353.67,0.41,0.37,2026-05-13,05:38,N,nominal,2.0NRT,320.33,18.19,D
-21.60765,120.71207,336.12,0.41,0.37,2026-05-13,05:38,N,nominal,2.0NRT,309.2,18.19,D
-21.60422,120.71152,339.16,0.41,0.37,2026-05-13,05:38,N,nominal,2.0NRT,311.06,10.89,D
-21.60079,120.71096,340.26,0.41,0.37,2026-05-13,05:38,N,low,2.0NRT,310.61,10.89,D
-21.59393,120.70984,338.53,0.41,0.37,2026-05-13,05:38,N,low,2.0NRT,308.76,50.78,D
-21.59509,120.71018,342.2,0.41,0.37,2026-05-13,05:38,N,nominal,2.0NRT,310.57,18.45,D
-21.58766,120.71301,344.02,0.41,0.37,2026-05-13,05:38,N,nominal,2.0NRT,308.49,3.46,D
-21.31595,120.43842,345.41,0.41,0.37,2026-05-13,05:38,N,nominal,2.0NRT,311.06,6.57,D
-19.9879,122.81687,332.94,0.39,0.36,2026-05-13,05:38,N,low,2.0NRT,304.27,2.68,D
-19.98397,122.81998,349.09,0.39,0.36,2026-05-13,05:38,N,nominal,2.0NRT,308.85,2.68,D
-19.98456,122.81628,334.88,0.39,0.36,2026-05-13,05:38,N,low,2.0NRT,308.79,2.68,D
-19.98805,122.79404,335.91,0.39,0.36,2026-05-13,05:38,N,low,2.0NRT,308.67,4.06,D
-19.98864,122.79034,343.11,0.39,0.36,2026-05-13,05:38,N,nominal,2.0NRT,305.47,3.3,D
-19.98247,122.81927,348.95,0.39,0.36,2026-05-13,05:38,N,nominal,2.0NRT,307.76,5.14,D
-19.98966,122.72919,332.24,0.39,0.36,2026-05-13,05:38,N,low,2.0NRT,304.39,4.91,D
-19.98805,122.71753,367,0.39,0.36,2026-05-13,05:38,N,high,2.0NRT,311.83,12.76,D
-19.98748,122.72123,330.18,0.39,0.36,2026-05-13,05:38,N,nominal,2.0NRT,303.57,12.76,D
-19.9801,122.74654,351.37,0.39,0.36,2026-05-13,05:38,N,nominal,2.0NRT,307.72,9.73,D
-19.98472,122.71694,341.67,0.39,0.36,2026-05-13,05:38,N,nominal,2.0NRT,303.34,13.55,D
-19.97849,122.73486,367,0.39,0.36,2026-05-13,05:38,N,high,2.0NRT,310.58,7.38,D
-19.97791,122.73856,349.41,0.39,0.36,2026-05-13,05:38,N,nominal,2.0NRT,305.81,9.66,D
-19.97907,122.73115,342.93,0.39,0.36,2026-05-13,05:38,N,nominal,2.0NRT,307.3,7.38,D
-19.97631,122.72686,334.7,0.39,0.36,2026-05-13,05:38,N,low,2.0NRT,305.72,6.62,D
-19.97746,122.71946,340.22,0.39,0.36,2026-05-13,05:38,N,nominal,2.0NRT,309.18,9.78,D
-19.97804,122.71577,340.53,0.39,0.36,2026-05-13,05:38,N,nominal,2.0NRT,304.53,9.78,D
-19.97919,122.70838,331.18,0.39,0.36,2026-05-13,05:38,N,low,2.0NRT,303.01,12.47,D
-19.9747,122.71519,367,0.39,0.36,2026-05-13,05:38,N,high,2.0NRT,316.55,9.78,D
-19.97412,122.71889,354,0.39,0.36,2026-05-13,05:38,N,nominal,2.0NRT,306.16,9.78,D
-19.97528,122.71149,342.99,0.39,0.36,2026-05-13,05:38,N,nominal,2.0NRT,311.73,12.47,D
-19.97136,122.71461,336.72,0.39,0.36,2026-05-13,05:38,N,nominal,2.0NRT,301.69,5.41,D
-19.97194,122.71091,338.48,0.39,0.36,2026-05-13,05:38,N,nominal,2.0NRT,298.32,5.64,D
-19.73025,123.29253,340.42,0.39,0.36,2026-05-13,05:38,N,nominal,2.0NRT,311.95,7.05,D
-19.72688,123.29192,343.47,0.39,0.36,2026-05-13,05:38,N,nominal,2.0NRT,313.5,7.05,D
-19.72352,123.29132,341.34,0.39,0.36,2026-05-13,05:38,N,nominal,2.0NRT,311.51,3.81,D
-19.72015,123.29072,339.51,0.39,0.36,2026-05-13,05:38,N,nominal,2.0NRT,308.71,3.81,D
-19.72075,123.28696,339.53,0.39,0.36,2026-05-13,05:38,N,low,2.0NRT,312.25,5.85,D
-19.71678,123.29013,335.15,0.39,0.36,2026-05-13,05:38,N,low,2.0NRT,308.65,4.19,D
-19.71738,123.28636,340.2,0.39,0.36,2026-05-13,05:38,N,low,2.0NRT,312.95,7.43,D
-19.71065,123.28517,337.71,0.39,0.36,2026-05-13,05:38,N,low,2.0NRT,311.71,10.13,D
-20.61541,116.76629,330.09,0.4,0.44,2026-05-13,05:38,N,low,2.0NRT,302.09,1.11,D
-19.70452,123.2802,335.81,0.39,0.36,2026-05-13,05:38,N,low,2.0NRT,308.78,3.24,D
-19.70512,123.27644,340.07,0.39,0.36,2026-05-13,05:38,N,low,2.0NRT,311.83,8.09,D
-19.70115,123.27962,334.04,0.39,0.36,2026-05-13,05:38,N,low,2.0NRT,306.76,3.24,D
-19.69839,123.27525,341.21,0.39,0.36,2026-05-13,05:38,N,nominal,2.0NRT,308.58,6.01,D
-19.69563,123.2709,350.24,0.39,0.36,2026-05-13,05:38,N,nominal,2.0NRT,309.17,6.01,D
-19.69495,123.27038,347.02,0.39,0.36,2026-05-13,05:38,N,nominal,2.0NRT,308.32,6.06,D
-19.69098,123.27355,340.78,0.39,0.36,2026-05-13,05:38,N,nominal,2.0NRT,307.49,6.06,D
-19.68762,123.27295,345.65,0.39,0.36,2026-05-13,05:38,N,nominal,2.0NRT,308.08,6.74,D
-20.61368,116.76602,333.91,0.4,0.44,2026-05-13,05:38,N,nominal,2.0NRT,303.42,2.1,D
-17.12804,135.93001,340.67,0.73,0.76,2026-05-13,05:38,N,nominal,2.0NRT,290.27,10.59,D
-18.90728,121.96732,330.66,0.38,0.36,2026-05-13,05:38,N,low,2.0NRT,303.5,3.29,D
-18.9084,121.96001,331.49,0.38,0.36,2026-05-13,05:38,N,low,2.0NRT,304.28,1.96,D
-18.90896,121.95634,334.42,0.38,0.36,2026-05-13,05:38,N,low,2.0NRT,305.64,1.96,D
-18.89187,121.84473,341.98,0.38,0.36,2026-05-13,05:38,N,nominal,2.0NRT,303.54,8.35,D
-18.89577,121.81913,345.86,0.38,0.36,2026-05-13,05:38,N,nominal,2.0NRT,303.97,14.9,D
-18.8891,121.84051,339.54,0.38,0.36,2026-05-13,05:38,N,nominal,2.0NRT,302.55,6.6,D
-18.893,121.81491,344.12,0.38,0.36,2026-05-13,05:38,N,nominal,2.0NRT,299.74,8.33,D
-18.88688,121.83263,346.07,0.38,0.36,2026-05-13,05:38,N,nominal,2.0NRT,300.62,7.43,D
-18.88744,121.82898,347.18,0.38,0.36,2026-05-13,05:38,N,nominal,2.0NRT,303.45,5.33,D
-18.888,121.82532,348.41,0.38,0.36,2026-05-13,05:38,N,nominal,2.0NRT,300.48,5.33,D
-18.8869,121.81014,355.61,0.38,0.36,2026-05-13,05:38,N,nominal,2.0NRT,299.68,24.78,D
-18.85672,121.98501,352.39,0.38,0.36,2026-05-13,05:38,N,nominal,2.0NRT,309.92,7.36,D
-18.85728,121.98135,344.91,0.38,0.36,2026-05-13,05:38,N,nominal,2.0NRT,310.77,2.59,D
-18.85784,121.9777,337.73,0.38,0.36,2026-05-13,05:38,N,low,2.0NRT,308.55,2.59,D
-18.8584,121.97404,335.22,0.38,0.36,2026-05-13,05:38,N,low,2.0NRT,306.94,1.99,D
-18.85896,121.97039,340.56,0.38,0.36,2026-05-13,05:38,N,nominal,2.0NRT,306.24,1.99,D
-18.85953,121.96673,339.79,0.38,0.36,2026-05-13,05:38,N,nominal,2.0NRT,305.15,3.84,D
-18.85227,121.99175,338.21,0.38,0.36,2026-05-13,05:38,N,nominal,2.0NRT,307.52,3.4,D
-18.85732,121.95886,337.44,0.38,0.36,2026-05-13,05:38,N,nominal,2.0NRT,306.19,2.22,D
-18.81113,122.01477,346.94,0.38,0.36,2026-05-13,05:38,N,nominal,2.0NRT,309.92,5.29,D
-18.80931,122.01401,339.15,0.38,0.36,2026-05-13,05:38,N,low,2.0NRT,310.92,7.12,D
-18.7982,122.01961,330.95,0.38,0.36,2026-05-13,05:38,N,low,2.0NRT,301.02,2.43,D
-17.61995,128.87878,342.56,0.52,0.5,2026-05-13,05:38,N,nominal,2.0NRT,301.4,7.17,D
-18.7821,122.01313,336.8,0.38,0.36,2026-05-13,05:38,N,nominal,2.0NRT,305.29,2.89,D
-18.77877,122.01257,332.31,0.38,0.36,2026-05-13,05:38,N,low,2.0NRT,306.48,2.89,D
-18.776,122.00835,336.65,0.38,0.36,2026-05-13,05:38,N,low,2.0NRT,307.1,3.49,D
-18.77323,122.00414,331.84,0.38,0.36,2026-05-13,05:38,N,low,2.0NRT,305.38,3.09,D
-18.75052,121.97405,349.72,0.38,0.36,2026-05-13,05:38,N,nominal,2.0NRT,306.73,8.59,D
-18.75108,121.97041,340.27,0.38,0.36,2026-05-13,05:38,N,nominal,2.0NRT,303.72,2.17,D
-18.74775,121.96984,334.53,0.38,0.36,2026-05-13,05:38,N,nominal,2.0NRT,303.69,3.46,D
-18.74831,121.96618,334.31,0.38,0.36,2026-05-13,05:38,N,nominal,2.0NRT,303.24,3.46,D
-18.74554,121.96198,338.79,0.38,0.36,2026-05-13,05:38,N,nominal,2.0NRT,308.24,6.75,D
-18.74221,121.9614,330.22,0.38,0.36,2026-05-13,05:38,N,low,2.0NRT,305.15,5.67,D
-18.74501,121.94315,335.31,0.38,0.36,2026-05-13,05:38,N,nominal,2.0NRT,302.45,4.74,D
-18.74,121.95353,336.65,0.38,0.36,2026-05-13,05:38,N,low,2.0NRT,307.94,5.63,D
-18.73723,121.94933,334.07,0.38,0.36,2026-05-13,05:38,N,low,2.0NRT,305.03,3.18,D
-18.73446,121.94511,342.53,0.38,0.36,2026-05-13,05:38,N,nominal,2.0NRT,305.81,6.03,D
-18.09818,124.17233,335.62,0.43,0.38,2026-05-13,05:38,N,low,2.0NRT,306.58,4.22,D
-18.09468,124.17171,347.49,0.43,0.38,2026-05-13,05:38,N,nominal,2.0NRT,307.61,4.22,D
-18.09119,124.17107,342.55,0.43,0.38,2026-05-13,05:38,N,nominal,2.0NRT,307.3,4.81,D
-17.86621,124.82209,353.58,0.46,0.39,2026-05-13,05:38,N,nominal,2.0NRT,308.18,14.61,D
-17.85747,124.85159,336,0.46,0.39,2026-05-13,05:38,N,low,2.0NRT,308.62,9.3,D
-17.86262,124.82142,341.38,0.46,0.39,2026-05-13,05:38,N,nominal,2.0NRT,308.43,14.61,D
-17.86335,124.81712,347,0.46,0.39,2026-05-13,05:38,N,nominal,2.0NRT,316.37,49.23,D
-17.85313,124.85524,330.86,0.46,0.39,2026-05-13,05:38,N,low,2.0NRT,305.53,4.71,D
-17.85681,124.83367,345.41,0.46,0.39,2026-05-13,05:38,N,nominal,2.0NRT,310.38,5.58,D
-17.85975,124.81644,351.2,0.46,0.39,2026-05-13,05:38,N,nominal,2.0NRT,315.69,29.45,D
-17.86049,124.81214,341.12,0.45,0.39,2026-05-13,05:38,N,nominal,2.0NRT,308.91,29.45,D
-17.85321,124.83301,344.13,0.46,0.39,2026-05-13,05:38,N,nominal,2.0NRT,308.18,5.58,D
-17.85394,124.8287,344.76,0.46,0.39,2026-05-13,05:38,N,nominal,2.0NRT,305,5.58,D
-17.85615,124.81577,353.08,0.46,0.39,2026-05-13,05:38,N,nominal,2.0NRT,310.42,29.45,D
-17.85689,124.81148,346.79,0.45,0.39,2026-05-13,05:38,N,low,2.0NRT,320.13,29.45,D
-17.84813,124.84096,351.22,0.46,0.39,2026-05-13,05:38,N,nominal,2.0NRT,308.91,7.42,D
-17.84887,124.83664,343.72,0.46,0.39,2026-05-13,05:38,N,nominal,2.0NRT,305.6,7.42,D
-17.85182,124.81941,352.84,0.46,0.39,2026-05-13,05:38,N,nominal,2.0NRT,309.59,8.11,D
-17.85256,124.81511,356.78,0.46,0.39,2026-05-13,05:38,N,nominal,2.0NRT,308.87,97.32,D
-17.84157,124.85755,346.54,0.46,0.39,2026-05-13,05:38,N,nominal,2.0NRT,306.31,7.81,D
-17.84231,124.85323,340.38,0.46,0.39,2026-05-13,05:38,N,nominal,2.0NRT,306.64,7.81,D
-17.84305,124.84892,340.64,0.46,0.39,2026-05-13,05:38,N,nominal,2.0NRT,309.03,9.75,D
-17.84453,124.8403,343.58,0.46,0.39,2026-05-13,05:38,N,nominal,2.0NRT,307.48,7.42,D
-17.84822,124.81874,332.7,0.46,0.39,2026-05-13,05:38,N,low,2.0NRT,302.83,8.11,D
-17.83871,124.85257,345.44,0.46,0.39,2026-05-13,05:38,N,nominal,2.0NRT,310.53,27.25,D
-17.83945,124.84825,341.43,0.46,0.39,2026-05-13,05:38,N,nominal,2.0NRT,305.59,6.24,D
-17.84019,124.84393,348.49,0.46,0.39,2026-05-13,05:38,N,nominal,2.0NRT,310.21,6.24,D
-17.84093,124.83963,346.54,0.46,0.39,2026-05-13,05:38,N,nominal,2.0NRT,307.76,9.46,D
-17.83658,124.84326,336.31,0.46,0.39,2026-05-13,05:38,N,nominal,2.0NRT,304.84,6.24,D
-17.81484,124.86153,344.48,0.46,0.39,2026-05-13,05:38,N,nominal,2.0NRT,307.44,8.87,D
-17.81782,124.84423,339.7,0.46,0.39,2026-05-13,05:38,N,nominal,2.0NRT,307.26,10.95,D
-17.81048,124.86519,334.11,0.46,0.39,2026-05-13,05:38,N,low,2.0NRT,304.99,5.38,D
-17.81347,124.84789,346.57,0.46,0.39,2026-05-13,05:38,N,nominal,2.0NRT,308.8,15.59,D
-17.81422,124.84357,347.21,0.46,0.39,2026-05-13,05:38,N,nominal,2.0NRT,309.95,10.95,D
-17.80987,124.84721,367,0.46,0.39,2026-05-13,05:38,N,high,2.0NRT,311.63,18.02,D
-17.80837,124.85587,350.58,0.46,0.39,2026-05-13,05:38,N,nominal,2.0NRT,311.28,13.82,D
-17.80912,124.85152,350.81,0.46,0.39,2026-05-13,05:38,N,nominal,2.0NRT,308.68,18.02,D
-17.80401,124.85952,354.54,0.46,0.39,2026-05-13,05:38,N,nominal,2.0NRT,309.14,13.82,D
-17.80476,124.85519,357.02,0.46,0.39,2026-05-13,05:38,N,nominal,2.0NRT,307.66,13.82,D
-17.80551,124.85087,354.79,0.46,0.39,2026-05-13,05:38,N,nominal,2.0NRT,307.92,18.02,D
-17.80626,124.84654,354.96,0.46,0.39,2026-05-13,05:38,N,nominal,2.0NRT,308.68,18.02,D
-17.81041,124.86166,336.72,0.46,0.39,2026-05-13,05:38,N,low,2.0NRT,307.34,9.7,D
-17.81186,124.853,334.9,0.46,0.39,2026-05-13,05:38,N,low,2.0NRT,307.44,10.86,D
-17.81259,124.84866,342.9,0.46,0.39,2026-05-13,05:38,N,nominal,2.0NRT,308.17,10.86,D
-17.81331,124.84435,349.06,0.46,0.39,2026-05-13,05:38,N,nominal,2.0NRT,314.5,37.26,D
-17.80753,124.85665,347.53,0.46,0.39,2026-05-13,05:38,N,nominal,2.0NRT,311.02,9.7,D
-17.80825,124.85232,345.73,0.46,0.39,2026-05-13,05:38,N,nominal,2.0NRT,308.35,10.86,D
-17.80898,124.848,352.24,0.46,0.39,2026-05-13,05:38,N,nominal,2.0NRT,310.45,10.86,D
-17.8097,124.84367,348.9,0.46,0.39,2026-05-13,05:38,N,nominal,2.0NRT,315.52,37.26,D
-17.80392,124.85598,367,0.46,0.39,2026-05-13,05:38,N,high,2.0NRT,311.22,11.21,D
-17.80319,124.86031,347.74,0.46,0.39,2026-05-13,05:38,N,nominal,2.0NRT,307.6,11.21,D
-17.80465,124.85164,352.54,0.46,0.39,2026-05-13,05:38,N,nominal,2.0NRT,305.94,13.37,D
-17.80537,124.84732,355.48,0.46,0.39,2026-05-13,05:38,N,nominal,2.0NRT,307.14,13.37,D
-17.79959,124.85964,338.93,0.46,0.39,2026-05-13,05:38,N,nominal,2.0NRT,307.78,11.21,D
-17.80031,124.8553,345.84,0.46,0.39,2026-05-13,05:38,N,nominal,2.0NRT,303.82,11.21,D
-17.79671,124.85463,332.03,0.46,0.39,2026-05-13,05:38,N,low,2.0NRT,303.87,5.42,D
-17.79018,124.87129,338.81,0.46,0.39,2026-05-13,05:38,N,nominal,2.0NRT,307.15,3.73,D
-17.79164,124.86263,336.98,0.46,0.39,2026-05-13,05:38,N,low,2.0NRT,309.92,6.8,D
-17.7873,124.86629,340.83,0.46,0.39,2026-05-13,05:38,N,nominal,2.0NRT,309.36,4.82,D
-17.78876,124.85762,341.01,0.46,0.39,2026-05-13,05:38,N,nominal,2.0NRT,307.88,10.57,D
-17.78515,124.85693,367,0.46,0.39,2026-05-13,05:38,N,high,2.0NRT,311.69,10.57,D
-17.78369,124.86561,335.04,0.46,0.39,2026-05-13,05:38,N,nominal,2.0NRT,304.99,4.82,D
-17.78442,124.86128,339.56,0.46,0.39,2026-05-13,05:38,N,nominal,2.0NRT,306.12,4.82,D
-17.78155,124.85627,349.85,0.46,0.39,2026-05-13,05:38,N,nominal,2.0NRT,304.67,14.16,D
-17.23723,127.83213,333.93,0.45,0.47,2026-05-13,05:38,N,nominal,2.0NRT,298.45,6.2,D
-17.74157,124.91598,334.04,0.46,0.39,2026-05-13,05:38,N,low,2.0NRT,307.89,5.18,D
-17.73795,124.91529,337.77,0.46,0.39,2026-05-13,05:38,N,low,2.0NRT,308.07,5.18,D
-17.7387,124.91095,351.71,0.46,0.39,2026-05-13,05:38,N,nominal,2.0NRT,313.39,24.21,D
-17.73508,124.91027,342.8,0.46,0.39,2026-05-13,05:38,N,nominal,2.0NRT,309.99,13.43,D
-17.73072,124.91393,343.24,0.46,0.39,2026-05-13,05:38,N,nominal,2.0NRT,309.82,10.95,D
-17.73146,124.90958,356.04,0.46,0.39,2026-05-13,05:38,N,nominal,2.0NRT,307.94,13.43,D
-17.7322,124.90527,335.14,0.46,0.39,2026-05-13,05:38,N,low,2.0NRT,305.63,13.43,D
-17.72348,124.91257,341.89,0.46,0.39,2026-05-13,05:38,N,nominal,2.0NRT,307.64,10.3,D
-17.06535,128.49741,330.89,0.5,0.49,2026-05-13,05:38,N,nominal,2.0NRT,299.32,4.13,D
-17.71911,124.91624,334.82,0.46,0.39,2026-05-13,05:38,N,low,2.0NRT,306.51,5.21,D
-17.7206,124.90758,338.89,0.46,0.39,2026-05-13,05:38,N,nominal,2.0NRT,306.46,6.45,D
-17.71624,124.91122,341.47,0.46,0.39,2026-05-13,05:38,N,nominal,2.0NRT,308.39,5.21,D
-16.34651,131.98445,331.41,0.43,0.62,2026-05-13,05:38,N,nominal,2.0NRT,293.79,5.58,D
-16.34738,131.98033,334.55,0.43,0.62,2026-05-13,05:38,N,nominal,2.0NRT,296.23,9.22,D
-17.71337,124.90621,352.3,0.46,0.39,2026-05-13,05:38,N,nominal,2.0NRT,308.29,7.68,D
-17.71412,124.90186,350.54,0.46,0.39,2026-05-13,05:38,N,nominal,2.0NRT,306.44,7.68,D
-17.7105,124.90118,346.17,0.46,0.39,2026-05-13,05:38,N,nominal,2.0NRT,303.05,7.68,D
-17.70701,124.87818,335.28,0.46,0.39,2026-05-13,05:38,N,nominal,2.0NRT,304.63,3.29,D
-17.68813,124.8574,346.79,0.46,0.39,2026-05-13,05:38,N,nominal,2.0NRT,305.72,8.96,D
-17.68886,124.8531,337.91,0.46,0.39,2026-05-13,05:38,N,nominal,2.0NRT,307.29,8.96,D
-17.68959,124.84877,331.62,0.46,0.39,2026-05-13,05:38,N,low,2.0NRT,306.35,5.13,D
-17.68525,124.85242,353.73,0.46,0.39,2026-05-13,05:38,N,nominal,2.0NRT,305.92,8.96,D
-17.68598,124.84808,337.15,0.46,0.39,2026-05-13,05:38,N,low,2.0NRT,307.32,5.13,D
-16.34661,131.98314,337.06,0.43,0.62,2026-05-13,05:38,N,nominal,2.0NRT,294.48,6.33,D
-16.34746,131.979,331.1,0.43,0.62,2026-05-13,05:38,N,nominal,2.0NRT,296.42,8.75,D
-17.68237,124.84743,354.8,0.46,0.39,2026-05-13,05:38,N,nominal,2.0NRT,307.55,16.6,D
-17.6831,124.8431,331.55,0.46,0.39,2026-05-13,05:38,N,low,2.0NRT,305.84,16.6,D
-17.09257,128.15022,333.7,0.48,0.48,2026-05-13,05:38,N,nominal,2.0NRT,297.91,5.83,D
-17.08437,128.12057,336.24,0.47,0.48,2026-05-13,05:38,N,nominal,2.0NRT,298.88,4.75,D
-17.07998,128.11963,334.92,0.47,0.48,2026-05-13,05:38,N,nominal,2.0NRT,300.69,4.75,D
-17.0808,128.11522,335.9,0.47,0.48,2026-05-13,05:38,N,nominal,2.0NRT,299.74,3.67,D
-17.66943,124.81387,333.71,0.46,0.39,2026-05-13,05:38,N,low,2.0NRT,307.1,6.02,D
-17.66216,124.83477,336.76,0.46,0.39,2026-05-13,05:38,N,nominal,2.0NRT,304.97,10.62,D
-17.66363,124.82613,340.29,0.46,0.39,2026-05-13,05:38,N,nominal,2.0NRT,304.63,8.67,D
-17.66582,124.81319,341.81,0.46,0.39,2026-05-13,05:38,N,nominal,2.0NRT,303.83,5.88,D
-17.66655,124.80889,338.27,0.46,0.39,2026-05-13,05:38,N,nominal,2.0NRT,305.5,4.47,D
-17.67455,124.76167,344.84,0.45,0.39,2026-05-13,05:38,N,nominal,2.0NRT,307.91,8.42,D
-17.67528,124.75738,350.26,0.45,0.39,2026-05-13,05:38,N,nominal,2.0NRT,308.31,10.98,D
-17.65855,124.8341,367,0.46,0.39,2026-05-13,05:38,N,high,2.0NRT,307.77,10.62,D
-17.65929,124.82978,367,0.46,0.39,2026-05-13,05:38,N,high,2.0NRT,307.57,10.62,D
-17.65415,124.86004,343.13,0.46,0.39,2026-05-13,05:38,N,nominal,2.0NRT,304.44,4.24,D
-17.65782,124.83842,338.65,0.46,0.39,2026-05-13,05:38,N,nominal,2.0NRT,305.71,6.86,D
-17.67386,124.74386,340.88,0.45,0.39,2026-05-13,05:38,N,nominal,2.0NRT,307.47,5.7,D
-17.65127,124.85503,332.78,0.46,0.39,2026-05-13,05:38,N,low,2.0NRT,304.21,4.07,D
-17.652,124.85071,337.98,0.46,0.39,2026-05-13,05:38,N,nominal,2.0NRT,304.03,5.6,D
-17.65347,124.84206,334.18,0.46,0.39,2026-05-13,05:38,N,nominal,2.0NRT,302.86,2.44,D
-17.65421,124.83773,333.88,0.46,0.39,2026-05-13,05:38,N,nominal,2.0NRT,301.82,2.44,D
-17.65495,124.83341,332.11,0.46,0.39,2026-05-13,05:38,N,nominal,2.0NRT,301.73,3.52,D
-17.65568,124.82909,347.24,0.46,0.39,2026-05-13,05:38,N,nominal,2.0NRT,301.72,3.52,D
-17.65714,124.82048,336.08,0.46,0.39,2026-05-13,05:38,N,nominal,2.0NRT,303.43,3.45,D
-17.67026,124.74322,345.88,0.45,0.39,2026-05-13,05:38,N,nominal,2.0NRT,314.91,56.61,D
-17.1351,127.72788,354.73,0.45,0.47,2026-05-13,05:38,N,nominal,2.0NRT,298.42,12.58,D
-17.65354,124.81981,338.96,0.46,0.39,2026-05-13,05:38,N,nominal,2.0NRT,304.44,3.45,D
-17.67248,124.70828,339.83,0.45,0.39,2026-05-13,05:38,N,nominal,2.0NRT,305.29,5.58,D
-17.6732,124.70401,336.98,0.45,0.39,2026-05-13,05:38,N,nominal,2.0NRT,306.53,3.34,D
-17.67393,124.69973,334.01,0.45,0.39,2026-05-13,05:38,N,low,2.0NRT,305.11,3.34,D
-17.67465,124.69547,339.87,0.45,0.39,2026-05-13,05:38,N,nominal,2.0NRT,303.76,2.61,D
-17.13561,127.70129,339.11,0.45,0.47,2026-05-13,05:38,N,nominal,2.0NRT,293.26,3.11,D
-17.66961,124.70337,343.94,0.45,0.39,2026-05-13,05:38,N,nominal,2.0NRT,311.14,90.64,D
-17.67106,124.6948,348.43,0.45,0.39,2026-05-13,05:38,N,nominal,2.0NRT,303.22,14.43,D
-17.13293,127.69182,339.21,0.45,0.47,2026-05-13,05:38,N,nominal,2.0NRT,291.42,27.45,D
-17.13371,127.68767,356.3,0.44,0.46,2026-05-13,05:38,N,nominal,2.0NRT,305.68,27.45,D
-17.1345,127.68343,333.62,0.44,0.46,2026-05-13,05:38,N,nominal,2.0NRT,297.57,5.86,D
-17.67037,124.6771,338.19,0.45,0.39,2026-05-13,05:38,N,nominal,2.0NRT,303.63,6.02,D
-17.67182,124.66859,330.23,0.45,0.39,2026-05-13,05:38,N,low,2.0NRT,301.56,2.09,D
-17.67254,124.66434,334.11,0.45,0.39,2026-05-13,05:38,N,low,2.0NRT,304.7,2.09,D
-17.67326,124.66008,339.94,0.45,0.39,2026-05-13,05:38,N,nominal,2.0NRT,306.02,2.94,D
-17.67398,124.65585,332.21,0.45,0.39,2026-05-13,05:38,N,low,2.0NRT,304.05,2.94,D
-17.66534,124.68497,331.98,0.45,0.39,2026-05-13,05:38,N,nominal,2.0NRT,301.1,3.57,D
-17.66606,124.6807,336.08,0.45,0.39,2026-05-13,05:38,N,nominal,2.0NRT,303.95,3.57,D
-17.66679,124.67645,351.41,0.45,0.39,2026-05-13,05:38,N,nominal,2.0NRT,308.57,80.71,D
-17.66896,124.66368,348.36,0.45,0.39,2026-05-13,05:38,N,nominal,2.0NRT,306.89,78.82,D
-17.6704,124.65517,353.24,0.45,0.39,2026-05-13,05:38,N,nominal,2.0NRT,310.24,13.94,D
-17.67112,124.65094,333.91,0.45,0.39,2026-05-13,05:38,N,nominal,2.0NRT,303.96,9.6,D
-17.67184,124.64671,343.36,0.45,0.39,2026-05-13,05:38,N,nominal,2.0NRT,304.39,9.6,D
-17.67256,124.64247,330.27,0.45,0.39,2026-05-13,05:38,N,low,2.0NRT,302.29,14.35,D
-17.67615,124.62131,337.41,0.45,0.39,2026-05-13,05:38,N,nominal,2.0NRT,304.77,4.68,D
-17.622,124.91705,336.18,0.46,0.39,2026-05-13,05:38,N,low,2.0NRT,306.23,7.87,D
-17.62275,124.91268,350.96,0.46,0.39,2026-05-13,05:38,N,nominal,2.0NRT,311.22,7.87,D
-17.6235,124.90832,347.3,0.46,0.39,2026-05-13,05:38,N,nominal,2.0NRT,308.89,6.36,D
-17.62425,124.90395,340.28,0.46,0.39,2026-05-13,05:38,N,nominal,2.0NRT,307.63,6.36,D
-17.62499,124.8996,334.61,0.46,0.39,2026-05-13,05:38,N,low,2.0NRT,305.21,5.24,D
-17.63541,124.83875,340.1,0.46,0.39,2026-05-13,05:38,N,nominal,2.0NRT,305.33,5.91,D
-17.63763,124.82579,338.79,0.46,0.39,2026-05-13,05:38,N,nominal,2.0NRT,305.06,6.49,D
-17.66248,124.68005,340.26,0.45,0.39,2026-05-13,05:38,N,nominal,2.0NRT,300.83,3.57,D
-17.6632,124.67579,353.94,0.45,0.39,2026-05-13,05:38,N,nominal,2.0NRT,312.17,80.71,D
-17.6661,124.65877,342.83,0.45,0.39,2026-05-13,05:38,N,nominal,2.0NRT,307.26,13.94,D
-17.66682,124.65452,348.88,0.45,0.39,2026-05-13,05:38,N,nominal,2.0NRT,308.39,13.94,D
-17.66754,124.65028,348.91,0.45,0.39,2026-05-13,05:38,N,nominal,2.0NRT,304.51,9.6,D
-17.66826,124.64605,350.69,0.45,0.39,2026-05-13,05:38,N,nominal,2.0NRT,308.65,9.6,D
-17.66898,124.64182,345.05,0.45,0.39,2026-05-13,05:38,N,nominal,2.0NRT,308,14.35,D
-17.6697,124.63758,339.24,0.45,0.39,2026-05-13,05:38,N,nominal,2.0NRT,303.92,14.35,D
-17.67042,124.63335,335.36,0.45,0.39,2026-05-13,05:38,N,nominal,2.0NRT,303.97,4.03,D
-17.67113,124.62912,343.58,0.45,0.39,2026-05-13,05:38,N,nominal,2.0NRT,305.66,4.03,D
-17.67257,124.62065,342.03,0.45,0.39,2026-05-13,05:38,N,nominal,2.0NRT,305.97,4.68,D
-17.66393,124.67152,321.26,0.45,0.39,2026-05-13,05:38,N,low,2.0NRT,324.07,80.71,D
-17.66465,124.66726,367,0.45,0.39,2026-05-13,05:38,N,low,2.0NRT,326.19,78.82,D
-17.66537,124.66302,367,0.45,0.39,2026-05-13,05:38,N,low,2.0NRT,334.71,78.82,D
-17.66252,124.65811,367,0.45,0.39,2026-05-13,05:38,N,high,2.0NRT,328.97,217.82,D
-17.66756,124.62846,367,0.45,0.39,2026-05-13,05:38,N,high,2.0NRT,305.24,16.86,D
-17.61913,124.912,347.18,0.46,0.39,2026-05-13,05:38,N,nominal,2.0NRT,307.33,16.56,D
-17.61988,124.90763,347.84,0.46,0.39,2026-05-13,05:38,N,nominal,2.0NRT,307.97,12.57,D
-17.62063,124.90327,337.37,0.46,0.39,2026-05-13,05:38,N,nominal,2.0NRT,307.19,12.57,D
-17.63254,124.83377,333.6,0.46,0.39,2026-05-13,05:38,N,low,2.0NRT,304.98,4.93,D
-17.63328,124.82945,330.11,0.46,0.39,2026-05-13,05:38,N,low,2.0NRT,302.94,11.04,D
-17.63401,124.82512,340.95,0.46,0.39,2026-05-13,05:38,N,nominal,2.0NRT,303.78,11.04,D
-17.63475,124.82082,347.05,0.46,0.39,2026-05-13,05:38,N,nominal,2.0NRT,303.47,5.15,D
-17.66107,124.66661,346.76,0.45,0.39,2026-05-13,05:38,N,nominal,2.0NRT,297.72,38.13,D
-17.66179,124.66236,355.41,0.45,0.39,2026-05-13,05:38,N,nominal,2.0NRT,300.33,38.13,D
-17.66468,124.64539,352.46,0.45,0.39,2026-05-13,05:38,N,nominal,2.0NRT,316.43,128.24,D
-17.66828,124.62422,357.32,0.45,0.39,2026-05-13,05:38,N,nominal,2.0NRT,313.81,15.58,D
-17.669,124.62,338.59,0.45,0.39,2026-05-13,05:38,N,nominal,2.0NRT,304.34,15.58,D
-17.6654,124.64116,307.84,0.45,0.39,2026-05-13,05:38,N,low,2.0NRT,312.02,51.02,D
-17.61625,124.90694,346.5,0.46,0.39,2026-05-13,05:38,N,nominal,2.0NRT,308.14,12.57,D
-17.617,124.90259,338.23,0.46,0.39,2026-05-13,05:38,N,nominal,2.0NRT,302.94,12.57,D
-17.62893,124.83311,334.29,0.46,0.39,2026-05-13,05:38,N,low,2.0NRT,305.02,4.93,D
-17.62966,124.82878,355.83,0.46,0.39,2026-05-13,05:38,N,nominal,2.0NRT,309.67,11.04,D
-17.6647,124.62357,344.16,0.45,0.39,2026-05-13,05:38,N,nominal,2.0NRT,303.33,15.58,D
-17.66542,124.61933,346.45,0.45,0.39,2026-05-13,05:38,N,nominal,2.0NRT,304.51,15.58,D
-17.61488,124.89319,335.53,0.46,0.39,2026-05-13,05:38,N,nominal,2.0NRT,304.17,2.74,D
-17.62012,124.8627,338.97,0.46,0.39,2026-05-13,05:38,N,nominal,2.0NRT,307.29,3.9,D
-17.62086,124.85837,335.49,0.46,0.39,2026-05-13,05:38,N,low,2.0NRT,306.54,3.9,D
-17.62531,124.83246,348.95,0.46,0.39,2026-05-13,05:38,N,nominal,2.0NRT,305.8,7.7,D
-17.62605,124.82814,349.02,0.46,0.39,2026-05-13,05:38,N,nominal,2.0NRT,304.07,11.71,D
-17.61725,124.85772,339.78,0.46,0.39,2026-05-13,05:38,N,nominal,2.0NRT,303.71,3.9,D
-17.61799,124.85339,344.99,0.46,0.39,2026-05-13,05:38,N,nominal,2.0NRT,307.19,12.01,D
-17.61873,124.84908,353.14,0.46,0.39,2026-05-13,05:38,N,nominal,2.0NRT,310.59,12.01,D
-17.61947,124.84475,346.77,0.46,0.39,2026-05-13,05:38,N,nominal,2.0NRT,306.07,10.12,D
-17.6217,124.83179,343.86,0.46,0.39,2026-05-13,05:38,N,nominal,2.0NRT,305.89,7.7,D
-17.61437,124.85273,354.12,0.46,0.39,2026-05-13,05:38,N,nominal,2.0NRT,306.34,35.18,D
-17.61512,124.84841,347.54,0.46,0.39,2026-05-13,05:38,N,nominal,2.0NRT,309.46,35.18,D
-17.61586,124.84409,347.8,0.46,0.39,2026-05-13,05:38,N,nominal,2.0NRT,303.2,10.89,D
-17.6166,124.83977,333.36,0.46,0.39,2026-05-13,05:38,N,low,2.0NRT,306.22,10.89,D
-17.61809,124.83112,349.54,0.46,0.39,2026-05-13,05:38,N,nominal,2.0NRT,309.29,17.11,D
-17.06869,127.84304,343.56,0.46,0.47,2026-05-13,05:38,N,nominal,2.0NRT,301.05,8.54,D
-17.09299,127.71497,346.68,0.45,0.47,2026-05-13,05:38,N,nominal,2.0NRT,302.63,7.54,D
-17.06354,127.84651,343.91,0.46,0.47,2026-05-13,05:38,N,nominal,2.0NRT,300.51,4.51,D
-17.0871,127.72252,335.57,0.45,0.47,2026-05-13,05:38,N,nominal,2.0NRT,302.39,5.45,D
-17.05837,127.85001,330.12,0.46,0.47,2026-05-13,05:38,N,nominal,2.0NRT,298.96,4.3,D
-17.0592,127.84566,331.34,0.46,0.47,2026-05-13,05:38,N,nominal,2.0NRT,298.32,4.51,D
-17.06002,127.84136,343.89,0.46,0.47,2026-05-13,05:38,N,nominal,2.0NRT,296.83,4.51,D
-17.05569,127.84052,344.09,0.46,0.47,2026-05-13,05:38,N,nominal,2.0NRT,297.42,11.43,D
-17.62067,124.72965,339.52,0.45,0.39,2026-05-13,05:38,N,nominal,2.0NRT,305.15,2.38,D
-17.59026,124.88425,337.57,0.46,0.39,2026-05-13,05:38,N,nominal,2.0NRT,306.47,4.96,D
-17.61708,124.729,331.33,0.45,0.39,2026-05-13,05:38,N,low,2.0NRT,304.81,2.38,D
-17.59061,124.88065,338.2,0.46,0.39,2026-05-13,05:38,N,nominal,2.0NRT,307.5,6.45,D
-17.08539,127.72254,330.55,0.45,0.47,2026-05-13,05:38,N,low,2.0NRT,300.83,3.06,D
-17.05836,127.84595,344.04,0.46,0.47,2026-05-13,05:38,N,nominal,2.0NRT,298.34,7.63,D
-17.05915,127.84164,347.9,0.46,0.47,2026-05-13,05:38,N,nominal,2.0NRT,297.74,7.63,D
-17.60512,124.72751,330.33,0.45,0.39,2026-05-13,05:38,N,low,2.0NRT,304.62,1.87,D
-17.0556,127.83649,333.64,0.46,0.47,2026-05-13,05:38,N,nominal,2.0NRT,295.05,3.49,D
-17.59793,124.72618,333.13,0.45,0.39,2026-05-13,05:38,N,low,2.0NRT,303.22,2.63,D
-17.0386,127.85565,336.46,0.46,0.47,2026-05-13,05:38,N,nominal,2.0NRT,299.37,5.37,D
-17.59074,124.72485,332.34,0.45,0.39,2026-05-13,05:38,N,low,2.0NRT,303.6,3.68,D
-17.54004,125.00271,330.72,0.47,0.4,2026-05-13,05:38,N,low,2.0NRT,303.5,2.89,D
-17.53564,125.00644,334.32,0.47,0.4,2026-05-13,05:38,N,low,2.0NRT,304.85,4.95,D
-17.53714,124.99761,330.81,0.47,0.4,2026-05-13,05:38,N,low,2.0NRT,302.52,2.89,D
-17.532,125.00577,336.51,0.47,0.4,2026-05-13,05:38,N,nominal,2.0NRT,306.36,3.19,D
-17.5335,124.99693,349.77,0.47,0.4,2026-05-13,05:38,N,nominal,2.0NRT,306.36,18.9,D
-17.52835,125.0051,332.51,0.47,0.4,2026-05-13,05:38,N,low,2.0NRT,306.42,3.19,D
-17.53061,124.99184,342.43,0.47,0.4,2026-05-13,05:38,N,low,2.0NRT,315.93,61.33,D
-17.52696,124.99118,344.05,0.47,0.4,2026-05-13,05:38,N,nominal,2.0NRT,308.7,119.3,D
-17.5203,125.00817,332.7,0.47,0.4,2026-05-13,05:38,N,low,2.0NRT,303.3,5.49,D
-17.51665,125.00748,341.82,0.47,0.4,2026-05-13,05:38,N,nominal,2.0NRT,305.08,4.29,D
-17.52118,124.98103,338.31,0.47,0.4,2026-05-13,05:38,N,nominal,2.0NRT,293.62,27.04,D
-17.51225,125.01125,333.56,0.47,0.4,2026-05-13,05:38,N,nominal,2.0NRT,302.73,2.98,D
-17.51301,125.00682,335.71,0.47,0.4,2026-05-13,05:38,N,nominal,2.0NRT,305.45,4.29,D
-17.51678,124.98474,338.16,0.47,0.4,2026-05-13,05:38,N,nominal,2.0NRT,304.15,67.94,D
-17.5086,125.01056,342.54,0.47,0.4,2026-05-13,05:38,N,nominal,2.0NRT,305.02,7.05,D
-17.51314,124.98408,367,0.47,0.4,2026-05-13,05:38,N,low,2.0NRT,325.64,128.29,D
-17.5095,124.98342,367,0.47,0.4,2026-05-13,05:38,N,high,2.0NRT,335.69,128.29,D
-17.00328,127.80409,339.2,0.45,0.47,2026-05-13,05:38,N,nominal,2.0NRT,299.51,6.08,D
-17.55404,124.7226,346.62,0.45,0.39,2026-05-13,05:38,N,nominal,2.0NRT,306.72,10.42,D
-17.55477,124.71832,337.8,0.45,0.39,2026-05-13,05:38,N,nominal,2.0NRT,305.42,4.41,D
-17.50585,124.98275,367,0.47,0.4,2026-05-13,05:38,N,high,2.0NRT,336.92,120.94,D
-16.99895,127.80325,343.55,0.45,0.47,2026-05-13,05:38,N,nominal,2.0NRT,298.86,7.29,D
-17.50509,124.98714,336.12,0.47,0.4,2026-05-13,05:38,N,nominal,2.0NRT,306.42,120.94,D
-17.55044,124.72195,331.91,0.45,0.39,2026-05-13,05:38,N,nominal,2.0NRT,302.83,2.8,D
-17.55117,124.71766,339.95,0.45,0.39,2026-05-13,05:38,N,nominal,2.0NRT,302.27,3.97,D
-17.49766,125.00854,333.69,0.47,0.4,2026-05-13,05:38,N,low,2.0NRT,304.97,5.35,D
-17.49842,125.00413,337.09,0.47,0.4,2026-05-13,05:38,N,nominal,2.0NRT,302.66,7.1,D
-17.49918,124.99972,350.05,0.47,0.4,2026-05-13,05:38,N,nominal,2.0NRT,303.27,7.1,D
-17.49994,124.99529,334.32,0.47,0.4,2026-05-13,05:38,N,low,2.0NRT,305.3,7.22,D
-17.54612,124.72556,331.03,0.45,0.39,2026-05-13,05:38,N,low,2.0NRT,304.04,2.8,D
-17.50145,124.98648,367,0.47,0.4,2026-05-13,05:38,N,low,2.0NRT,328.42,120.94,D
-17.49249,125.01669,340.71,0.47,0.4,2026-05-13,05:38,N,nominal,2.0NRT,305.19,6.34,D
-17.49477,125.00346,333.02,0.47,0.4,2026-05-13,05:38,N,low,2.0NRT,304.39,16.64,D
-17.49553,124.99903,347.22,0.47,0.4,2026-05-13,05:38,N,nominal,2.0NRT,302.03,16.64,D
-17.49857,124.9814,330.26,0.47,0.4,2026-05-13,05:38,N,low,2.0NRT,300.92,116.09,D
-17.49629,124.99462,322.09,0.47,0.4,2026-05-13,05:38,N,low,2.0NRT,324.01,157.09,D
-17.49705,124.99022,367,0.47,0.4,2026-05-13,05:38,N,low,2.0NRT,336.71,157.09,D
-17.49781,124.98581,367,0.47,0.4,2026-05-13,05:38,N,low,2.0NRT,342.19,116.09,D
-17.48884,125.01601,339.61,0.47,0.4,2026-05-13,05:38,N,nominal,2.0NRT,306.31,6.34,D
-17.49112,125.00279,334.24,0.47,0.4,2026-05-13,05:38,N,nominal,2.0NRT,303.82,16.64,D
-17.49188,124.99836,343.1,0.47,0.4,2026-05-13,05:38,N,low,2.0NRT,313.59,16.64,D
-17.53965,124.71995,345.51,0.45,0.39,2026-05-13,05:38,N,nominal,2.0NRT,308.02,12.52,D
-17.48519,125.01534,336.07,0.47,0.4,2026-05-13,05:38,N,nominal,2.0NRT,306.2,8.17,D
-17.48671,125.00652,346.36,0.47,0.4,2026-05-13,05:38,N,nominal,2.0NRT,303.21,10.65,D
-17.48747,125.00211,351.87,0.47,0.4,2026-05-13,05:38,N,nominal,2.0NRT,302.72,54.81,D
-17.53533,124.72356,333.33,0.45,0.39,2026-05-13,05:38,N,low,2.0NRT,305.66,2.79,D
-17.53606,124.71928,331.71,0.45,0.39,2026-05-13,05:38,N,low,2.0NRT,304.08,2.79,D
-17.48824,124.9977,367,0.47,0.4,2026-05-13,05:38,N,low,2.0NRT,330.48,54.81,D
-17.48154,125.01466,337.52,0.47,0.4,2026-05-13,05:38,N,nominal,2.0NRT,305.94,8.17,D
-17.48383,125.00143,337.82,0.47,0.4,2026-05-13,05:38,N,nominal,2.0NRT,302.61,54.81,D
-17.531,124.72718,352.61,0.45,0.39,2026-05-13,05:38,N,nominal,2.0NRT,309.8,13.02,D
-17.53173,124.7229,334.61,0.45,0.39,2026-05-13,05:38,N,low,2.0NRT,304.96,2.79,D
-17.47789,125.01398,339.77,0.47,0.4,2026-05-13,05:38,N,nominal,2.0NRT,304.06,4.41,D
-17.48018,125.00077,339.14,0.47,0.4,2026-05-13,05:38,N,nominal,2.0NRT,300.9,30.11,D
-17.5274,124.72652,349.13,0.45,0.39,2026-05-13,05:38,N,nominal,2.0NRT,307.5,6.23,D
-17.52813,124.72224,346.26,0.45,0.39,2026-05-13,05:38,N,nominal,2.0NRT,305.28,18.45,D
-17.47425,125.01329,337.69,0.47,0.4,2026-05-13,05:38,N,nominal,2.0NRT,303.27,4.41,D
-17.47653,125.00008,336.84,0.47,0.4,2026-05-13,05:38,N,nominal,2.0NRT,304.48,30.11,D
-17.5238,124.72587,333.95,0.45,0.39,2026-05-13,05:38,N,low,2.0NRT,307.44,6.23,D
-17.52454,124.72159,350.38,0.45,0.39,2026-05-13,05:38,N,nominal,2.0NRT,311.36,18.45,D
-17.47059,125.01261,330.97,0.47,0.4,2026-05-13,05:38,N,low,2.0NRT,303.34,4.69,D
-17.51947,124.72947,342.31,0.46,0.39,2026-05-13,05:38,N,nominal,2.0NRT,307.42,7.96,D
-17.5202,124.7252,354.38,0.45,0.39,2026-05-13,05:38,N,nominal,2.0NRT,310.03,7.96,D
-17.52094,124.72092,348.77,0.45,0.39,2026-05-13,05:38,N,nominal,2.0NRT,311.39,31.4,D
-17.52167,124.71664,307.18,0.45,0.39,2026-05-13,05:38,N,low,2.0NRT,317.02,31.4,D
-16.92097,127.99993,341.79,0.47,0.48,2026-05-13,05:38,N,nominal,2.0NRT,300.95,12.63,D
-16.92183,127.99548,345.19,0.47,0.48,2026-05-13,05:38,N,nominal,2.0NRT,296.24,12.63,D
-17.4662,125.01624,340.36,0.47,0.4,2026-05-13,05:38,N,nominal,2.0NRT,304.04,4.69,D
-17.47153,124.98551,332.06,0.47,0.4,2026-05-13,05:38,N,nominal,2.0NRT,293.79,10.78,D
-17.5166,124.72454,349.65,0.45,0.39,2026-05-13,05:38,N,nominal,2.0NRT,304.22,7.96,D
-17.51807,124.71599,343.63,0.45,0.39,2026-05-13,05:38,N,nominal,2.0NRT,303.32,31.4,D
-17.46255,125.01559,334,0.47,0.4,2026-05-13,05:38,N,nominal,2.0NRT,303.41,4.44,D
-17.46636,124.99365,343.98,0.47,0.4,2026-05-13,05:38,N,low,2.0NRT,314.66,59.14,D
-17.51227,124.72816,335.49,0.46,0.39,2026-05-13,05:38,N,low,2.0NRT,308.82,16.6,D
-17.513,124.72388,356.46,0.45,0.39,2026-05-13,05:38,N,nominal,2.0NRT,311.75,16.6,D
-17.46712,124.98925,315.1,0.47,0.4,2026-05-13,05:38,N,low,2.0NRT,319.94,162.66,D
-16.91051,128.00699,336.06,0.47,0.48,2026-05-13,05:38,N,nominal,2.0NRT,300.18,6.46,D
-17.45889,125.01492,336.08,0.47,0.4,2026-05-13,05:38,N,nominal,2.0NRT,302.71,4.44,D
-17.46271,124.99298,333.7,0.47,0.4,2026-05-13,05:38,N,low,2.0NRT,303.93,59.14,D
-17.50867,124.72751,344.4,0.46,0.39,2026-05-13,05:38,N,nominal,2.0NRT,309.46,16.6,D
-17.50941,124.72323,355.49,0.45,0.39,2026-05-13,05:38,N,nominal,2.0NRT,317.06,16.6,D
-17.50581,124.72256,367,0.45,0.39,2026-05-13,05:38,N,high,2.0NRT,305.84,11.09,D
-17.456,125.0099,335.68,0.47,0.4,2026-05-13,05:38,N,nominal,2.0NRT,304.73,3.94,D
-17.4583,124.9967,345.37,0.47,0.4,2026-05-13,05:38,N,nominal,2.0NRT,303.36,16.95,D
-17.45906,124.99229,338.86,0.47,0.4,2026-05-13,05:38,N,nominal,2.0NRT,301.94,16.95,D
-17.45983,124.98788,333.01,0.47,0.4,2026-05-13,05:38,N,nominal,2.0NRT,300.34,11.16,D
-17.50507,124.72684,332.62,0.46,0.39,2026-05-13,05:38,N,nominal,2.0NRT,306.06,11.09,D
-17.45235,125.00922,341.24,0.47,0.4,2026-05-13,05:38,N,nominal,2.0NRT,303.1,3.94,D
-17.45465,124.99603,342.09,0.47,0.4,2026-05-13,05:38,N,nominal,2.0NRT,306.55,16.95,D
-17.4605,125.01225,332.07,0.47,0.4,2026-05-13,05:38,N,low,2.0NRT,304.89,3.73,D
-17.50876,124.72437,355.71,0.46,0.39,2026-05-13,05:38,N,nominal,2.0NRT,317.87,23.32,D
-17.50948,124.72009,335.45,0.46,0.39,2026-05-13,05:38,N,low,2.0NRT,307.71,12.43,D
-17.45685,125.01157,344.67,0.47,0.4,2026-05-13,05:38,N,nominal,2.0NRT,303.76,3.73,D
-17.46056,124.98954,349.95,0.47,0.4,2026-05-13,05:38,N,nominal,2.0NRT,305.83,171.56,D
-17.50516,124.72369,342.42,0.46,0.39,2026-05-13,05:38,N,nominal,2.0NRT,304.63,23.32,D
-17.4532,125.0109,333.53,0.47,0.4,2026-05-13,05:38,N,nominal,2.0NRT,301.93,2.5,D
-17.45617,124.99326,339.28,0.47,0.4,2026-05-13,05:38,N,nominal,2.0NRT,306.53,37.03,D
-16.92266,127.99713,356.26,0.47,0.48,2026-05-13,05:38,N,nominal,2.0NRT,299.65,19.42,D
-17.45029,125.00581,352.81,0.47,0.4,2026-05-13,05:38,N,nominal,2.0NRT,304.13,11.2,D
-17.49797,124.72237,349.63,0.46,0.39,2026-05-13,05:38,N,nominal,2.0NRT,305.64,7.41,D
-16.91829,127.99616,345.86,0.47,0.48,2026-05-13,05:38,N,nominal,2.0NRT,297.9,9.37,D
-17.44664,125.00513,334.32,0.47,0.4,2026-05-13,05:38,N,nominal,2.0NRT,301.41,63.78,D
-17.44375,124.99999,344.3,0.47,0.4,2026-05-13,05:38,N,nominal,2.0NRT,305.35,63.78,D
-17.44449,124.99559,346.49,0.47,0.4,2026-05-13,05:38,N,nominal,2.0NRT,308.58,38.53,D
-17.49005,124.72532,349.27,0.46,0.39,2026-05-13,05:38,N,nominal,2.0NRT,306.98,7.05,D
-16.90704,128.0078,352.33,0.47,0.48,2026-05-13,05:38,N,nominal,2.0NRT,301.49,10.58,D
-16.90787,128.00331,339.81,0.47,0.48,2026-05-13,05:38,N,nominal,2.0NRT,300.21,10.58,D
-17.44085,124.99487,343.82,0.47,0.4,2026-05-13,05:38,N,nominal,2.0NRT,305.32,47.83,D
-16.90182,128.01138,341.89,0.47,0.48,2026-05-13,05:38,N,nominal,2.0NRT,300.64,14.08,D
-16.90265,128.0069,339.68,0.47,0.48,2026-05-13,05:38,N,nominal,2.0NRT,301.17,10.58,D
-17.43795,124.98978,347.02,0.47,0.4,2026-05-13,05:38,N,nominal,2.0NRT,300.89,47.83,D
-17.43869,124.98541,338.48,0.47,0.4,2026-05-13,05:38,N,nominal,2.0NRT,303.58,5.17,D
-17.43943,124.98104,345.04,0.47,0.4,2026-05-13,05:38,N,nominal,2.0NRT,304,5.17,D
-17.44018,124.97663,356.3,0.47,0.4,2026-05-13,05:38,N,nominal,2.0NRT,302.59,9.74,D
-16.89744,128.01045,347.91,0.47,0.48,2026-05-13,05:38,N,nominal,2.0NRT,298.94,9.42,D
-17.43505,124.98467,341.17,0.47,0.4,2026-05-13,05:38,N,nominal,2.0NRT,302.48,3.93,D
-17.4358,124.9803,333.64,0.47,0.4,2026-05-13,05:38,N,nominal,2.0NRT,303.6,3.93,D
-17.43728,124.97157,354.15,0.47,0.4,2026-05-13,05:38,N,nominal,2.0NRT,301.63,12.19,D
-17.43803,124.96716,334.78,0.47,0.4,2026-05-13,05:38,N,nominal,2.0NRT,298.42,3.92,D
-17.43217,124.97955,343.26,0.47,0.4,2026-05-13,05:38,N,nominal,2.0NRT,302.41,3.93,D
-17.43439,124.96647,343.44,0.47,0.4,2026-05-13,05:38,N,nominal,2.0NRT,301.85,3.92,D
-17.43513,124.9621,333.14,0.47,0.4,2026-05-13,05:38,N,nominal,2.0NRT,299.2,3.92,D
-17.47638,124.71838,337.67,0.46,0.39,2026-05-13,05:38,N,nominal,2.0NRT,306.85,3.67,D
-16.88699,128.01765,340.43,0.47,0.48,2026-05-13,05:38,N,nominal,2.0NRT,299.21,5.6,D
-17.42927,124.97447,335.94,0.47,0.4,2026-05-13,05:38,N,nominal,2.0NRT,301.31,3.98,D
-17.43149,124.9614,348.04,0.47,0.4,2026-05-13,05:38,N,nominal,2.0NRT,302.25,12.1,D
-17.43224,124.95702,350.45,0.47,0.4,2026-05-13,05:38,N,nominal,2.0NRT,301.4,8.3,D
-17.43299,124.95261,346.23,0.47,0.39,2026-05-13,05:38,N,nominal,2.0NRT,299.97,8.3,D
-17.43373,124.94823,336.63,0.47,0.39,2026-05-13,05:38,N,nominal,2.0NRT,299.67,3.3,D
-17.43448,124.94382,331.58,0.47,0.39,2026-05-13,05:38,N,nominal,2.0NRT,298.62,3.3,D
-17.43747,124.92625,330.74,0.47,0.39,2026-05-13,05:38,N,nominal,2.0NRT,299.92,3.95,D
-17.47278,124.71771,333.86,0.46,0.39,2026-05-13,05:38,N,low,2.0NRT,305.99,2.61,D
-17.43607,124.91242,337.73,0.46,0.39,2026-05-13,05:38,N,nominal,2.0NRT,300.85,6.42,D
-17.43681,124.90804,347.24,0.46,0.39,2026-05-13,05:38,N,nominal,2.0NRT,302.83,6.42,D
-17.44646,124.85126,351.62,0.46,0.39,2026-05-13,05:38,N,nominal,2.0NRT,305.38,5.23,D
-17.44719,124.84689,332.68,0.46,0.39,2026-05-13,05:38,N,low,2.0NRT,305.15,5.23,D
-17.44793,124.84255,356.1,0.46,0.39,2026-05-13,05:38,N,nominal,2.0NRT,306.5,8.71,D
-17.44867,124.83821,341.25,0.46,0.39,2026-05-13,05:38,N,nominal,2.0NRT,307.75,8.71,D
-17.42571,124.95125,332.23,0.47,0.39,2026-05-13,05:38,N,nominal,2.0NRT,298.62,2.5,D
-17.43169,124.91613,348.39,0.47,0.39,2026-05-13,05:38,N,nominal,2.0NRT,302.86,10.39,D
-17.43541,124.89423,332.74,0.46,0.39,2026-05-13,05:38,N,nominal,2.0NRT,301.12,9,D
-17.43616,124.88987,341.89,0.46,0.39,2026-05-13,05:38,N,nominal,2.0NRT,304.91,9,D
-17.4369,124.88549,337.54,0.46,0.39,2026-05-13,05:38,N,nominal,2.0NRT,305.58,27.56,D
-17.44431,124.84188,347.15,0.46,0.39,2026-05-13,05:38,N,nominal,2.0NRT,306.87,43.95,D
-17.44505,124.83754,354.74,0.46,0.39,2026-05-13,05:38,N,nominal,2.0NRT,312.63,43.95,D
-17.43253,124.88921,351.69,0.46,0.39,2026-05-13,05:38,N,nominal,2.0NRT,303.05,9,D
-17.43327,124.88483,352.57,0.46,0.39,2026-05-13,05:38,N,nominal,2.0NRT,308.14,27.56,D
-17.4355,124.87172,335.37,0.46,0.39,2026-05-13,05:38,N,nominal,2.0NRT,302.06,6.25,D
-17.44069,124.84122,356.71,0.46,0.39,2026-05-13,05:38,N,nominal,2.0NRT,308.45,43.95,D
-17.44364,124.82384,342.61,0.46,0.39,2026-05-13,05:38,N,nominal,2.0NRT,306.96,4.23,D
-17.4598,124.7286,340.29,0.46,0.39,2026-05-13,05:38,N,nominal,2.0NRT,306.13,4.82,D
-16.89242,127.89122,330.67,0.46,0.47,2026-05-13,05:38,N,nominal,2.0NRT,300.64,5.61,D
-16.89322,127.88696,341.08,0.46,0.47,2026-05-13,05:38,N,nominal,2.0NRT,299.24,4.27,D
-17.43707,124.84056,335.37,0.46,0.39,2026-05-13,05:38,N,nominal,2.0NRT,302.62,26.84,D
-17.43781,124.83621,334.7,0.46,0.39,2026-05-13,05:38,N,low,2.0NRT,307.97,26.84,D
-17.43929,124.82751,335.66,0.46,0.39,2026-05-13,05:38,N,nominal,2.0NRT,303.82,4.53,D
-17.45474,124.73652,337.77,0.46,0.39,2026-05-13,05:38,N,nominal,2.0NRT,307.22,4.42,D
-16.86257,128.02628,338.59,0.47,0.48,2026-05-13,05:38,N,nominal,2.0NRT,299.04,3.81,D
-17.4364,124.8225,332.7,0.46,0.39,2026-05-13,05:38,N,low,2.0NRT,305.94,7.63,D
-17.43788,124.81384,334.22,0.46,0.39,2026-05-13,05:38,N,low,2.0NRT,306.26,2.48,D
-17.45114,124.73586,343.76,0.46,0.39,2026-05-13,05:38,N,nominal,2.0NRT,305.66,4.42,D
-17.45187,124.73156,338.63,0.46,0.39,2026-05-13,05:38,N,nominal,2.0NRT,304.49,4.42,D
-17.4526,124.72726,335.98,0.46,0.39,2026-05-13,05:38,N,nominal,2.0NRT,304.61,5.93,D
-17.43427,124.81317,334.95,0.46,0.39,2026-05-13,05:38,N,low,2.0NRT,305.08,3.07,D
-16.8793,127.88887,367,0.46,0.47,2026-05-13,05:38,N,high,2.0NRT,302.41,15.15,D
-16.8809,127.88033,333.28,0.46,0.47,2026-05-13,05:38,N,nominal,2.0NRT,298.13,5.48,D
-16.80949,128.23419,344.89,0.49,0.48,2026-05-13,05:38,N,nominal,2.0NRT,300.76,6.31,D
-16.87492,127.88811,346.93,0.46,0.47,2026-05-13,05:38,N,nominal,2.0NRT,303.87,13.43,D
-16.79347,128.2453,345.64,0.49,0.48,2026-05-13,05:38,N,nominal,2.0NRT,301.89,8.89,D
-12.42607,131.03288,330.78,0.44,0.63,2026-05-13,05:40,N,nominal,2.0NRT,292.05,2.45,D
-12.50162,130.61401,367,0.42,0.61,2026-05-13,05:40,N,high,2.0NRT,293.28,7.98,D
-11.79013,130.49887,334.46,0.42,0.61,2026-05-13,05:40,N,nominal,2.0NRT,290.96,5.89,D
-11.78443,130.49796,349.92,0.42,0.61,2026-05-13,05:40,N,nominal,2.0NRT,291.32,13.21,D
-11.7852,130.49405,338.38,0.42,0.61,2026-05-13,05:40,N,nominal,2.0NRT,290.59,5.16,D
-11.79876,130.50423,328.43,0.42,0.61,2026-05-13,05:40,N,nominal,2.0NRT,290.63,3.75,D
-11.78815,130.49823,345.42,0.42,0.61,2026-05-13,05:40,N,nominal,2.0NRT,291.31,8.95,D
-11.78245,130.49728,343.01,0.42,0.61,2026-05-13,05:40,N,nominal,2.0NRT,290.92,11.31,D
-11.7832,130.49336,332.35,0.42,0.61,2026-05-13,05:40,N,nominal,2.0NRT,290.26,3.94,D
-11.80699,130.1573,328.11,0.4,0.6,2026-05-13,05:40,N,nominal,2.0NRT,290.63,4.93,D
-11.76083,130.33618,338.41,0.41,0.61,2026-05-13,05:40,N,nominal,2.0NRT,290.62,4.18,D
-11.76156,130.33243,328.31,0.41,0.61,2026-05-13,05:40,N,nominal,2.0NRT,290.58,4.18,D
-11.77467,130.2052,336.35,0.4,0.6,2026-05-13,05:40,N,nominal,2.0NRT,291.23,4.26,D
-11.7754,130.20148,336.33,0.4,0.6,2026-05-13,05:40,N,nominal,2.0NRT,290.88,4.26,D
-11.76837,130.20792,333.34,0.4,0.6,2026-05-13,05:40,N,nominal,2.0NRT,291.42,4.21,D
-11.77586,130.13988,328.15,0.4,0.6,2026-05-13,05:40,N,nominal,2.0NRT,290.6,5.93,D
-11.77104,130.13516,331.96,0.4,0.6,2026-05-13,05:40,N,nominal,2.0NRT,290.91,4.5,D
-11.77178,130.13135,340.24,0.4,0.6,2026-05-13,05:40,N,nominal,2.0NRT,290.73,4.5,D
-11.7435,130.2464,333.85,0.41,0.6,2026-05-13,05:40,N,nominal,2.0NRT,291.19,3,D
-11.73344,130.26807,334.38,0.41,0.6,2026-05-13,05:40,N,nominal,2.0NRT,290.93,3.87,D
-11.73421,130.26414,342.6,0.41,0.6,2026-05-13,05:40,N,nominal,2.0NRT,290.93,3.87,D
-11.75919,130.13692,328.93,0.4,0.6,2026-05-13,05:40,N,nominal,2.0NRT,291.23,7.19,D
-11.72784,130.26706,338.29,0.41,0.6,2026-05-13,05:40,N,nominal,2.0NRT,290.78,3.87,D
-11.74271,130.19153,343.53,0.4,0.6,2026-05-13,05:40,N,nominal,2.0NRT,291.4,5.4,D
-11.7544,130.13206,342.02,0.4,0.6,2026-05-13,05:40,N,nominal,2.0NRT,291.12,5.29,D
-11.75514,130.12827,336.61,0.4,0.6,2026-05-13,05:40,N,nominal,2.0NRT,290.89,5.29,D
-11.72301,130.26212,330.73,0.41,0.6,2026-05-13,05:40,N,nominal,2.0NRT,289.3,3.29,D
-11.73647,130.26691,334.79,0.41,0.6,2026-05-13,05:40,N,nominal,2.0NRT,290.58,4.84,D
-11.74074,130.24432,329.3,0.41,0.6,2026-05-13,05:40,N,nominal,2.0NRT,290.68,4.26,D
-11.76054,130.13934,334.09,0.4,0.6,2026-05-13,05:40,N,nominal,2.0NRT,291.09,5.21,D
-11.73087,130.26587,338.44,0.41,0.6,2026-05-13,05:40,N,nominal,2.0NRT,290.53,8.05,D
-11.74516,130.19034,348.86,0.4,0.6,2026-05-13,05:40,N,nominal,2.0NRT,291.37,3.94,D
-11.75644,130.13062,353.46,0.4,0.6,2026-05-13,05:40,N,nominal,2.0NRT,291.82,8.28,D
-11.67091,130.39703,336.29,0.42,0.61,2026-05-13,05:40,N,nominal,2.0NRT,290.66,4.06,D
-11.66524,130.39607,328.58,0.42,0.61,2026-05-13,05:40,N,nominal,2.0NRT,289.62,4.06,D
-11.66599,130.39221,338.8,0.42,0.61,2026-05-13,05:40,N,nominal,2.0NRT,289.28,4.06,D
-11.65314,130.33772,330.33,0.41,0.61,2026-05-13,05:40,N,nominal,2.0NRT,290.41,4.77,D
-11.64901,130.32896,328.5,0.41,0.61,2026-05-13,05:40,N,nominal,2.0NRT,291.04,4.52,D
-11.64974,130.32518,349.85,0.41,0.61,2026-05-13,05:40,N,nominal,2.0NRT,291.36,4.52,D
-10.33023,120.12215,336.48,0.38,0.36,2026-05-13,05:40,N,nominal,2.0NRT,296.65,15.85,D
-10.3269,120.12164,367,0.38,0.36,2026-05-13,05:40,N,high,2.0NRT,299.33,18.73,D
-10.32636,120.12514,331.08,0.38,0.36,2026-05-13,05:40,N,nominal,2.0NRT,295.53,3.41,D
-10.32798,120.1146,333.34,0.38,0.36,2026-05-13,05:40,N,nominal,2.0NRT,297.1,5.52,D
-10.32852,120.11109,331.88,0.38,0.36,2026-05-13,05:40,N,nominal,2.0NRT,296.4,5.52,D
-34.27734,116.78606,345.8,0.65,0.73,2026-05-13,07:14,N,nominal,2.0NRT,288.77,15.97,D
-34.27946,116.77909,325.75,0.65,0.73,2026-05-13,07:14,N,nominal,2.0NRT,286.83,6.61,D
-34.27295,116.77624,367,0.65,0.73,2026-05-13,07:14,N,high,2.0NRT,292.88,15.71,D
-34.2688,116.78984,335.72,0.65,0.73,2026-05-13,07:14,N,nominal,2.0NRT,290.63,24.91,D
-34.26638,116.77354,337.71,0.65,0.73,2026-05-13,07:14,N,nominal,2.0NRT,288.53,15.71,D
-34.27694,116.78427,367,0.65,0.73,2026-05-13,07:14,N,high,2.0NRT,290.64,23.9,D
-34.22982,116.94144,327.8,0.66,0.73,2026-05-13,07:14,N,nominal,2.0NRT,291.41,5.76,D
-34.27253,116.77435,367,0.65,0.73,2026-05-13,07:14,N,high,2.0NRT,292.47,23.9,D
-32.04865,116.91728,325.35,0.75,0.77,2026-05-13,07:14,N,nominal,2.0NRT,288.03,9.23,D
-32.04168,116.91455,344.46,0.75,0.77,2026-05-13,07:14,N,nominal,2.0NRT,286.14,9.23,D
-32.0468,116.91654,339.05,0.75,0.77,2026-05-13,07:14,N,nominal,2.0NRT,287.38,7.25,D
-32.03983,116.91383,328.18,0.75,0.77,2026-05-13,07:14,N,nominal,2.0NRT,283.26,7.25,D
-31.84179,117.25386,335.76,0.79,0.78,2026-05-13,07:14,N,nominal,2.0NRT,279.83,7.1,D
-31.8348,117.25069,331.67,0.79,0.78,2026-05-13,07:14,N,nominal,2.0NRT,276.82,11.25,D
-31.8277,117.2479,347.98,0.79,0.78,2026-05-13,07:14,N,nominal,2.0NRT,275.21,11.25,D
-31.87826,117.03284,356.84,0.77,0.77,2026-05-13,07:14,N,low,2.0NRT,286.87,20.19,D
-31.88071,117.02489,356.75,0.77,0.77,2026-05-13,07:14,N,low,2.0NRT,285.95,20.19,D
-31.8713,117.02987,339.62,0.77,0.77,2026-05-13,07:14,N,nominal,2.0NRT,283.37,12.78,D
-31.83631,117.24861,334.67,0.79,0.78,2026-05-13,07:14,N,nominal,2.0NRT,276.65,8.54,D
-31.82919,117.24586,342.87,0.79,0.78,2026-05-13,07:14,N,nominal,2.0NRT,274.55,8.54,D
-31.88106,117.02227,332,0.77,0.77,2026-05-13,07:14,N,nominal,2.0NRT,283.66,17.69,D
-31.87868,117.03014,357.99,0.77,0.77,2026-05-13,07:14,N,low,2.0NRT,289.96,41.04,D
-31.87175,117.02707,341.77,0.77,0.77,2026-05-13,07:14,N,nominal,2.0NRT,283.24,11.67,D
