lat_bin,lon_bin,fire_count,avg_frp,year
-44,144,259,17.02,2020
-44,146,1015,18.36,2020
-44,148,9,2.6,2020
-42,142,3,20.26,2020
-42,144,1125,10.35,2020
-42,146,2837,13.93,2020
-42,148,876,17.32,2020
-40,140,999,9.23,2020
-40,142,655,12.21,2020
-40,144,247,5.44,2020
-40,146,318,8.05,2020
-40,148,150,25.27,2020
-38,136,267,89.7,2020
-38,138,255,14.68,2020
-38,140,2491,13.8,2020
-38,142,2767,14.68,2020
-38,144,1730,11.51,2020
-38,146,25828,19.44,2020
-38,148,72899,15.36,2020
-38,150,1474,7.76,2020
-36,114,1887,9.17,2020
-36,116,3498,10.89,2020
-36,118,624,14.24,2020
-36,120,36,20.34,2020
-36,122,4,9.56,2020
-36,134,284,11.06,2020
-36,136,2751,60.41,2020
-36,138,694,15.98,2020
-36,140,701,15.19,2020
-36,142,1285,6.76,2020
-36,144,1121,6.97,2020
-36,146,5762,18.57,2020
-36,148,32676,21.03,2020
-36,150,10060,11.23,2020
-34,-54,653,10.1,2020
-34,114,2106,4.1,2020
-34,116,11826,8.26,2020
-34,118,3759,25.35,2020
-34,120,5698,21.0,2020
-34,122,16470,27.58,2020
-34,124,3750,50.68,2020
-34,132,4,7.11,2020
-34,134,195,8.1,2020
-34,136,2447,3.4,2020
-34,138,204,6.68,2020
-34,140,114,14.67,2020
-34,142,319,10.81,2020
-34,144,309,4.52,2020
-34,146,1517,4.61,2020
-34,148,1894,10.26,2020
-34,150,7013,11.57,2020
-34,152,259,6.43,2020
-32,-58,163,11.33,2020
-32,-56,910,7.11,2020
-32,-54,3436,8.95,2020
-32,-52,882,7.27,2020
-32,114,1654,20.04,2020
-32,116,2285,7.22,2020
-32,118,636,8.97,2020
-32,120,4852,16.18,2020
-32,122,2815,24.33,2020
-32,124,11,12.15,2020
-32,126,1,0.54,2020
-32,132,668,19.65,2020
-32,134,1,5.64,2020
-32,136,362,2.18,2020
-32,138,1,1.15,2020
-32,140,7,124.87,2020
-32,142,5,2.85,2020
-32,144,530,4.16,2020
-32,146,1376,4.51,2020
-32,148,2032,7.78,2020
-32,150,5637,7.4,2020
-32,152,2477,6.68,2020
-30,-58,668,6.88,2020
-30,-56,1840,6.21,2020
-30,-54,2169,5.31,2020
-30,-52,8433,6.74,2020
-30,-50,2728,5.98,2020
-30,114,2185,25.29,2020
-30,116,139,8.77,2020
-30,120,19,7.21,2020
-30,122,304,15.14,2020
-30,124,1270,12.27,2020
-30,126,673,13.18,2020
-30,128,2732,16.8,2020
-30,130,358,19.5,2020
-30,134,4,5.17,2020
-30,138,1,1.05,2020
-30,140,89,3.87,2020
-30,142,17,6.32,2020
-30,144,46,3.84,2020
-30,146,639,5.0,2020
-30,148,2261,6.1,2020
-30,150,5187,7.1,2020
-30,152,3919,5.75,2020
-28,-56,136,4.77,2020
-28,-54,2528,6.95,2020
-28,-52,6009,10.13,2020
-28,-50,2057,6.71,2020
-28,32,2627,6.57,2020
-28,114,234,39.17,2020
-28,116,11,7.57,2020
-28,118,13,36.87,2020
-28,120,392,20.39,2020
-28,122,723,21.15,2020
-28,124,161,17.85,2020
-28,126,129,9.61,2020
-28,128,520,13.3,2020
-28,130,199,11.59,2020
-28,132,3,1.37,2020
-28,136,160,4.08,2020
-28,138,9,12.11,2020
-28,140,353,12.91,2020
-28,142,275,20.86,2020
-28,144,136,6.31,2020
-28,146,2506,8.21,2020
-28,148,6368,7.28,2020
-28,150,13849,7.15,2020
-28,152,4356,5.2,2020
-26,-56,186,9.34,2020
-26,-54,3405,10.16,2020
-26,-52,5036,9.33,2020
-26,-50,3709,8.3,2020
-26,-48,110,4.08,2020
-26,30,332,10.17,2020
-26,32,10162,8.06,2020
-26,34,2589,7.14,2020
-26,112,2,5.48,2020
-26,114,11,5.35,2020
-26,116,10,7.73,2020
-26,118,52,12.06,2020
-26,120,96,27.53,2020
-26,122,40,11.9,2020
-26,124,96,19.56,2020
-26,126,200,12.17,2020
-26,128,252,16.63,2020
-26,130,520,7.93,2020
-26,132,63,3.82,2020
-26,134,20,2.64,2020
-26,136,23,2.41,2020
-26,138,27,1.75,2020
-26,140,8,2.72,2020
-26,142,238,5.39,2020
-26,144,560,4.49,2020
-26,146,9888,8.43,2020
-26,148,15060,7.63,2020
-26,150,22007,7.04,2020
-26,152,10630,12.19,2020
-24,-68,9,2.97,2020
-24,-66,781,7.95,2020
-24,-64,21,8.6,2020
-24,-58,795,11.43,2020
-24,-56,1608,9.54,2020
-24,-54,3415,14.0,2020
-24,-52,2947,10.39,2020
-24,-50,5094,10.0,2020
-24,-48,8797,7.58,2020
-24,-46,3915,7.11,2020
-24,-44,5770,5.06,2020
-24,-42,220,3.62,2020
-24,30,100,5.21,2020
-24,32,2991,8.36,2020
-24,34,13223,9.62,2020
-24,112,9,3.64,2020
-24,114,410,16.32,2020
-24,116,215,20.57,2020
-24,118,914,14.23,2020
-24,120,231,11.1,2020
-24,122,321,12.22,2020
-24,124,116,5.96,2020
-24,126,100,9.22,2020
-24,128,155,10.53,2020
-24,130,101,3.63,2020
-24,132,43,7.53,2020
-24,134,3,6.86,2020
-24,136,39,5.3,2020
-24,138,10,4.17,2020
-24,140,281,8.76,2020
-24,142,168,7.39,2020
-24,144,829,8.84,2020
-24,146,5814,8.43,2020
-24,148,8467,6.67,2020
-24,150,5793,5.52,2020
-22,-70,22,9.69,2020
-22,-68,117,11.35,2020
-22,-66,4569,8.77,2020
-22,-64,5486,7.33,2020
-22,-60,564,13.81,2020
-22,-58,15185,12.38,2020
-22,-56,3491,10.13,2020
-22,-54,1761,17.1,2020
-22,-52,6270,25.99,2020
-22,-50,10347,25.11,2020
-22,-48,13091,15.5,2020
-22,-46,6224,8.03,2020
-22,-44,4992,5.86,2020
-22,-42,4088,4.67,2020
-22,30,2,1.4,2020
-22,32,18332,8.39,2020
-22,34,13256,7.97,2020
-22,114,1537,2.67,2020
-22,116,1682,7.77,2020
-22,118,4371,14.06,2020
-22,120,1136,13.29,2020
-22,122,301,5.21,2020
-22,124,193,10.54,2020
-22,126,173,11.9,2020
-22,128,81,7.73,2020
-22,130,106,20.99,2020
-22,132,12,7.48,2020
-22,134,316,15.57,2020
-22,136,198,53.14,2020
-22,138,2528,8.24,2020
-22,140,1710,13.19,2020
-22,142,681,8.01,2020
-22,144,5976,9.24,2020
-22,146,3049,10.46,2020
-22,148,3957,6.89,2020
-20,-70,222,13.69,2020
-20,-68,718,13.04,2020
-20,-66,3598,8.35,2020
-20,-64,18813,9.73,2020
-20,-62,555,13.09,2020
-20,-60,10211,12.44,2020
-20,-58,45969,15.79,2020
-20,-56,5033,10.03,2020
-20,-54,5607,19.48,2020
-20,-52,3988,23.81,2020
-20,-50,6263,22.55,2020
-20,-48,7172,11.86,2020
-20,-46,4582,9.32,2020
-20,-44,5853,8.1,2020
-20,-42,2564,7.66,2020
-20,-40,651,7.1,2020
-20,20,20,5.93,2020
-20,26,1,0.83,2020
-20,32,37459,9.44,2020
-20,34,56969,9.4,2020
-20,36,12124,7.76,2020
-20,118,5,12.12,2020
-20,120,668,15.05,2020
-20,122,1310,11.48,2020
-20,124,2131,12.23,2020
-20,126,702,9.29,2020
-20,128,91,6.24,2020
-20,130,102,15.09,2020
-20,132,62,5.96,2020
-20,134,8,13.97,2020
-20,136,49,5.5,2020
-20,138,1020,7.19,2020
-20,140,914,9.25,2020
-20,142,10232,7.68,2020
-20,144,11485,7.56,2020
-20,146,3304,7.07,2020
-20,148,9,4.17,2020
-18,-70,1006,10.52,2020
-18,-68,4930,10.58,2020
-18,-66,12152,9.67,2020
-18,-64,21777,9.05,2020
-18,-62,34827,9.84,2020
-18,-60,32749,11.6,2020
-18,-58,124998,15.66,2020
-18,-56,28288,16.45,2020
-18,-54,10801,15.78,2020
-18,-52,5388,17.35,2020
-18,-50,6414,14.66,2020
-18,-48,6501,13.0,2020
-18,-46,4743,14.67,2020
-18,-44,3059,9.97,2020
-18,-42,2815,12.01,2020
-18,-40,1253,7.35,2020
-18,10,4,0.12,2020
-18,12,66,4.95,2020
-18,14,8910,15.61,2020
-18,16,26125,12.43,2020
-18,18,28683,13.85,2020
-18,20,40768,14.58,2020
-18,22,41314,10.19,2020
-18,24,36396,9.57,2020
-18,26,9718,7.25,2020
-18,28,2770,6.16,2020
-18,30,375,5.63,2020
-18,32,36734,11.05,2020
-18,34,59796,8.86,2020
-18,36,85538,8.47,2020
-18,38,32972,8.99,2020
-18,40,31,4.41,2020
-18,122,9362,12.49,2020
-18,124,12546,7.61,2020
-18,126,9515,6.84,2020
-18,128,4215,7.32,2020
-18,130,856,7.73,2020
-18,132,376,12.63,2020
-18,134,1550,13.7,2020
-18,136,12219,12.67,2020
-18,138,4771,10.32,2020
-18,140,3459,10.19,2020
-18,142,17246,9.82,2020
-18,144,16253,7.45,2020
-18,146,10,5.87,2020
-16,-70,3879,10.5,2020
-16,-68,9763,11.29,2020
-16,-66,20107,11.51,2020
-16,-64,24254,9.24,2020
-16,-62,33559,9.51,2020
-16,-60,15134,12.97,2020
-16,-58,22196,10.56,2020
-16,-56,19958,12.67,2020
-16,-54,18940,13.81,2020
-16,-52,6441,13.4,2020
-16,-50,8648,9.24,2020
-16,-48,8184,9.36,2020
-16,-46,8509,20.75,2020
-16,-44,5196,13.07,2020
-16,-42,6083,13.94,2020
-16,-40,1323,8.0,2020
-16,10,3,0.74,2020
-16,12,2772,7.33,2020
-16,14,34078,11.6,2020
-16,16,46159,11.42,2020
-16,18,15974,14.3,2020
-16,20,21525,14.54,2020
-16,22,37726,8.51,2020
-16,24,52491,9.55,2020
-16,26,43564,9.52,2020
-16,28,42920,7.52,2020
-16,30,34474,6.7,2020
-16,32,43548,7.38,2020
-16,34,14991,8.25,2020
-16,36,64538,8.47,2020
-16,38,69096,9.36,2020
-16,40,21583,8.47,2020
-16,124,11494,8.23,2020
-16,126,20778,7.36,2020
-16,128,13788,7.69,2020
-16,130,20411,7.88,2020
-16,132,9128,7.43,2020
-16,134,8407,9.37,2020
-16,136,2761,9.5,2020
-16,140,5372,8.14,2020
-16,142,21358,7.78,2020
-16,144,20849,8.87,2020
-14,-70,1576,11.6,2020
-14,-68,12652,12.01,2020
-14,-66,34996,12.52,2020
-14,-64,18958,13.47,2020
-14,-62,12277,12.12,2020
-14,-60,6398,17.36,2020
-14,-58,9496,12.89,2020
-14,-56,12365,14.43,2020
-14,-54,13564,14.53,2020
-14,-52,13045,14.12,2020
-14,-50,6041,8.74,2020
-14,-48,13150,9.88,2020
-14,-46,8752,16.91,2020
-14,-44,7097,13.22,2020
-14,-42,2230,11.47,2020
-14,-40,1864,5.28,2020
-14,-38,33,5.43,2020
-14,12,3730,7.68,2020
-14,14,68032,8.26,2020
-14,16,66550,10.35,2020
-14,18,22928,12.56,2020
-14,20,28228,13.06,2020
-14,22,47589,11.05,2020
-14,24,59868,9.06,2020
-14,26,72780,9.67,2020
-14,28,65491,8.92,2020
-14,30,56691,8.1,2020
-14,32,17148,6.59,2020
-14,34,32626,8.14,2020
-14,36,53444,8.53,2020
-14,38,47727,7.58,2020
-14,40,18160,7.09,2020
-14,126,892,5.84,2020
-14,128,1509,12.18,2020
-14,130,31823,9.17,2020
-14,132,38930,7.36,2020
-14,134,32605,8.47,2020
-14,136,8399,8.6,2020
-14,140,7469,8.37,2020
-14,142,19965,7.0,2020
-12,-72,36,21.1,2020
-12,-70,13264,13.94,2020
-12,-68,5699,11.3,2020
-12,-66,10903,13.75,2020
-12,-64,8086,10.59,2020
-12,-62,6216,10.35,2020
-12,-60,8541,11.08,2020
-12,-58,14882,11.33,2020
-12,-56,22777,13.95,2020
-12,-54,15578,13.7,2020
-12,-52,23766,13.18,2020
-12,-50,12949,9.65,2020
-12,-48,20399,10.98,2020
-12,-46,14353,14.08,2020
-12,-44,4640,19.23,2020
-12,-42,1721,9.48,2020
-12,-40,811,7.93,2020
-12,-38,1610,7.4,2020
-12,12,4348,12.78,2020
-12,14,78144,12.11,2020
-12,16,88144,10.43,2020
-12,18,54773,11.9,2020
-12,20,52297,16.02,2020
-12,22,71275,12.17,2020
-12,24,72034,8.8,2020
-12,26,86948,9.74,2020
-12,28,70385,10.61,2020
-12,30,62777,11.67,2020
-12,32,33845,9.38,2020
-12,34,33941,8.38,2020
-12,36,44151,8.24,2020
-12,38,49335,8.82,2020
-12,40,8033,9.93,2020
-12,118,8,10.42,2020
-12,120,948,6.38,2020
-12,122,1255,7.29,2020
-12,124,485,6.85,2020
-12,130,10570,9.89,2020
-12,132,8702,9.07,2020
-12,134,1137,6.89,2020
-12,136,1009,10.07,2020
-12,140,73,8.8,2020
-12,142,2901,7.78,2020
-10,-74,2158,13.55,2020
-10,-72,8100,15.58,2020
-10,-70,11029,13.71,2020
-10,-68,16740,14.85,2020
-10,-66,24421,14.85,2020
-10,-64,26323,13.71,2020
-10,-62,18536,13.87,2020
-10,-60,9175,11.46,2020
-10,-58,13017,11.58,2020
-10,-56,19436,13.66,2020
-10,-54,3219,12.78,2020
-10,-52,22258,12.99,2020
-10,-50,22016,12.82,2020
-10,-48,34191,10.87,2020
-10,-46,16440,12.92,2020
-10,-44,11978,18.24,2020
-10,-42,3050,9.15,2020
-10,-40,886,7.4,2020
-10,-38,2009,8.58,2020
-10,-36,2606,6.31,2020
-10,12,11860,8.58,2020
-10,14,60669,13.42,2020
-10,16,89228,14.98,2020
-10,18,79821,18.81,2020
-10,20,64304,19.13,2020
-10,22,73744,16.57,2020
-10,24,68069,18.4,2020
-10,26,67740,9.21,2020
-10,28,64813,9.8,2020
-10,30,53009,10.95,2020
-10,32,24719,8.03,2020
-10,34,25309,10.62,2020
-10,36,22315,7.53,2020
-10,38,29346,8.97,2020
-10,110,26,3.71,2020
-10,112,1446,5.55,2020
-10,114,352,6.46,2020
-10,116,2941,8.39,2020
-10,118,5514,7.2,2020
-10,120,2776,6.65,2020
-10,122,2750,7.94,2020
-10,124,4873,6.28,2020
-10,126,141,6.77,2020
-10,128,104,7.64,2020
-10,130,439,6.72,2020
-10,136,556,5.88,2020
-10,138,1129,7.08,2020
-10,140,2185,6.64,2020
-10,142,1,5.02,2020
-8,-74,3577,14.73,2020
-8,-72,2216,14.77,2020
-8,-70,754,13.4,2020
-8,-68,612,13.21,2020
-8,-66,1393,13.7,2020
-8,-64,6348,14.66,2020
-8,-62,13273,15.03,2020
-8,-60,15954,18.1,2020
-8,-58,6262,12.37,2020
-8,-56,34537,14.57,2020
-8,-54,35661,14.42,2020
-8,-52,19985,10.08,2020
-8,-50,10516,12.06,2020
-8,-48,18759,9.86,2020
-8,-46,35156,10.38,2020
-8,-44,29052,8.75,2020
-8,-42,9323,14.11,2020
-8,-40,9907,13.19,2020
-8,-38,5058,10.78,2020
-8,-36,2807,7.52,2020
-8,12,20816,10.35,2020
-8,14,62135,10.42,2020
-8,16,69531,13.5,2020
-8,18,62731,21.57,2020
-8,20,84772,12.38,2020
-8,22,90050,8.54,2020
-8,24,71915,14.24,2020
-8,26,70558,12.08,2020
-8,28,60651,10.47,2020
-8,30,38293,8.18,2020
-8,32,44134,8.48,2020
-8,34,32429,9.52,2020
-8,36,25310,7.85,2020
-8,38,12583,6.76,2020
-8,104,596,3.44,2020
-8,106,735,3.4,2020
-8,108,901,3.02,2020
-8,110,2182,3.67,2020
-8,112,1417,3.47,2020
-8,114,592,3.97,2020
-8,120,128,11.95,2020
-8,124,102,5.87,2020
-8,126,419,5.01,2020
-8,128,191,7.65,2020
-8,130,708,7.45,2020
-8,134,102,8.7,2020
-8,136,216,8.85,2020
-8,138,2134,9.09,2020
-8,140,200,5.4,2020
-6,-74,38,7.34,2020
-6,-72,89,6.8,2020
-6,-70,406,6.75,2020
-6,-68,307,11.86,2020
-6,-66,226,19.18,2020
-6,-64,859,14.75,2020
-6,-62,2535,13.0,2020
-6,-60,1294,12.25,2020
-6,-58,6296,12.74,2020
-6,-56,13141,13.23,2020
-6,-54,8976,11.68,2020
-6,-52,13622,10.31,2020
-6,-50,14798,9.05,2020
-6,-48,15593,9.46,2020
-6,-46,13512,13.49,2020
-6,-44,14776,12.53,2020
-6,-42,8787,15.7,2020
-6,-40,5169,14.07,2020
-6,-38,2409,16.58,2020
-6,-36,851,10.77,2020
-6,12,12065,7.78,2020
-6,14,39695,10.61,2020
-6,16,71089,10.92,2020
-6,18,83456,11.81,2020
-6,20,47128,9.66,2020
-6,22,43763,7.72,2020
-6,24,59446,11.57,2020
-6,26,61753,11.82,2020
-6,28,46196,10.3,2020
-6,30,34925,8.7,2020
-6,32,13084,8.06,2020
-6,34,16377,16.84,2020
-6,36,13760,10.48,2020
-6,38,5853,6.84,2020
-6,102,199,6.36,2020
-6,104,1003,5.34,2020
-6,106,56,2.86,2020
-6,114,8,4.54,2020
-6,118,535,4.74,2020
-6,120,609,7.65,2020
-6,122,881,8.28,2020
-6,130,4,4.84,2020
-6,132,38,3.74,2020
-6,134,12,7.58,2020
-6,136,20,4.22,2020
-6,138,144,7.03,2020
-6,140,152,8.58,2020
-4,-74,6,8.28,2020
-4,-72,18,9.25,2020
-4,-70,399,6.94,2020
-4,-68,592,8.56,2020
-4,-66,3193,19.46,2020
-4,-64,595,13.02,2020
-4,-62,2895,11.48,2020
-4,-60,4404,13.34,2020
-4,-58,5801,14.06,2020
-4,-56,13546,12.72,2020
-4,-54,10102,12.02,2020
-4,-52,22382,10.83,2020
-4,-50,16005,11.08,2020
-4,-48,10162,9.29,2020
-4,-46,9318,13.04,2020
-4,-44,9591,13.37,2020
-4,-42,6512,13.85,2020
-4,-40,3546,8.41,2020
-4,14,320,8.51,2020
-4,16,44321,9.13,2020
-4,18,23188,9.88,2020
-4,20,4491,7.36,2020
-4,22,32191,10.35,2020
-4,24,25731,10.45,2020
-4,26,15359,7.87,2020
-4,28,8804,7.71,2020
-4,30,17493,7.76,2020
-4,32,2325,7.21,2020
-4,34,17721,6.98,2020
-4,36,2555,11.51,2020
-4,38,23,5.53,2020
-4,98,1,6.84,2020
-4,100,434,6.68,2020
-4,102,1472,6.12,2020
-4,104,930,5.15,2020
-4,106,700,9.58,2020
-4,108,37,13.49,2020
-4,110,388,8.66,2020
-4,112,146,4.91,2020
-4,114,1541,5.74,2020
-4,116,130,5.12,2020
-4,118,429,6.47,2020
-4,120,2144,9.65,2020
-4,122,1381,3.7,2020
-4,124,2,3.24,2020
-4,126,147,5.82,2020
-4,128,128,4.72,2020
-4,130,23,5.01,2020
-4,132,438,7.76,2020
-4,134,48,3.65,2020
-4,136,170,6.75,2020
-4,138,629,8.87,2020
-4,140,517,5.83,2020
-2,-76,216,11.58,2020
-2,-74,95,8.24,2020
-2,-72,145,9.1,2020
-2,-70,46,6.09,2020
-2,-68,257,8.92,2020
-2,-66,133,10.04,2020
-2,-64,121,11.96,2020
-2,-62,501,11.49,2020
-2,-60,129,11.09,2020
-2,-58,1070,13.54,2020
-2,-56,7117,13.37,2020
-2,-54,2837,11.49,2020
-2,-52,2747,11.96,2020
-2,-50,6616,9.54,2020
-2,-48,6395,11.65,2020
-2,-46,1991,15.15,2020
-2,16,2719,6.19,2020
-2,18,5382,6.44,2020
-2,20,3032,6.16,2020
-2,22,7019,7.27,2020
-2,24,5666,7.67,2020
-2,26,2977,6.32,2020
-2,28,11022,7.57,2020
-2,30,4983,6.2,2020
-2,32,54,5.04,2020
-2,34,2271,6.87,2020
-2,98,49,4.83,2020
-2,100,527,5.33,2020
-2,102,923,2.77,2020
-2,104,448,10.11,2020
-2,106,14,8.14,2020
-2,108,201,6.65,2020
-2,110,2918,10.7,2020
-2,112,1356,8.9,2020
-2,114,2367,10.14,2020
-2,116,1049,5.39,2020
-2,118,249,7.54,2020
-2,120,873,7.27,2020
-2,122,745,4.78,2020
-2,124,35,5.23,2020
-2,126,737,6.2,2020
-2,128,10,5.46,2020
-2,130,57,4.03,2020
-2,132,239,6.0,2020
-2,134,100,4.98,2020
-2,136,379,4.13,2020
-2,138,2,2.35,2020
0,-80,16,3.77,2020
0,-78,1670,8.13,2020
0,-76,9491,20.92,2020
0,-74,2419,20.5,2020
0,-72,760,10.38,2020
0,-70,329,7.64,2020
0,-68,197,11.07,2020
0,-66,30,6.59,2020
0,-64,39,8.04,2020
0,-62,2962,12.86,2020
0,-60,1229,15.09,2020
0,-58,341,9.2,2020
0,-56,1092,8.05,2020
0,-54,181,8.82,2020
0,-52,2518,9.72,2020
0,-50,66,8.27,2020
0,16,319,7.41,2020
0,18,5049,7.27,2020
0,20,5864,7.86,2020
0,22,12578,9.91,2020
0,24,16355,9.17,2020
0,26,2643,8.49,2020
0,28,3207,7.02,2020
0,30,3705,6.13,2020
0,96,74,4.36,2020
0,98,947,7.28,2020
0,100,2599,5.8,2020
0,102,2065,6.28,2020
0,104,293,7.08,2020
0,108,2037,11.41,2020
0,110,3735,11.85,2020
0,112,748,9.51,2020
0,114,711,11.35,2020
0,116,2955,5.09,2020
0,118,108,7.48,2020
0,120,286,6.54,2020
0,122,406,4.91,2020
0,124,189,3.36,2020
0,126,905,3.56,2020
0,128,44,4.56,2020
2,-80,1,3.42,2020
2,-78,1094,6.1,2020
2,-76,5152,13.93,2020
2,-74,12976,11.68,2020
2,-72,7684,11.14,2020
2,-70,527,13.48,2020
2,-68,349,12.52,2020
2,-66,63,11.1,2020
2,-64,142,9.54,2020
2,-62,7329,7.27,2020
2,-60,1088,6.06,2020
2,-58,11,5.57,2020
2,-56,373,7.09,2020
2,-54,17,6.12,2020
2,-52,1057,8.82,2020
2,14,1487,8.07,2020
2,16,3582,8.01,2020
2,18,30723,7.71,2020
2,20,33594,8.53,2020
2,22,35626,11.03,2020
2,24,12029,9.0,2020
2,26,30348,9.0,2020
2,28,34262,10.43,2020
2,30,8920,7.6,2020
2,94,6,3.84,2020
2,96,447,6.59,2020
2,98,1000,5.87,2020
2,100,248,4.77,2020
2,106,2,4.99,2020
2,108,1412,10.98,2020
2,114,123,10.3,2020
2,116,1502,10.45,2020
2,118,7,5.33,2020
2,124,358,3.65,2020
2,126,5,2.51,2020
2,128,18,5.87,2020
4,-78,184,8.0,2020
4,-76,2441,8.49,2020
4,-74,3940,7.34,2020
4,-72,16464,8.17,2020
4,-70,15704,7.86,2020
4,-68,1767,8.65,2020
4,-66,21,7.92,2020
4,-62,3219,6.37,2020
4,-60,484,5.74,2020
4,-52,2,4.42,2020
4,4,7282,4.32,2020
4,6,23290,4.68,2020
4,8,6321,6.59,2020
4,14,42178,7.42,2020
4,16,53488,7.06,2020
4,18,62048,8.43,2020
4,20,55879,7.9,2020
4,22,32541,8.7,2020
4,24,35619,9.26,2020
4,26,39602,10.44,2020
4,28,12144,12.55,2020
4,30,565,16.32,2020
4,94,250,5.05,2020
4,96,625,6.36,2020
4,98,18,3.52,2020
4,108,22,7.18,2020
4,114,2,6.78,2020
4,116,61,6.27,2020
4,126,3,3.52,2020
6,-78,1756,11.09,2020
6,-76,8398,12.77,2020
6,-74,3234,6.9,2020
6,-72,6548,8.54,2020
6,-70,3241,9.15,2020
6,-68,710,10.33,2020
6,2,13286,7.24,2020
6,4,31358,6.91,2020
6,6,45445,5.74,2020
6,8,35566,6.11,2020
6,10,32446,5.59,2020
6,12,139,3.47,2020
6,14,20556,6.72,2020
6,16,59589,7.66,2020
6,18,74674,8.9,2020
6,20,62692,8.4,2020
6,22,56192,7.75,2020
6,24,66612,7.09,2020
6,26,6168,7.77,2020
8,-78,1207,10.05,2020
8,-76,12360,8.97,2020
8,-74,9706,8.13,2020
8,2,13453,6.17,2020
8,4,36728,5.2,2020
8,6,27992,4.85,2020
8,8,22065,4.96,2020
8,10,21378,6.56,2020
8,12,3338,4.35,2020
8,18,22020,11.94,2020
8,20,54065,10.04,2020
8,22,58998,7.04,2020
8,24,15449,6.56,2020
8,26,7108,8.99,2020
8,28,9856,9.84,2020
8,30,2564,15.46,2020
8,32,865,10.28,2020
8,34,1314,7.77,2020
8,76,2437,5.7,2020
8,78,1067,5.31,2020
8,92,39,14.22,2020
10,-76,5425,9.12,2020
10,-74,11651,6.92,2020
10,-72,2,3.14,2020
10,2,6260,6.08,2020
10,4,22595,5.48,2020
10,6,49665,5.58,2020
10,8,6891,4.24,2020
10,10,2267,4.89,2020
10,12,21970,8.31,2020
10,14,5526,11.13,2020
10,20,3150,9.01,2020
10,22,20756,8.2,2020
10,24,8991,7.77,2020
10,26,6995,6.36,2020
10,28,26663,6.98,2020
10,30,36346,8.06,2020
10,32,9774,9.05,2020
10,34,12580,8.11,2020
10,74,24,6.23,2020
10,76,1804,5.1,2020
10,78,2329,4.91,2020
10,92,3,3.18,2020
12,-74,2,1.32,2020
12,-72,5,3.03,2020
12,2,278,7.82,2020
12,4,3973,7.28,2020
12,6,4375,6.66,2020
12,8,142,4.63,2020
12,10,343,5.95,2020
12,12,10350,9.01,2020
12,14,2228,11.13,2020
12,20,16,6.58,2020
12,22,2805,5.52,2020
12,24,4098,6.15,2020
12,26,6977,7.89,2020
12,28,2881,6.95,2020
12,30,3991,6.88,2020
12,32,1398,8.38,2020
12,34,17166,11.4,2020
12,36,2084,9.75,2020
12,74,1028,5.89,2020
12,76,4705,5.3,2020
12,78,4173,5.58,2020
12,80,488,3.15,2020
12,92,49,5.09,2020
14,22,119,6.95,2020
14,24,292,8.17,2020
14,26,1964,11.78,2020
14,28,172,10.58,2020
14,30,288,7.99,2020
14,32,2591,8.42,2020
14,34,788,6.01,2020
14,36,861,8.93,2020
14,72,443,3.07,2020
14,74,3508,5.21,2020
14,76,6817,4.22,2020
14,78,6505,6.11,2020
14,80,322,4.16,2020
16,30,5,8.71,2020
16,32,569,1.83,2020
16,34,331,6.8,2020
16,36,509,13.24,2020
16,72,4289,5.3,2020
16,74,3653,4.17,2020
16,76,6529,5.51,2020
16,78,6209,5.21,2020
16,80,11275,5.04,2020
16,82,2056,4.0,2020
18,26,1,0.1,2020
18,28,1,1.99,2020
18,30,208,21.07,2020
18,32,42,16.91,2020
18,34,25,25.78,2020
18,36,168,14.93,2020
18,38,13,11.4,2020
18,72,7863,5.28,2020
18,74,2539,4.51,2020
18,76,3445,5.38,2020
18,78,11225,4.8,2020
18,80,12119,4.55,2020
18,82,7447,6.67,2020
18,84,1685,6.46,2020
18,86,13,3.0,2020
20,30,11,9.07,2020
20,34,1,1.18,2020
20,68,208,6.63,2020
20,70,2263,4.66,2020
20,72,5861,4.43,2020
20,74,2352,4.81,2020
20,76,2167,5.58,2020
20,78,3020,4.4,2020
20,80,8567,3.59,2020
20,82,10327,3.93,2020
20,84,13510,2.88,2020
20,86,3382,3.03,2020
22,68,2224,2.84,2020
22,70,2356,4.6,2020
22,72,2936,5.42,2020
22,74,5544,6.51,2020
22,76,18532,5.95,2020
22,78,15876,6.15,2020
22,80,2949,5.33,2020
22,82,5842,2.25,2020
22,84,7678,1.76,2020
22,86,23293,2.33,2020
22,88,1569,2.72,2020
22,90,2599,15.0,2020
22,92,10066,35.37,2020
22,94,44,22.03,2020
24,70,316,2.03,2020
24,72,1993,4.79,2020
24,74,3330,5.81,2020
24,76,13211,7.61,2020
24,78,10056,6.57,2020
24,80,3848,5.4,2020
24,82,4773,3.65,2020
24,84,2210,4.35,2020
24,86,1748,3.93,2020
24,88,686,5.14,2020
24,90,6483,12.13,2020
24,92,17694,17.39,2020
24,94,5493,16.76,2020
26,68,1,1.26,2020
26,70,440,6.34,2020
26,72,616,5.55,2020
26,74,279,2.83,2020
26,76,862,3.63,2020
26,78,3167,4.64,2020
26,80,2100,3.69,2020
26,82,3027,4.49,2020
26,84,581,4.26,2020
26,86,43,4.0,2020
26,88,374,4.68,2020
26,90,1471,6.22,2020
26,92,4409,12.86,2020
26,94,4640,13.5,2020
26,96,954,10.7,2020
28,72,586,5.04,2020
28,74,10754,6.63,2020
28,76,9833,5.13,2020
28,78,5268,3.98,2020
28,80,2169,5.38,2020
28,92,10,5.82,2020
28,94,574,12.06,2020
28,96,207,10.3,2020
30,72,499,7.68,2020
30,74,75492,7.27,2020
30,76,14031,5.98,2020
30,78,1831,5.68,2020
30,80,268,8.35,2020
32,72,28,2.32,2020
32,74,2798,4.87,2020
32,76,730,8.37,2020
32,78,2,8.45,2020
34,72,17,3.71,2020
34,74,472,5.39,2020
34,76,4,4.52,2020
34,78,1,5.04,2020
42,-84,489,2.21,2020
42,-82,1687,2.11,2020
42,-80,1993,2.07,2020
42,-78,7,2.87,2020
42,-68,1,0.3,2020
42,-66,9,5.73,2020
44,-84,2,1.52,2020
44,-82,26,4.41,2020
44,-80,37,2.58,2020
44,-78,252,1.54,2020
44,-76,214,3.03,2020
44,-74,593,2.43,2020
44,-72,25,1.31,2020
44,-68,186,1.65,2020
44,-66,36,6.58,2020
44,-64,30,3.93,2020
44,-62,7,4.71,2020
46,-86,273,1.94,2020
46,-84,16,2.06,2020
46,-82,379,5.36,2020
46,-80,49,5.51,2020
46,-78,2,1.69,2020
46,-76,7,10.18,2020
46,-74,420,2.1,2020
46,-72,35,3.15,2020
46,-70,115,24.02,2020
46,-68,31,3.87,2020
46,-66,48,4.22,2020
46,-64,25,5.66,2020
46,-62,4,3.07,2020
46,-60,10,3.43,2020
46,-56,1,1.14,2020
46,-54,14,8.13,2020
48,-128,36,8.13,2020
48,-126,618,8.39,2020
48,-124,398,4.12,2020
48,-122,298,11.51,2020
48,-120,530,6.96,2020
48,-118,998,6.08,2020
48,-116,328,9.3,2020
48,-114,80,13.17,2020
48,-112,18,2.89,2020
48,-110,20,2.83,2020
48,-108,40,8.87,2020
48,-106,94,9.41,2020
48,-104,568,12.88,2020
48,-102,740,10.39,2020
48,-100,939,9.91,2020
48,-98,1362,15.51,2020
48,-96,55,9.91,2020
48,-94,94,10.55,2020
48,-92,129,17.07,2020
48,-90,59,9.4,2020
48,-88,33,3.51,2020
48,-86,20,4.19,2020
48,-84,1,0.74,2020
48,-82,2,0.78,2020
48,-80,76,1.85,2020
48,-78,5,6.82,2020
48,-76,21,10.71,2020
48,-74,18,9.83,2020
48,-72,1609,18.36,2020
48,-70,41,3.15,2020
48,-68,5,2.11,2020
48,-66,115,1.16,2020
48,-64,5,2.09,2020
48,-60,9,1.87,2020
48,-58,2,0.58,2020
48,-56,6,3.82,2020
50,-130,1,3.51,2020
50,-128,93,4.44,2020
50,-126,210,8.87,2020
50,-124,235,10.13,2020
50,-122,429,8.7,2020
50,-120,635,6.06,2020
50,-118,1352,20.27,2020
50,-116,877,17.43,2020
50,-114,53,9.15,2020
50,-112,69,4.75,2020
50,-110,54,8.22,2020
50,-108,210,7.96,2020
50,-106,1057,6.06,2020
50,-104,1703,11.03,2020
50,-102,1994,11.68,2020
50,-100,921,8.92,2020
50,-98,532,8.98,2020
50,-96,230,10.6,2020
50,-94,146,8.79,2020
50,-92,71,6.65,2020
50,-90,842,9.58,2020
50,-88,71,4.4,2020
50,-86,65,22.08,2020
50,-82,2,7.23,2020
50,-80,3,4.1,2020
50,-78,6,24.48,2020
50,-74,2,0.24,2020
50,-72,1,5.89,2020
50,-70,3,12.34,2020
50,-68,8,17.59,2020
50,-66,2,1.58,2020
50,-64,13,7.43,2020
50,-62,26,7.87,2020
50,-60,24,3.35,2020
50,-58,1,0.76,2020
52,-134,2,2.02,2020
52,-132,12,12.85,2020
52,-130,20,4.98,2020
52,-128,303,13.68,2020
52,-126,450,13.31,2020
52,-124,290,8.27,2020
52,-122,164,6.86,2020
52,-120,41,12.96,2020
52,-118,391,12.85,2020
52,-116,293,8.25,2020
52,-114,912,2.78,2020
52,-112,173,8.61,2020
52,-110,199,6.0,2020
52,-108,398,9.29,2020
52,-106,1713,24.39,2020
52,-104,890,11.65,2020
52,-102,370,12.68,2020
52,-100,52,12.44,2020
52,-98,3,3.2,2020
52,-96,40,15.79,2020
52,-94,24,20.54,2020
52,-92,30,13.1,2020
52,-90,19,20.54,2020
52,-88,2,0.76,2020
52,-86,15,5.52,2020
52,-84,41,20.63,2020
52,-78,9,12.44,2020
52,-74,1,0.03,2020
52,-72,93,12.45,2020
52,-70,6,36.1,2020
52,-68,65,11.01,2020
52,-62,3,21.03,2020
52,-60,14,15.97,2020
52,-58,2,1.59,2020
54,-132,1,1.3,2020
54,-130,82,6.34,2020
54,-128,649,14.29,2020
54,-126,788,12.86,2020
54,-124,472,18.06,2020
54,-122,445,10.79,2020
54,-120,1436,8.78,2020
54,-118,686,10.07,2020
54,-116,661,14.74,2020
54,-114,177,8.62,2020
54,-112,265,6.15,2020
54,-110,366,8.1,2020
54,-108,22,9.72,2020
54,-106,12,9.25,2020
54,-104,4,5.03,2020
54,-102,4,6.06,2020
54,-98,4,4.4,2020
54,-94,2,3.5,2020
54,-92,48,20.78,2020
54,-90,142,13.76,2020
54,-88,88,4.34,2020
54,-86,6,2.98,2020
54,-84,3,3.38,2020
54,-76,1,0.08,2020
54,-72,1,0.13,2020
54,-62,4,7.77,2020
54,-60,1,2.08,2020
56,-132,1,0.61,2020
56,-130,23,8.72,2020
56,-126,71,7.44,2020
56,-124,255,11.21,2020
56,-122,764,10.95,2020
56,-120,372,9.13,2020
56,-118,356,7.09,2020
56,-116,313,17.14,2020
56,-114,68,9.62,2020
56,-112,873,2.79,2020
56,-110,1,1.91,2020
56,-102,12,14.47,2020
56,-100,8,5.7,2020
56,-98,96,30.77,2020
56,-96,2,0.62,2020
56,-94,111,7.5,2020
56,-92,25,3.48,2020
56,-90,11,9.48,2020
56,-88,8,9.86,2020
56,-64,2,0.56,2020
58,-130,1,4.61,2020
58,-124,12,4.73,2020
58,-122,3,0.98,2020
58,-120,26,4.17,2020
58,-118,303,9.65,2020
58,-116,180,14.22,2020
58,-112,19,6.26,2020
58,-108,29,30.21,2020
58,-102,4,62.91,2020
58,-80,4,2.76,2020
58,-70,4,1.28,2020
58,-68,1,0.9,2020
58,-64,1,0.07,2020
60,-142,1,0.28,2020
60,-140,1,1.53,2020
60,-138,8,8.2,2020
60,-136,2,1.92,2020
60,-132,1,0.11,2020
60,-130,3,1.32,2020
60,-128,1,0.06,2020
60,-122,1,0.34,2020
60,-120,3,3.65,2020
60,-118,5,4.06,2020
60,-116,12,5.57,2020
60,-114,73,4.27,2020
60,-112,110,20.58,2020
60,-110,44,12.29,2020
60,-108,44,9.2,2020
60,-106,100,20.76,2020
60,-74,3,0.84,2020
60,-70,2,3.95,2020
62,-138,1,4.68,2020
62,-136,3,4.27,2020
62,-132,3,0.85,2020
62,-126,2,5.16,2020
62,-122,153,33.86,2020
62,-120,1,0.16,2020
62,-118,5,11.79,2020
62,-110,3,1.94,2020
62,-108,1,0.16,2020
62,-94,4,5.04,2020
62,-82,1,0.08,2020
62,-66,1,0.17,2020
64,-138,9,15.75,2020
64,-136,9,5.03,2020
64,-128,5,1.57,2020
64,-120,81,17.53,2020
64,-118,107,12.81,2020
64,-114,1,3.13,2020
64,-112,3,2.46,2020
64,-100,8,7.1,2020
64,-96,1,3.78,2020
64,-90,1,0.07,2020
64,-68,1,4.42,2020
66,-142,1,0.09,2020
66,-140,279,15.88,2020
66,-138,162,22.9,2020
66,-130,1,0.17,2020
66,-124,1,0.29,2020
66,-116,1,2.33,2020
66,-108,2,0.8,2020
66,-100,1,0.02,2020
68,-138,1,0.07,2020
68,-134,33,8.94,2020
68,-106,1,3.61,2020
70,-80,1,0.03,2020
80,-78,1,0.08,2020
82,-64,1,0.06,2020
-44,144,30,12.12,2021
-44,146,1006,23.71,2021
-44,148,10,5.17,2021
-42,144,989,14.99,2021
-42,146,1462,9.0,2021
-42,148,176,14.29,2021
-40,140,175,4.74,2021
-40,142,1024,16.51,2021
-40,144,445,8.16,2021
-40,146,508,9.2,2021
-40,148,9,50.32,2021
-38,138,69,16.55,2021
-38,140,3455,16.49,2021
-38,142,4737,18.35,2021
-38,144,2900,12.08,2021
-38,146,3218,7.61,2021
-38,148,904,9.9,2021
-38,150,18,2.71,2021
-36,114,1661,10.24,2021
-36,116,2388,8.95,2021
-36,118,186,6.37,2021
-36,134,362,18.8,2021
-36,136,375,12.35,2021
-36,138,716,10.25,2021
-36,140,642,13.87,2021
-36,142,1059,8.91,2021
-36,144,2370,19.28,2021
-36,146,8152,17.68,2021
-36,148,2574,14.7,2021
-36,150,3132,3.27,2021
-34,-54,164,8.57,2021
-34,114,1046,6.37,2021
-34,116,7957,7.97,2021
-34,118,518,9.48,2021
-34,120,573,15.34,2021
-34,122,1060,18.38,2021
-34,124,70,51.47,2021
-34,132,47,18.65,2021
-34,134,174,16.23,2021
-34,136,2354,3.63,2021
-34,138,252,11.11,2021
-34,140,147,8.17,2021
-34,142,1606,15.97,2021
-34,144,1002,7.32,2021
-34,146,7655,16.75,2021
-34,148,3470,13.13,2021
-34,150,1655,4.86,2021
-34,152,184,15.94,2021
-32,-58,80,7.96,2021
-32,-56,588,6.73,2021
-32,-54,2679,9.34,2021
-32,-52,704,6.89,2021
-32,114,1511,22.87,2021
-32,116,4938,9.98,2021
-32,118,482,7.66,2021
-32,120,1772,10.14,2021
-32,122,2839,24.09,2021
-32,124,230,13.44,2021
-32,132,10,21.0,2021
-32,136,245,2.01,2021
-32,138,20,14.73,2021
-32,140,31,5.14,2021
-32,142,8,1.24,2021
-32,144,507,5.33,2021
-32,146,2636,6.81,2021
-32,148,2273,8.31,2021
-32,150,1775,5.22,2021
-32,152,1162,6.23,2021
-30,-58,453,5.72,2021
-30,-56,1344,5.72,2021
-30,-54,1886,5.99,2021
-30,-52,5831,6.62,2021
-30,-50,1161,6.27,2021
-30,114,1160,12.28,2021
-30,116,154,5.04,2021
-30,118,3,1.82,2021
-30,120,124,6.07,2021
-30,122,186,19.21,2021
-30,124,401,18.95,2021
-30,126,95,17.35,2021
-30,128,2104,18.61,2021
-30,130,124,11.61,2021
-30,134,4,7.84,2021
-30,140,65,1.92,2021
-30,142,19,14.7,2021
-30,144,19,4.94,2021
-30,146,669,4.72,2021
-30,148,2459,5.66,2021
-30,150,2174,5.15,2021
-30,152,2253,5.16,2021
-28,-56,103,4.67,2021
-28,-54,2421,7.98,2021
-28,-52,5969,10.07,2021
-28,-50,1363,6.54,2021
-28,32,3378,7.98,2021
-28,112,8,8.07,2021
-28,114,28,7.7,2021
-28,116,1,5.2,2021
-28,118,9,7.91,2021
-28,120,122,8.15,2021
-28,122,263,14.82,2021
-28,124,524,13.12,2021
-28,126,166,12.1,2021
-28,128,66,5.36,2021
-28,130,2,13.15,2021
-28,132,17,20.69,2021
-28,136,1,0.46,2021
-28,138,1,0.09,2021
-28,140,204,15.01,2021
-28,142,3,2.83,2021
-28,144,227,9.04,2021
-28,146,2369,7.29,2021
-28,148,5784,7.53,2021
-28,150,8095,6.28,2021
-28,152,3703,5.91,2021
-26,-56,382,21.72,2021
-26,-54,3399,9.4,2021
-26,-52,5012,9.82,2021
-26,-50,3550,9.26,2021
-26,-48,60,3.68,2021
-26,30,383,8.27,2021
-26,32,17734,8.94,2021
-26,34,5836,7.09,2021
-26,112,7,2.74,2021
-26,114,13,7.17,2021
-26,116,22,22.87,2021
-26,118,5,12.18,2021
-26,120,5,4.95,2021
-26,122,652,13.04,2021
-26,124,103,6.79,2021
-26,126,771,8.2,2021
-26,128,865,17.27,2021
-26,130,840,8.33,2021
-26,132,15,5.65,2021
-26,134,503,9.61,2021
-26,136,13,4.85,2021
-26,138,4,4.13,2021
-26,140,7,3.74,2021
-26,142,65,4.27,2021
-26,144,780,8.12,2021
-26,146,2949,9.2,2021
-26,148,14057,7.65,2021
-26,150,8637,6.98,2021
-26,152,2993,6.53,2021
-24,-68,9,12.75,2021
-24,-66,275,9.07,2021
-24,-64,5,11.86,2021
-24,-58,2054,11.79,2021
-24,-56,2618,14.24,2021
-24,-54,2424,11.07,2021
-24,-52,3498,14.57,2021
-24,-50,4505,12.39,2021
-24,-48,9236,8.55,2021
-24,-46,2887,6.74,2021
-24,-44,5051,4.3,2021
-24,-42,641,3.56,2021
-24,30,984,8.09,2021
-24,32,18778,8.79,2021
-24,34,15176,9.0,2021
-24,114,802,16.81,2021
-24,116,1075,10.13,2021
-24,118,1662,9.99,2021
-24,120,844,13.47,2021
-24,122,380,18.77,2021
-24,124,88,10.8,2021
-24,126,9,5.05,2021
-24,128,418,11.52,2021
-24,130,2921,12.29,2021
-24,132,3035,12.3,2021
-24,134,1501,15.22,2021
-24,136,214,24.15,2021
-24,138,24,4.28,2021
-24,140,202,15.79,2021
-24,142,105,10.44,2021
-24,144,1345,9.38,2021
-24,146,4751,7.41,2021
-24,148,4312,6.82,2021
-24,150,6410,5.91,2021
-22,-70,77,18.06,2021
-22,-68,98,16.58,2021
-22,-66,1379,12.7,2021
-22,-64,2571,9.02,2021
-22,-60,1174,31.59,2021
-22,-58,25955,15.77,2021
-22,-56,6119,15.19,2021
-22,-54,1379,15.63,2021
-22,-52,4527,21.85,2021
-22,-50,10549,23.46,2021
-22,-48,11561,17.57,2021
-22,-46,6043,9.34,2021
-22,-44,5918,6.07,2021
-22,-42,5703,4.5,2021
-22,30,197,8.79,2021
-22,32,28316,8.2,2021
-22,34,16392,8.07,2021
-22,114,1571,3.13,2021
-22,116,3936,13.28,2021
-22,118,6203,16.35,2021
-22,120,2212,18.14,2021
-22,122,1744,11.67,2021
-22,124,1581,16.88,2021
-22,126,579,10.03,2021
-22,128,506,16.38,2021
-22,130,53,10.29,2021
-22,132,122,13.34,2021
-22,134,91,7.97,2021
-22,136,900,24.41,2021
-22,138,2647,7.79,2021
-22,140,1798,11.69,2021
-22,142,666,11.54,2021
-22,144,5196,8.93,2021
-22,146,2652,5.78,2021
-22,148,3787,6.17,2021
-22,150,23,4.0,2021
-20,-70,212,14.18,2021
-20,-68,426,9.1,2021
-20,-66,1173,9.76,2021
-20,-64,7873,9.56,2021
-20,-62,4896,33.24,2021
-20,-60,16114,20.48,2021
-20,-58,31475,19.18,2021
-20,-56,5328,10.49,2021
-20,-54,2500,16.75,2021
-20,-52,2434,17.04,2021
-20,-50,6984,26.53,2021
-20,-48,6885,12.91,2021
-20,-46,7554,7.79,2021
-20,-44,8679,7.23,2021
-20,-42,4271,9.51,2021
-20,-40,1290,8.37,2021
-20,20,81,15.12,2021
-20,26,1,5.02,2021
-20,32,41722,9.2,2021
-20,34,59494,8.9,2021
-20,36,13277,8.02,2021
-20,120,2257,14.37,2021
-20,122,8232,16.43,2021
-20,124,9715,12.22,2021
-20,126,14410,16.82,2021
-20,128,10828,16.9,2021
-20,130,4598,11.34,2021
-20,132,359,9.84,2021
-20,134,203,7.07,2021
-20,136,209,10.22,2021
-20,138,2078,9.9,2021
-20,140,1915,10.77,2021
-20,142,13786,9.88,2021
-20,144,7256,8.77,2021
-20,146,2883,8.87,2021
-20,148,22,6.17,2021
-18,-70,541,8.43,2021
-18,-68,2015,9.72,2021
-18,-66,7756,9.79,2021
-18,-64,20387,8.8,2021
-18,-62,39760,9.88,2021
-18,-60,71063,11.48,2021
-18,-58,16321,16.8,2021
-18,-56,2654,11.22,2021
-18,-54,4049,9.23,2021
-18,-52,4580,12.44,2021
-18,-50,4222,10.98,2021
-18,-48,7900,11.16,2021
-18,-46,5594,10.71,2021
-18,-44,5617,12.74,2021
-18,-42,5761,9.76,2021
-18,-40,1646,8.69,2021
-18,10,1,4.32,2021
-18,12,45,3.82,2021
-18,14,1796,9.52,2021
-18,16,24303,10.57,2021
-18,18,47172,12.63,2021
-18,20,45978,13.91,2021
-18,22,43039,9.31,2021
-18,24,35454,9.46,2021
-18,26,17090,7.5,2021
-18,28,3492,5.59,2021
-18,30,1604,6.31,2021
-18,32,40177,9.75,2021
-18,34,56873,8.83,2021
-18,36,89568,8.78,2021
-18,38,35195,9.83,2021
-18,40,24,4.35,2021
-18,122,26973,14.53,2021
-18,124,18937,8.54,2021
-18,126,16151,8.07,2021
-18,128,7173,8.05,2021
-18,130,6529,10.0,2021
-18,132,7466,10.72,2021
-18,134,8422,12.41,2021
-18,136,25427,10.61,2021
-18,138,6401,9.1,2021
-18,140,3287,9.2,2021
-18,142,18415,10.15,2021
-18,144,9166,7.15,2021
-18,146,5,4.84,2021
-16,-70,1087,10.12,2021
-16,-68,7244,12.64,2021
-16,-66,23618,10.24,2021
-16,-64,22620,8.33,2021
-16,-62,24115,8.5,2021
-16,-60,6322,9.18,2021
-16,-58,5507,10.14,2021
-16,-56,5432,12.45,2021
-16,-54,12680,12.52,2021
-16,-52,7386,10.26,2021
-16,-50,12546,8.13,2021
-16,-48,17816,9.31,2021
-16,-46,14965,19.36,2021
-16,-44,8409,15.0,2021
-16,-42,10897,15.16,2021
-16,-40,2064,8.23,2021
-16,10,2,0.21,2021
-16,12,1153,5.57,2021
-16,14,24470,9.3,2021
-16,16,71440,12.61,2021
-16,18,36544,14.33,2021
-16,20,36249,14.68,2021
-16,22,46266,8.88,2021
-16,24,55248,9.9,2021
-16,26,46226,9.14,2021
-16,28,42988,7.35,2021
-16,30,38679,6.76,2021
-16,32,46037,7.39,2021
-16,34,13705,8.57,2021
-16,36,59350,8.83,2021
-16,38,56521,9.33,2021
-16,40,17100,8.76,2021
-16,124,15473,8.19,2021
-16,126,28070,8.97,2021
-16,128,21599,8.6,2021
-16,130,39892,8.82,2021
-16,132,26386,8.52,2021
-16,134,23898,10.37,2021
-16,136,3549,8.79,2021
-16,140,5742,8.44,2021
-16,142,21176,7.26,2021
-16,144,9670,7.5,2021
-14,-70,2255,10.0,2021
-14,-68,10537,10.43,2021
-14,-66,21532,11.67,2021
-14,-64,15239,13.24,2021
-14,-62,5469,11.18,2021
-14,-60,2479,16.64,2021
-14,-58,4162,12.93,2021
-14,-56,10385,13.96,2021
-14,-54,8557,12.68,2021
-14,-52,14174,13.06,2021
-14,-50,11080,7.41,2021
-14,-48,20713,8.09,2021
-14,-46,17462,17.83,2021
-14,-44,8803,16.24,2021
-14,-42,4081,10.46,2021
-14,-40,2753,6.29,2021
-14,-38,46,6.51,2021
-14,12,1715,6.62,2021
-14,14,44905,6.97,2021
-14,16,73596,10.31,2021
-14,18,38180,11.99,2021
-14,20,45026,14.07,2021
-14,22,52756,10.8,2021
-14,24,54631,8.72,2021
-14,26,69478,9.65,2021
-14,28,60456,9.04,2021
-14,30,51803,8.49,2021
-14,32,17425,6.65,2021
-14,34,32730,8.36,2021
-14,36,44940,8.94,2021
-14,38,39796,8.24,2021
-14,40,16327,7.0,2021
-14,126,116,9.7,2021
-14,128,1697,12.85,2021
-14,130,31451,9.37,2021
-14,132,38623,7.79,2021
-14,134,30149,8.64,2021
-14,136,9426,8.65,2021
-14,140,6234,8.76,2021
-14,142,17231,7.71,2021
-12,-72,15,8.07,2021
-12,-70,12855,15.37,2021
-12,-68,4969,10.2,2021
-12,-66,11910,13.9,2021
-12,-64,7032,11.19,2021
-12,-62,5070,9.51,2021
-12,-60,6709,11.57,2021
-12,-58,11009,12.59,2021
-12,-56,10650,11.47,2021
-12,-54,8477,12.64,2021
-12,-52,22414,12.54,2021
-12,-50,12147,9.75,2021
-12,-48,17755,11.73,2021
-12,-46,25700,17.3,2021
-12,-44,24559,26.94,2021
-12,-42,2338,8.59,2021
-12,-40,1672,8.14,2021
-12,-38,2133,8.44,2021
-12,12,1820,10.5,2021
-12,14,67760,11.36,2021
-12,16,88939,9.66,2021
-12,18,55141,11.12,2021
-12,20,52845,15.61,2021
-12,22,72316,11.39,2021
-12,24,70700,8.88,2021
-12,26,87388,9.77,2021
-12,28,73739,10.76,2021
-12,30,64723,11.18,2021
-12,32,30629,9.12,2021
-12,34,34680,7.8,2021
-12,36,38305,8.11,2021
-12,38,41199,9.09,2021
-12,40,7943,9.54,2021
-12,118,4,4.66,2021
-12,120,703,5.5,2021
-12,122,730,5.58,2021
-12,124,300,6.2,2021
-12,130,13320,9.18,2021
-12,132,9968,9.12,2021
-12,134,628,5.92,2021
-12,136,38,19.0,2021
-12,140,22,6.17,2021
-12,142,3759,11.14,2021
-10,-74,2150,12.21,2021
-10,-72,9321,16.04,2021
-10,-70,11112,15.73,2021
-10,-68,22462,16.16,2021
-10,-66,27425,15.89,2021
-10,-64,32913,13.54,2021
-10,-62,15910,15.13,2021
-10,-60,8721,13.39,2021
-10,-58,6635,11.96,2021
-10,-56,11293,15.91,2021
-10,-54,1318,11.61,2021
-10,-52,6567,10.32,2021
-10,-50,9164,8.25,2021
-10,-48,13329,10.22,2021
-10,-46,22251,12.77,2021
-10,-44,21673,17.37,2021
-10,-42,3792,11.58,2021
-10,-40,1327,8.52,2021
-10,-38,3165,8.41,2021
-10,-36,1678,6.04,2021
-10,12,7268,8.8,2021
-10,14,55399,13.03,2021
-10,16,84410,14.0,2021
-10,18,68819,18.04,2021
-10,20,67047,18.29,2021
-10,22,75711,15.31,2021
-10,24,70008,16.93,2021
-10,26,71741,9.3,2021
-10,28,65849,9.68,2021
-10,30,53732,10.48,2021
-10,32,25711,7.97,2021
-10,34,35373,10.86,2021
-10,36,32500,7.31,2021
-10,38,30243,9.23,2021
-10,110,15,3.92,2021
-10,112,922,4.22,2021
-10,114,288,4.81,2021
-10,116,2146,8.28,2021
-10,118,4815,7.67,2021
-10,120,2456,5.85,2021
-10,122,2287,6.39,2021
-10,124,3309,6.88,2021
-10,126,99,5.61,2021
-10,128,66,5.4,2021
-10,130,266,6.31,2021
-10,136,27,6.17,2021
-10,138,209,5.61,2021
-10,140,517,6.03,2021
-10,142,3,4.02,2021
-8,-74,4030,15.99,2021
-8,-72,2304,15.71,2021
-8,-70,853,12.91,2021
-8,-68,1192,20.03,2021
-8,-66,1154,19.51,2021
-8,-64,7315,18.67,2021
-8,-62,11033,21.57,2021
-8,-60,15692,18.85,2021
-8,-58,4879,11.51,2021
-8,-56,23423,14.79,2021
-8,-54,14657,17.75,2021
-8,-52,5143,9.82,2021
-8,-50,3852,9.82,2021
-8,-48,12213,9.82,2021
-8,-46,32054,9.52,2021
-8,-44,33893,7.63,2021
-8,-42,12946,13.43,2021
-8,-40,12094,14.9,2021
-8,-38,4661,11.58,2021
-8,-36,2812,7.36,2021
-8,12,18842,10.61,2021
-8,14,64057,11.01,2021
-8,16,67343,12.76,2021
-8,18,63718,21.96,2021
-8,20,74106,12.22,2021
-8,22,86424,8.83,2021
-8,24,74546,13.92,2021
-8,26,79159,11.27,2021
-8,28,63430,10.22,2021
-8,30,40784,7.74,2021
-8,32,44556,8.27,2021
-8,34,32000,8.1,2021
-8,36,28034,8.24,2021
-8,38,16215,7.73,2021
-8,104,487,2.86,2021
-8,106,1087,2.46,2021
-8,108,777,2.61,2021
-8,110,1910,4.46,2021
-8,112,882,3.24,2021
-8,114,381,4.45,2021
-8,120,48,11.39,2021
-8,124,40,4.26,2021
-8,126,88,5.74,2021
-8,128,87,5.68,2021
-8,130,187,6.91,2021
-8,134,85,5.72,2021
-8,138,604,6.15,2021
-8,140,126,5.84,2021
-6,-74,28,10.81,2021
-6,-72,77,8.17,2021
-6,-70,281,7.2,2021
-6,-68,240,14.78,2021
-6,-66,121,15.11,2021
-6,-64,633,16.5,2021
-6,-62,1577,14.01,2021
-6,-60,722,10.85,2021
-6,-58,3267,13.04,2021
-6,-56,3042,13.65,2021
-6,-54,3052,11.68,2021
-6,-52,7266,10.61,2021
-6,-50,7442,10.16,2021
-6,-48,11930,8.54,2021
-6,-46,13010,13.12,2021
-6,-44,15521,14.37,2021
-6,-42,9447,16.58,2021
-6,-40,6573,13.79,2021
-6,-38,2518,12.5,2021
-6,-36,1009,8.6,2021
-6,12,16907,9.01,2021
-6,14,42019,10.2,2021
-6,16,65451,10.44,2021
-6,18,74340,10.69,2021
-6,20,49426,9.04,2021
-6,22,44070,7.73,2021
-6,24,59697,12.25,2021
-6,26,68656,12.0,2021
-6,28,45086,9.64,2021
-6,30,37160,8.41,2021
-6,32,12615,7.51,2021
-6,34,19027,15.12,2021
-6,36,10247,9.12,2021
-6,38,7403,6.82,2021
-6,102,173,6.85,2021
-6,104,1310,5.83,2021
-6,106,31,3.49,2021
-6,112,1,4.78,2021
-6,114,64,5.8,2021
-6,116,1,4.35,2021
-6,118,198,4.28,2021
-6,120,307,5.89,2021
-6,122,366,6.11,2021
-6,132,14,3.23,2021
-6,134,3,7.41,2021
-6,136,7,4.61,2021
-6,138,165,7.39,2021
-6,140,110,11.41,2021
-4,-74,1,7.69,2021
-4,-72,18,6.32,2021
-4,-70,216,6.47,2021
-4,-68,276,7.8,2021
-4,-66,1981,17.27,2021
-4,-64,375,14.48,2021
-4,-62,1501,11.33,2021
-4,-60,3623,15.51,2021
-4,-58,2726,12.69,2021
-4,-56,6367,13.74,2021
-4,-54,6209,13.87,2021
-4,-52,14581,11.74,2021
-4,-50,11889,10.14,2021
-4,-48,7547,9.88,2021
-4,-46,7508,13.32,2021
-4,-44,11000,14.43,2021
-4,-42,5925,15.98,2021
-4,-40,3754,9.36,2021
-4,14,378,7.57,2021
-4,16,39508,8.72,2021
-4,18,19128,8.99,2021
-4,20,4204,7.59,2021
-4,22,36779,9.85,2021
-4,24,32019,10.46,2021
-4,26,20231,8.79,2021
-4,28,7834,7.76,2021
-4,30,18945,7.78,2021
-4,32,2846,8.07,2021
-4,34,16993,7.71,2021
-4,36,831,10.45,2021
-4,38,1,3.55,2021
-4,100,643,5.96,2021
-4,102,1592,6.21,2021
-4,104,1226,6.24,2021
-4,106,804,8.87,2021
-4,108,49,5.45,2021
-4,110,861,7.42,2021
-4,112,149,6.73,2021
-4,114,1467,4.29,2021
-4,116,70,3.98,2021
-4,118,328,5.57,2021
-4,120,1988,9.74,2021
-4,122,1690,2.9,2021
-4,124,2,4.6,2021
-4,126,181,6.14,2021
-4,128,58,4.69,2021
-4,130,14,3.3,2021
-4,132,180,3.17,2021
-4,134,45,5.44,2021
-4,136,83,6.83,2021
-4,138,454,8.54,2021
-4,140,211,5.45,2021
-2,-76,153,14.28,2021
-2,-74,63,8.49,2021
-2,-72,39,5.95,2021
-2,-70,7,12.28,2021
-2,-68,80,7.02,2021
-2,-66,48,9.39,2021
-2,-64,38,6.6,2021
-2,-62,299,17.84,2021
-2,-60,85,13.18,2021
-2,-58,513,15.11,2021
-2,-56,4208,12.67,2021
-2,-54,2301,12.26,2021
-2,-52,1511,9.27,2021
-2,-50,3534,8.96,2021
-2,-48,5363,11.07,2021
-2,-46,2539,14.09,2021
-2,16,3958,6.37,2021
-2,18,6062,6.5,2021
-2,20,2261,5.82,2021
-2,22,6957,7.09,2021
-2,24,6129,7.61,2021
-2,26,4465,6.66,2021
-2,28,7244,7.99,2021
-2,30,3916,6.33,2021
-2,32,116,8.64,2021
-2,34,3657,7.23,2021
-2,98,52,5.19,2021
-2,100,607,6.18,2021
-2,102,820,3.33,2021
-2,104,434,9.2,2021
-2,106,21,4.69,2021
-2,108,1438,8.53,2021
-2,110,2592,9.09,2021
-2,112,901,7.35,2021
-2,114,1110,6.72,2021
-2,116,542,5.79,2021
-2,118,151,6.29,2021
-2,120,647,6.04,2021
-2,122,574,4.78,2021
-2,124,9,5.68,2021
-2,126,641,5.44,2021
-2,128,3,3.2,2021
-2,130,7,2.55,2021
-2,132,116,9.05,2021
-2,134,40,3.36,2021
-2,136,398,4.73,2021
-2,138,3,5.86,2021
0,-80,6,5.52,2021
0,-78,724,7.08,2021
0,-76,5877,17.8,2021
0,-74,1928,21.06,2021
0,-72,586,11.11,2021
0,-70,148,8.14,2021
0,-68,69,7.84,2021
0,-66,6,5.22,2021
0,-64,5,2.73,2021
0,-62,885,11.55,2021
0,-60,500,15.33,2021
0,-58,205,6.51,2021
0,-56,627,9.25,2021
0,-54,164,10.26,2021
0,-52,2821,8.99,2021
0,-50,10,8.31,2021
0,16,197,8.24,2021
0,18,3887,6.83,2021
0,20,5672,7.93,2021
0,22,11064,9.8,2021
0,24,17223,9.92,2021
0,26,1819,8.2,2021
0,28,3140,7.09,2021
0,30,3970,6.23,2021
0,96,21,10.72,2021
0,98,741,6.68,2021
0,100,1145,5.35,2021
0,102,1247,7.29,2021
0,104,194,5.86,2021
0,108,2146,9.35,2021
0,110,3669,11.44,2021
0,112,441,8.54,2021
0,114,405,14.25,2021
0,116,999,5.58,2021
0,118,82,7.64,2021
0,120,219,5.35,2021
0,122,330,5.13,2021
0,124,126,2.38,2021
0,126,883,3.11,2021
0,128,204,2.95,2021
2,-80,1,3.29,2021
2,-78,730,6.64,2021
2,-76,2421,10.29,2021
2,-74,9119,11.64,2021
2,-72,6188,10.78,2021
2,-70,258,9.72,2021
2,-68,115,10.64,2021
2,-66,7,7.75,2021
2,-64,13,4.9,2021
2,-62,3299,6.93,2021
2,-60,685,6.02,2021
2,-58,9,4.87,2021
2,-56,303,7.85,2021
2,-54,18,4.61,2021
2,-52,788,8.75,2021
2,14,1167,7.33,2021
2,16,2820,7.57,2021
2,18,23136,7.51,2021
2,20,31635,8.57,2021
2,22,33392,10.54,2021
2,24,10738,8.76,2021
2,26,24778,8.46,2021
2,28,36930,10.6,2021
2,30,12159,8.47,2021
2,96,378,6.53,2021
2,98,1082,5.12,2021
2,100,356,5.94,2021
2,106,7,4.05,2021
2,108,147,6.02,2021
2,114,107,17.01,2021
2,116,603,6.31,2021
2,118,26,13.33,2021
2,124,62,1.39,2021
2,128,13,4.38,2021
4,-78,94,9.32,2021
4,-76,1374,6.03,2021
4,-74,2998,5.74,2021
4,-72,11368,7.89,2021
4,-70,8124,8.38,2021
4,-68,1103,8.18,2021
4,-66,4,13.67,2021
4,-62,2031,6.02,2021
4,-60,285,5.68,2021
4,-52,9,17.13,2021
4,4,4978,3.63,2021
4,6,21816,4.69,2021
4,8,6520,6.52,2021
4,14,36593,7.08,2021
4,16,44346,6.9,2021
4,18,48131,8.35,2021
4,20,41194,7.59,2021
4,22,27709,8.69,2021
4,24,27806,9.06,2021
4,26,30535,10.16,2021
4,28,11234,13.52,2021
4,30,441,10.7,2021
4,94,275,5.8,2021
4,96,458,4.79,2021
4,98,6,1.64,2021
4,106,2,13.31,2021
4,108,8,4.19,2021
4,114,1,3.18,2021
4,116,42,5.76,2021
4,126,1,6.66,2021
6,-78,352,9.7,2021
6,-76,3744,12.76,2021
6,-74,2451,5.64,2021
6,-72,2318,7.89,2021
6,-70,1692,8.89,2021
6,-68,535,9.68,2021
6,2,10132,7.13,2021
6,4,21287,6.78,2021
6,6,42794,5.73,2021
6,8,34076,6.4,2021
6,10,33849,6.14,2021
6,12,419,4.16,2021
6,14,18614,6.46,2021
6,16,55381,7.38,2021
6,18,69551,8.6,2021
6,20,53446,8.63,2021
6,22,54748,7.95,2021
6,24,58762,7.0,2021
6,26,4584,7.03,2021
6,92,1,2.77,2021
8,-78,551,9.25,2021
8,-76,5678,9.12,2021
8,-74,7112,8.71,2021
8,2,10092,5.08,2021
8,4,31644,5.19,2021
8,6,32720,5.01,2021
8,8,24827,5.3,2021
8,10,23452,6.22,2021
8,12,3573,4.52,2021
8,18,21610,11.93,2021
8,20,58669,10.5,2021
8,22,64794,7.32,2021
8,24,15685,6.28,2021
8,26,8890,9.28,2021
8,28,11164,9.26,2021
8,30,3499,14.75,2021
8,32,749,5.87,2021
8,34,1043,7.28,2021
8,76,995,4.94,2021
8,78,526,4.62,2021
8,92,23,9.57,2021
10,-76,3272,8.9,2021
10,-74,7133,6.92,2021
10,-72,7,6.5,2021
10,2,4930,5.98,2021
10,4,28992,6.2,2021
10,6,51589,5.92,2021
10,8,6567,4.19,2021
10,10,3629,4.84,2021
10,12,19986,8.85,2021
10,14,5738,11.41,2021
10,20,4128,11.26,2021
10,22,22638,8.35,2021
10,24,10626,7.49,2021
10,26,7936,6.89,2021
10,28,23451,8.42,2021
10,30,33036,8.29,2021
10,32,7039,8.42,2021
10,34,10023,7.63,2021
10,74,10,3.84,2021
10,76,1445,3.98,2021
10,78,1600,4.47,2021
10,92,2,1.3,2021
12,-74,1,16.99,2021
12,-72,4,1.38,2021
12,2,192,6.12,2021
12,4,6275,7.31,2021
12,6,9099,6.49,2021
12,8,225,4.49,2021
12,10,1019,9.67,2021
12,12,16900,11.19,2021
12,14,4382,13.96,2021
12,20,31,8.97,2021
12,22,2905,7.04,2021
12,24,4389,6.66,2021
12,26,6543,7.27,2021
12,28,3298,7.35,2021
12,30,4033,7.41,2021
12,32,1664,8.83,2021
12,34,10590,10.99,2021
12,36,1850,9.93,2021
12,74,690,4.44,2021
12,76,6175,5.33,2021
12,78,6413,5.29,2021
12,80,381,3.07,2021
12,92,3,1.92,2021
14,22,588,6.51,2021
14,24,331,10.58,2021
14,26,1512,7.86,2021
14,28,230,5.62,2021
14,30,538,7.47,2021
14,32,1940,7.59,2021
14,34,893,9.54,2021
14,36,1056,11.62,2021
14,72,396,2.73,2021
14,74,3229,5.13,2021
14,76,8992,4.23,2021
14,78,14687,5.59,2021
14,80,228,4.16,2021
16,26,1,0.16,2021
16,30,11,5.66,2021
16,32,452,2.72,2021
16,34,207,5.72,2021
16,36,344,9.33,2021
16,38,6,3.82,2021
16,72,4719,5.37,2021
16,74,4083,4.88,2021
16,76,6008,5.12,2021
16,78,6664,5.74,2021
16,80,12342,4.78,2021
16,82,3643,4.37,2021
18,30,113,7.38,2021
18,32,15,5.67,2021
18,34,5,8.29,2021
18,36,344,13.93,2021
18,38,19,14.19,2021
18,72,10945,4.97,2021
18,74,3832,4.86,2021
18,76,5116,5.47,2021
18,78,18184,4.68,2021
18,80,32024,4.68,2021
18,82,19935,6.46,2021
18,84,7632,3.72,2021
18,86,11,3.87,2021
20,28,1,0.09,2021
20,30,16,6.18,2021
20,34,1,2.61,2021
20,68,201,8.48,2021
20,70,2050,5.67,2021
20,72,6869,4.66,2021
20,74,3840,5.28,2021
20,76,8137,5.71,2021
20,78,10767,6.0,2021
20,80,20795,4.01,2021
20,82,30495,4.31,2021
20,84,38495,3.15,2021
20,86,7842,3.39,2021
20,88,2,1.89,2021
20,92,30,3.74,2021
22,68,1752,2.5,2021
22,70,2133,3.66,2021
22,72,3630,5.25,2021
22,74,6416,5.97,2021
22,76,25474,5.9,2021
22,78,23532,5.57,2021
22,80,13174,5.01,2021
22,82,22884,3.26,2021
22,84,24297,2.72,2021
22,86,30411,2.83,2021
22,88,1322,2.59,2021
22,90,2816,15.87,2021
22,92,17708,28.42,2021
22,94,89,26.36,2021
24,70,263,5.93,2021
24,72,1746,4.53,2021
24,74,3328,5.13,2021
24,76,8026,6.35,2021
24,78,8872,6.76,2021
24,80,10655,7.24,2021
24,82,14314,5.56,2021
24,84,7692,4.77,2021
24,86,4774,3.79,2021
24,88,955,6.6,2021
24,90,7834,11.51,2021
24,92,23670,19.2,2021
24,94,6474,16.26,2021
26,68,9,2.11,2021
26,70,583,4.32,2021
26,72,747,4.52,2021
26,74,329,3.17,2021
26,76,1037,5.13,2021
26,78,3035,5.48,2021
26,80,3128,4.9,2021
26,82,7954,6.08,2021
26,84,1814,3.51,2021
26,86,23,2.99,2021
26,88,366,3.31,2021
26,90,1103,6.57,2021
26,92,5842,12.37,2021
26,94,5833,14.53,2021
26,96,1714,14.29,2021
28,72,725,4.98,2021
28,74,12188,7.25,2021
28,76,13239,5.37,2021
28,78,15409,3.96,2021
28,80,5673,4.4,2021
28,92,12,6.63,2021
28,94,930,10.06,2021
28,96,467,10.11,2021
30,72,537,7.99,2021
30,74,73753,7.68,2021
30,76,19982,5.45,2021
30,78,6831,4.33,2021
30,80,156,5.09,2021
32,72,13,3.65,2021
32,74,3114,5.02,2021
32,76,519,4.0,2021
32,78,1,4.3,2021
34,72,42,7.73,2021
34,74,127,6.29,2021
34,76,4,83.24,2021
34,78,1,8.33,2021
40,-84,2,0.6,2021
42,-84,536,2.74,2021
42,-82,2314,2.56,2021
42,-80,2103,2.07,2021
42,-78,1,3.85,2021
42,-68,2,3.52,2021
42,-66,6,6.74,2021
44,-84,1,2.89,2021
44,-82,46,3.06,2021
44,-80,40,2.94,2021
44,-78,171,2.62,2021
44,-76,204,3.4,2021
44,-74,703,1.56,2021
44,-72,18,1.3,2021
44,-68,332,4.23,2021
44,-66,18,4.03,2021
44,-64,16,2.22,2021
44,-62,5,5.01,2021
46,-86,351,2.41,2021
46,-84,31,1.87,2021
46,-82,256,5.36,2021
46,-80,20,2.6,2021
46,-78,2,19.72,2021
46,-76,4,3.8,2021
46,-74,393,1.88,2021
46,-72,35,3.84,2021
46,-70,5,5.87,2021
46,-68,33,18.55,2021
46,-66,34,22.42,2021
46,-64,22,3.95,2021
46,-62,8,5.47,2021
46,-60,1,5.92,2021
46,-56,4,4.0,2021
46,-54,4,3.2,2021
48,-128,4,19.14,2021
48,-126,252,5.35,2021
48,-124,345,3.44,2021
48,-122,6042,13.72,2021
48,-120,17057,11.35,2021
48,-118,5648,10.33,2021
48,-116,1126,8.75,2021
48,-114,111,14.59,2021
48,-112,12,2.87,2021
48,-110,13,7.89,2021
48,-108,44,15.26,2021
48,-106,45,12.51,2021
48,-104,547,7.68,2021
48,-102,786,10.42,2021
48,-100,633,10.59,2021
48,-98,654,10.06,2021
48,-96,184,9.51,2021
48,-94,173,10.65,2021
48,-92,4639,7.75,2021
48,-90,43,15.81,2021
48,-88,138,48.1,2021
48,-86,22,4.08,2021
48,-84,6,29.27,2021
48,-82,14,8.89,2021
48,-80,152,4.1,2021
48,-78,3,3.53,2021
48,-76,2,12.19,2021
48,-74,19,12.71,2021
48,-72,200,38.13,2021
48,-70,60,6.44,2021
48,-68,5,2.79,2021
48,-66,140,1.05,2021
48,-60,2,2.58,2021
48,-58,5,13.21,2021
48,-56,11,8.1,2021
48,-54,2,4.34,2021
50,-128,43,2.63,2021
50,-126,121,15.85,2021
50,-124,2682,27.31,2021
50,-122,49114,15.84,2021
50,-120,22822,12.4,2021
50,-118,1532,8.26,2021
50,-116,373,7.02,2021
50,-114,122,20.86,2021
50,-112,226,10.9,2021
50,-110,36,4.93,2021
50,-108,205,7.37,2021
50,-106,1357,5.61,2021
50,-104,1317,9.29,2021
50,-102,2127,19.48,2021
50,-100,3335,20.45,2021
50,-98,11659,16.5,2021
50,-96,58564,17.37,2021
50,-94,2926,15.85,2021
50,-92,1257,13.77,2021
50,-90,182,4.97,2021
50,-88,14,11.74,2021
50,-86,576,11.03,2021
50,-84,34,13.53,2021
50,-82,2,2.46,2021
50,-80,1,0.54,2021
50,-68,3,1.57,2021
50,-66,11,6.18,2021
50,-64,4,9.96,2021
50,-58,4,1.0,2021
52,-134,3,1.53,2021
52,-130,1,0.59,2021
52,-128,887,21.27,2021
52,-126,8588,18.55,2021
52,-124,3015,21.44,2021
52,-122,1754,13.6,2021
52,-120,725,11.91,2021
52,-118,344,19.52,2021
52,-116,642,9.09,2021
52,-114,889,4.41,2021
52,-112,497,8.92,2021
52,-110,1642,12.34,2021
52,-108,628,10.52,2021
52,-106,5045,14.81,2021
52,-104,21119,12.36,2021
52,-102,791,12.62,2021
52,-100,5704,37.65,2021
52,-98,19191,13.73,2021
52,-96,25064,17.23,2021
52,-94,2056,16.48,2021
52,-92,1472,27.45,2021
52,-90,125,4.02,2021
52,-88,19,3.75,2021
52,-86,70,8.28,2021
52,-84,863,13.04,2021
52,-82,1,1.25,2021
52,-80,13,8.84,2021
52,-78,6,2.83,2021
52,-74,119,25.55,2021
52,-72,4,6.12,2021
52,-70,1,0.05,2021
52,-68,1,6.88,2021
52,-62,7,6.05,2021
52,-58,2,4.98,2021
54,-130,144,11.2,2021
54,-128,899,14.25,2021
54,-126,4117,16.93,2021
54,-124,1757,14.49,2021
54,-122,2219,18.37,2021
54,-120,1548,8.92,2021
54,-118,629,7.65,2021
54,-116,592,12.11,2021
54,-114,339,17.01,2021
54,-112,205,5.69,2021
54,-110,2492,15.77,2021
54,-108,3523,11.1,2021
54,-106,13717,13.05,2021
54,-104,8246,12.88,2021
54,-102,16371,11.65,2021
54,-100,1315,6.59,2021
54,-98,1885,7.38,2021
54,-96,292,4.17,2021
54,-94,16,5.17,2021
54,-92,44,13.5,2021
54,-90,13,5.12,2021
54,-88,4,39.21,2021
54,-86,213,13.11,2021
54,-84,94,12.67,2021
54,-78,963,16.49,2021
54,-76,964,18.99,2021
54,-70,1,2.64,2021
54,-68,4,3.02,2021
54,-60,1,3.31,2021
56,-132,3,2.61,2021
56,-130,544,15.9,2021
56,-126,5161,18.9,2021
56,-124,984,24.07,2021
56,-122,749,14.69,2021
56,-120,679,16.6,2021
56,-118,1025,11.81,2021
56,-116,69,14.08,2021
56,-114,505,16.66,2021
56,-112,2171,15.1,2021
56,-110,3072,12.17,2021
56,-108,2319,15.25,2021
56,-106,11350,18.41,2021
56,-104,7426,15.3,2021
56,-102,1528,9.67,2021
56,-100,1207,18.99,2021
56,-98,5590,10.94,2021
56,-96,914,23.18,2021
56,-94,40,3.27,2021
56,-90,1,0.29,2021
56,-64,2,0.48,2021
58,-134,1,2.74,2021
58,-132,2,3.28,2021
58,-130,2,2.24,2021
58,-128,46,21.36,2021
58,-126,2,2.76,2021
58,-124,7,5.13,2021
58,-122,82,6.64,2021
58,-120,38,7.55,2021
58,-118,834,11.65,2021
58,-116,546,14.94,2021
58,-114,3,8.63,2021
58,-112,2,0.47,2021
58,-110,131,9.64,2021
58,-108,2849,12.56,2021
58,-106,11162,18.09,2021
58,-104,1011,19.39,2021
58,-102,307,8.81,2021
58,-100,2208,11.57,2021
58,-98,497,12.87,2021
58,-80,1,3.32,2021
58,-70,4,2.1,2021
60,-138,132,16.67,2021
60,-136,894,7.01,2021
60,-134,4,1.3,2021
60,-132,5,8.77,2021
60,-130,541,15.59,2021
60,-128,26,9.04,2021
60,-126,2454,13.35,2021
60,-124,2761,14.63,2021
60,-122,415,12.75,2021
60,-120,2,1.02,2021
60,-116,2,5.32,2021
60,-112,27,6.32,2021
60,-110,121,13.33,2021
60,-108,423,16.7,2021
60,-106,11,5.2,2021
60,-104,34,13.92,2021
60,-102,24,11.57,2021
60,-78,1,3.7,2021
60,-74,3,1.08,2021
62,-140,155,7.16,2021
62,-138,2829,15.96,2021
62,-136,1413,15.28,2021
62,-134,901,12.39,2021
62,-132,5,9.23,2021
62,-126,140,24.36,2021
62,-124,1644,15.62,2021
62,-122,6,2.71,2021
62,-120,1014,27.79,2021
62,-118,716,17.98,2021
62,-116,1074,6.64,2021
62,-114,25,6.9,2021
62,-112,90,22.94,2021
62,-110,3,15.62,2021
62,-106,5,5.54,2021
62,-94,7,3.95,2021
64,-142,64,6.45,2021
64,-140,347,19.37,2021
64,-138,53,10.08,2021
64,-136,4,0.79,2021
64,-134,507,12.83,2021
64,-130,668,10.76,2021
64,-128,1653,19.82,2021
64,-126,315,7.69,2021
64,-124,3,8.24,2021
64,-120,92,35.33,2021
64,-118,1535,14.07,2021
64,-104,1,0.05,2021
64,-98,1,3.03,2021
66,-140,1364,18.65,2021
66,-138,255,18.95,2021
66,-136,1465,16.03,2021
66,-134,1449,18.01,2021
66,-132,405,29.64,2021
66,-130,5,8.07,2021
66,-128,80,4.16,2021
66,-112,1,2.46,2021
66,-108,1,0.14,2021
66,-86,1,2.57,2021
66,-72,1,0.03,2021
68,-140,31,12.58,2021
68,-134,3,5.24,2021
68,-132,21,9.84,2021
68,-126,1,0.13,2021
72,-84,1,0.17,2021
78,-90,1,0.04,2021
82,-80,1,0.09,2021
-44,144,121,18.81,2022
-44,146,1027,12.44,2022
-44,148,13,5.47,2022
-42,142,1,1.45,2022
-42,144,774,7.18,2022
-42,146,1620,7.36,2022
-42,148,218,7.54,2022
-40,140,206,6.86,2022
-40,142,844,10.26,2022
-40,144,338,7.69,2022
-40,146,458,6.25,2022
-40,148,1,0.78,2022
-38,138,27,5.99,2022
-38,140,2455,14.88,2022
-38,142,4430,18.92,2022
-38,144,3039,12.16,2022
-38,146,1890,10.25,2022
-38,148,478,8.35,2022
-38,150,4,3.0,2022
-36,114,1497,19.5,2022
-36,116,3601,12.82,2022
-36,118,811,19.27,2022
-36,134,208,10.79,2022
-36,136,418,13.62,2022
-36,138,531,9.45,2022
-36,140,235,8.87,2022
-36,142,729,7.19,2022
-36,144,2309,17.27,2022
-36,146,6703,18.76,2022
-36,148,1379,14.03,2022
-36,150,2087,2.79,2022
-34,-54,753,17.92,2022
-34,114,3228,6.82,2022
-34,116,12207,9.84,2022
-34,118,1545,9.35,2022
-34,120,688,10.75,2022
-34,122,439,11.85,2022
-34,132,13,8.81,2022
-34,134,345,55.57,2022
-34,136,2048,3.0,2022
-34,138,193,10.56,2022
-34,140,107,11.4,2022
-34,142,83,6.15,2022
-34,144,568,12.11,2022
-34,146,4070,16.33,2022
-34,148,1679,14.17,2022
-34,150,680,3.0,2022
-34,152,66,5.25,2022
-32,-58,123,6.07,2022
-32,-56,585,9.37,2022
-32,-54,2480,8.0,2022
-32,-52,364,5.68,2022
-32,114,2121,20.96,2022
-32,116,6472,9.98,2022
-32,118,1209,17.37,2022
-32,120,2581,11.44,2022
-32,122,116,15.39,2022
-32,124,352,35.99,2022
-32,130,138,13.2,2022
-32,132,3,2.6,2022
-32,134,133,35.52,2022
-32,136,788,3.9,2022
-32,138,34,71.38,2022
-32,140,3,3.19,2022
-32,144,171,5.38,2022
-32,146,1674,16.43,2022
-32,148,1522,14.13,2022
-32,150,1533,6.31,2022
-32,152,730,9.49,2022
-30,-58,340,11.24,2022
-30,-56,1180,10.48,2022
-30,-54,857,5.46,2022
-30,-52,3625,6.68,2022
-30,-50,1004,5.79,2022
-30,114,1606,10.39,2022
-30,116,521,9.12,2022
-30,118,221,20.97,2022
-30,120,394,21.14,2022
-30,122,11,18.75,2022
-30,124,15,7.12,2022
-30,126,46,8.81,2022
-30,128,759,10.21,2022
-30,130,39,39.97,2022
-30,132,41,3.2,2022
-30,134,20,3.88,2022
-30,136,1,9.93,2022
-30,140,125,2.94,2022
-30,144,12,2.32,2022
-30,146,135,4.88,2022
-30,148,1643,7.58,2022
-30,150,2501,8.85,2022
-30,152,1325,5.78,2022
-28,-56,74,6.18,2022
-28,-54,1125,7.41,2022
-28,-52,3301,11.0,2022
-28,-50,1135,6.99,2022
-28,32,2980,7.06,2022
-28,112,4,0.91,2022
-28,114,1108,24.62,2022
-28,116,3,1.64,2022
-28,118,18,10.71,2022
-28,120,90,31.23,2022
-28,122,58,17.0,2022
-28,124,51,8.86,2022
-28,126,6,6.94,2022
-28,128,309,13.54,2022
-28,130,391,9.29,2022
-28,132,248,12.49,2022
-28,134,13,19.83,2022
-28,136,8,5.47,2022
-28,140,22,1.02,2022
-28,142,6,2.36,2022
-28,144,62,6.43,2022
-28,146,1405,7.96,2022
-28,148,2311,6.9,2022
-28,150,4066,7.94,2022
-28,152,2476,6.3,2022
-26,-56,56,5.1,2022
-26,-54,1473,8.45,2022
-26,-52,2626,9.88,2022
-26,-50,1914,7.89,2022
-26,-48,55,3.98,2022
-26,30,213,7.45,2022
-26,32,9273,8.72,2022
-26,34,3773,6.65,2022
-26,112,5,5.02,2022
-26,114,9065,18.81,2022
-26,116,4,11.46,2022
-26,118,26,3.79,2022
-26,120,1,1.53,2022
-26,122,277,14.04,2022
-26,124,45,5.68,2022
-26,126,133,13.71,2022
-26,128,3949,15.32,2022
-26,130,6949,11.35,2022
-26,132,3320,11.1,2022
-26,134,19,16.31,2022
-26,136,15,5.13,2022
-26,142,76,1.84,2022
-26,144,1049,9.86,2022
-26,146,1903,8.56,2022
-26,148,2629,6.98,2022
-26,150,7518,6.43,2022
-26,152,1887,6.23,2022
-24,-68,4,2.53,2022
-24,-66,2637,5.36,2022
-24,-64,106,3.65,2022
-24,-58,549,5.31,2022
-24,-56,1086,9.89,2022
-24,-54,2658,10.49,2022
-24,-52,1318,8.63,2022
-24,-50,2618,7.07,2022
-24,-48,3995,5.54,2022
-24,-46,1940,4.86,2022
-24,-44,5158,5.16,2022
-24,-42,567,4.26,2022
-24,30,2167,8.15,2022
-24,32,14921,8.42,2022
-24,34,15532,9.34,2022
-24,112,333,9.48,2022
-24,114,1931,15.37,2022
-24,116,863,11.16,2022
-24,118,1016,18.06,2022
-24,120,559,20.19,2022
-24,122,272,13.42,2022
-24,124,530,20.38,2022
-24,126,131,7.8,2022
-24,128,2169,14.98,2022
-24,130,11822,16.2,2022
-24,132,10493,12.84,2022
-24,134,3298,9.79,2022
-24,136,21,29.43,2022
-24,138,18,27.0,2022
-24,140,199,4.07,2022
-24,142,16,4.21,2022
-24,144,1296,9.57,2022
-24,146,3881,8.36,2022
-24,148,2778,5.32,2022
-24,150,4674,5.71,2022
-22,-70,39,9.23,2022
-22,-68,90,10.83,2022
-22,-66,4089,9.79,2022
-22,-64,4610,10.38,2022
-22,-60,247,12.34,2022
-22,-58,4575,11.76,2022
-22,-56,2379,6.71,2022
-22,-54,826,6.59,2022
-22,-52,1272,9.22,2022
-22,-50,3644,8.62,2022
-22,-48,3665,7.25,2022
-22,-46,4227,7.87,2022
-22,-44,4812,5.02,2022
-22,-42,5775,4.72,2022
-22,30,183,6.8,2022
-22,32,21077,8.14,2022
-22,34,12038,8.41,2022
-22,114,1423,2.98,2022
-22,116,4492,14.48,2022
-22,118,3563,15.89,2022
-22,120,2197,16.19,2022
-22,122,1966,16.68,2022
-22,124,2943,16.23,2022
-22,126,832,10.94,2022
-22,128,1768,21.75,2022
-22,130,1254,21.51,2022
-22,132,968,10.26,2022
-22,134,172,12.92,2022
-22,136,3,3.15,2022
-22,138,2737,10.34,2022
-22,140,1147,7.81,2022
-22,142,995,11.04,2022
-22,144,2295,7.91,2022
-22,146,3418,6.37,2022
-22,148,3220,5.22,2022
-20,-70,248,12.21,2022
-20,-68,551,11.61,2022
-20,-66,2090,12.74,2022
-20,-64,17985,9.4,2022
-20,-62,712,6.31,2022
-20,-60,8167,13.09,2022
-20,-58,5113,12.94,2022
-20,-56,2122,6.33,2022
-20,-54,1456,9.56,2022
-20,-52,2127,13.56,2022
-20,-50,2498,13.75,2022
-20,-48,4702,8.8,2022
-20,-46,4571,7.98,2022
-20,-44,6801,7.25,2022
-20,-42,3308,8.45,2022
-20,-40,826,8.24,2022
-20,20,39,15.79,2022
-20,32,39048,9.86,2022
-20,34,46031,8.97,2022
-20,36,12133,7.04,2022
-20,118,1,4.31,2022
-20,120,1018,7.74,2022
-20,122,12395,13.8,2022
-20,124,14175,17.48,2022
-20,126,8784,17.05,2022
-20,128,8294,15.04,2022
-20,130,4245,16.1,2022
-20,132,1372,11.72,2022
-20,134,119,10.05,2022
-20,136,2311,10.15,2022
-20,138,2889,8.9,2022
-20,140,1473,10.07,2022
-20,142,4922,7.4,2022
-20,144,5572,7.35,2022
-20,146,2743,7.64,2022
-20,148,9,2.88,2022
-18,-70,1000,10.56,2022
-18,-68,3746,12.87,2022
-18,-66,12318,10.18,2022
-18,-64,25439,8.77,2022
-18,-62,63830,9.82,2022
-18,-60,8764,8.6,2022
-18,-58,4661,9.6,2022
-18,-56,1529,11.94,2022
-18,-54,4018,9.16,2022
-18,-52,3574,15.95,2022
-18,-50,4598,9.63,2022
-18,-48,4418,9.01,2022
-18,-46,5067,10.02,2022
-18,-44,4209,9.76,2022
-18,-42,3608,10.25,2022
-18,-40,620,8.67,2022
-18,10,1,0.05,2022
-18,12,31,4.49,2022
-18,14,1659,8.21,2022
-18,16,18859,10.96,2022
-18,18,40758,13.02,2022
-18,20,50970,14.38,2022
-18,22,37483,9.6,2022
-18,24,33365,9.03,2022
-18,26,14635,7.31,2022
-18,28,3554,5.27,2022
-18,30,1080,5.55,2022
-18,32,29366,10.9,2022
-18,34,50589,8.94,2022
-18,36,81085,8.43,2022
-18,38,30664,9.39,2022
-18,40,44,5.73,2022
-18,122,11522,12.9,2022
-18,124,20077,8.12,2022
-18,126,27193,8.43,2022
-18,128,15517,8.22,2022
-18,130,6900,8.49,2022
-18,132,2789,12.55,2022
-18,134,3291,10.79,2022
-18,136,27142,11.05,2022
-18,138,5950,9.15,2022
-18,140,4077,9.59,2022
-18,142,17025,8.7,2022
-18,144,6515,6.8,2022
-18,146,19,12.52,2022
-16,-70,2368,11.04,2022
-16,-68,9514,10.5,2022
-16,-66,36522,11.58,2022
-16,-64,31561,8.21,2022
-16,-62,34838,10.01,2022
-16,-60,6712,10.91,2022
-16,-58,3935,9.28,2022
-16,-56,4130,9.8,2022
-16,-54,12246,11.62,2022
-16,-52,6281,12.05,2022
-16,-50,9152,9.08,2022
-16,-48,8686,8.6,2022
-16,-46,5883,13.38,2022
-16,-44,6103,14.0,2022
-16,-42,7061,12.94,2022
-16,-40,1047,7.3,2022
-16,12,1911,5.84,2022
-16,14,22599,9.39,2022
-16,16,47144,11.5,2022
-16,18,26876,15.03,2022
-16,20,42397,15.44,2022
-16,22,45012,8.62,2022
-16,24,51867,9.41,2022
-16,26,40456,8.88,2022
-16,28,43236,6.86,2022
-16,30,33220,6.32,2022
-16,32,36797,7.28,2022
-16,34,12764,8.32,2022
-16,36,58717,9.02,2022
-16,38,56944,9.71,2022
-16,40,19818,7.85,2022
-16,124,11130,7.61,2022
-16,126,38486,8.29,2022
-16,128,23886,8.55,2022
-16,130,50010,9.05,2022
-16,132,19204,9.8,2022
-16,134,17345,10.06,2022
-16,136,3895,8.41,2022
-16,140,4263,8.5,2022
-16,142,21091,8.35,2022
-16,144,7650,7.68,2022
-14,-70,1255,10.86,2022
-14,-68,11385,10.05,2022
-14,-66,30194,12.02,2022
-14,-64,15629,13.77,2022
-14,-62,6382,12.29,2022
-14,-60,2871,17.09,2022
-14,-58,9927,13.16,2022
-14,-56,16867,13.0,2022
-14,-54,8007,12.62,2022
-14,-52,12746,12.5,2022
-14,-50,9682,6.36,2022
-14,-48,16781,8.16,2022
-14,-46,13974,13.6,2022
-14,-44,6854,13.94,2022
-14,-42,3385,10.58,2022
-14,-40,1811,5.34,2022
-14,-38,33,5.73,2022
-14,12,1963,6.48,2022
-14,14,47770,7.94,2022
-14,16,56816,10.0,2022
-14,18,26740,12.3,2022
-14,20,42462,13.58,2022
-14,22,50221,10.65,2022
-14,24,50335,8.9,2022
-14,26,59883,9.32,2022
-14,28,56296,8.9,2022
-14,30,53171,7.71,2022
-14,32,12752,6.99,2022
-14,34,35146,8.76,2022
-14,36,52585,9.25,2022
-14,38,29192,8.68,2022
-14,40,13738,6.93,2022
-14,126,2623,8.33,2022
-14,128,1756,14.35,2022
-14,130,30784,9.27,2022
-14,132,46840,7.82,2022
-14,134,32845,8.09,2022
-14,136,7250,8.3,2022
-14,140,7560,8.13,2022
-14,142,10783,7.4,2022
-12,-72,17,20.37,2022
-12,-70,13823,14.39,2022
-12,-68,5081,10.03,2022
-12,-66,11750,14.77,2022
-12,-64,7788,12.45,2022
-12,-62,5633,10.21,2022
-12,-60,9220,11.81,2022
-12,-58,16556,11.46,2022
-12,-56,24927,13.89,2022
-12,-54,16961,14.39,2022
-12,-52,21666,12.95,2022
-12,-50,15347,9.12,2022
-12,-48,23640,11.68,2022
-12,-46,24592,13.78,2022
-12,-44,6897,19.74,2022
-12,-42,3177,10.08,2022
-12,-40,2030,8.39,2022
-12,-38,1539,7.28,2022
-12,12,1821,14.93,2022
-12,14,55789,12.38,2022
-12,16,66207,9.88,2022
-12,18,45841,11.07,2022
-12,20,45167,14.22,2022
-12,22,61803,10.76,2022
-12,24,60410,8.73,2022
-12,26,72084,9.39,2022
-12,28,70312,10.41,2022
-12,30,67858,11.02,2022
-12,32,31201,9.69,2022
-12,34,32728,7.98,2022
-12,36,39472,8.11,2022
-12,38,36399,9.29,2022
-12,40,10568,10.0,2022
-12,118,2,6.86,2022
-12,120,262,5.19,2022
-12,122,427,5.2,2022
-12,124,137,5.09,2022
-12,130,7764,7.34,2022
-12,132,6912,8.0,2022
-12,134,639,6.1,2022
-12,136,129,7.33,2022
-12,140,17,4.23,2022
-12,142,4886,9.82,2022
-10,-74,2691,13.43,2022
-10,-72,15720,17.47,2022
-10,-70,15765,14.39,2022
-10,-68,27142,14.83,2022
-10,-66,35062,15.76,2022
-10,-64,35641,12.45,2022
-10,-62,22559,12.09,2022
-10,-60,15635,12.68,2022
-10,-58,13225,10.46,2022
-10,-56,28347,13.51,2022
-10,-54,3491,11.69,2022
-10,-52,19307,11.98,2022
-10,-50,14163,10.65,2022
-10,-48,27802,10.64,2022
-10,-46,22339,12.22,2022
-10,-44,9786,18.5,2022
-10,-42,3425,13.0,2022
-10,-40,1083,9.47,2022
-10,-38,2382,7.58,2022
-10,-36,1308,5.65,2022
-10,12,9715,8.48,2022
-10,14,46571,11.74,2022
-10,16,72034,14.41,2022
-10,18,54892,16.06,2022
-10,20,57744,18.08,2022
-10,22,66863,15.09,2022
-10,24,56547,15.34,2022
-10,26,61667,9.12,2022
-10,28,56728,9.65,2022
-10,30,49559,11.17,2022
-10,32,19955,8.19,2022
-10,34,21909,11.32,2022
-10,36,19145,8.53,2022
-10,38,24374,10.32,2022
-10,110,9,2.79,2022
-10,112,1106,6.32,2022
-10,114,238,5.32,2022
-10,116,1484,7.29,2022
-10,118,2636,6.84,2022
-10,120,1672,5.84,2022
-10,122,1528,6.39,2022
-10,124,2343,6.86,2022
-10,126,56,6.54,2022
-10,128,28,6.99,2022
-10,130,191,6.84,2022
-10,136,14,3.7,2022
-10,138,166,5.19,2022
-10,140,430,5.25,2022
-10,142,9,3.95,2022
-8,-74,5335,18.22,2022
-8,-72,3284,16.43,2022
-8,-70,940,17.67,2022
-8,-68,1268,18.5,2022
-8,-66,1513,16.98,2022
-8,-64,10359,12.09,2022
-8,-62,14420,13.53,2022
-8,-60,19804,13.06,2022
-8,-58,8624,11.37,2022
-8,-56,34594,12.49,2022
-8,-54,23431,12.61,2022
-8,-52,15382,10.43,2022
-8,-50,7209,9.89,2022
-8,-48,19353,8.88,2022
-8,-46,33002,9.77,2022
-8,-44,26839,9.67,2022
-8,-42,6966,12.25,2022
-8,-40,11867,13.92,2022
-8,-38,4011,10.55,2022
-8,-36,1533,7.4,2022
-8,12,16882,10.32,2022
-8,14,52105,10.79,2022
-8,16,58375,12.93,2022
-8,18,52771,22.54,2022
-8,20,61375,12.84,2022
-8,22,68988,8.46,2022
-8,24,60119,13.31,2022
-8,26,66263,10.92,2022
-8,28,50363,9.72,2022
-8,30,36805,8.0,2022
-8,32,37508,7.94,2022
-8,34,18181,8.84,2022
-8,36,18563,8.42,2022
-8,38,13610,8.36,2022
-8,104,618,4.53,2022
-8,106,596,2.35,2022
-8,108,628,2.7,2022
-8,110,1007,2.95,2022
-8,112,576,3.62,2022
-8,114,294,4.67,2022
-8,120,36,8.43,2022
-8,124,35,3.72,2022
-8,126,113,3.95,2022
-8,128,57,6.31,2022
-8,130,198,6.68,2022
-8,134,91,7.47,2022
-8,136,1,3.03,2022
-8,138,487,6.42,2022
-8,140,119,5.46,2022
-6,-74,34,14.84,2022
-6,-72,83,7.24,2022
-6,-70,340,8.24,2022
-6,-68,158,10.58,2022
-6,-66,164,6.04,2022
-6,-64,520,16.23,2022
-6,-62,1725,12.37,2022
-6,-60,1168,13.72,2022
-6,-58,4044,12.1,2022
-6,-56,6919,13.13,2022
-6,-54,5523,11.82,2022
-6,-52,15637,10.33,2022
-6,-50,16629,9.18,2022
-6,-48,16497,9.08,2022
-6,-46,19548,12.11,2022
-6,-44,18695,12.52,2022
-6,-42,7842,14.97,2022
-6,-40,5072,13.04,2022
-6,-38,1972,14.59,2022
-6,-36,359,8.65,2022
-6,12,10687,8.16,2022
-6,14,32560,9.69,2022
-6,16,56626,10.21,2022
-6,18,52901,10.88,2022
-6,20,31150,10.03,2022
-6,22,23451,7.42,2022
-6,24,50016,11.42,2022
-6,26,55271,11.5,2022
-6,28,40258,9.42,2022
-6,30,34222,8.81,2022
-6,32,8261,7.9,2022
-6,34,13903,18.94,2022
-6,36,6424,10.28,2022
-6,38,3559,6.3,2022
-6,102,198,5.71,2022
-6,104,612,5.5,2022
-6,106,26,4.03,2022
-6,114,22,3.81,2022
-6,118,202,4.09,2022
-6,120,261,5.54,2022
-6,122,382,6.47,2022
-6,132,7,3.66,2022
-6,134,7,3.9,2022
-6,136,28,6.91,2022
-6,138,163,6.58,2022
-6,140,153,9.86,2022
-4,-74,6,6.98,2022
-4,-72,21,9.62,2022
-4,-70,446,7.33,2022
-4,-68,502,8.1,2022
-4,-66,1706,16.18,2022
-4,-64,308,12.5,2022
-4,-62,1939,11.89,2022
-4,-60,5338,14.73,2022
-4,-58,3494,12.9,2022
-4,-56,16151,10.85,2022
-4,-54,13863,12.56,2022
-4,-52,35193,11.63,2022
-4,-50,18184,10.31,2022
-4,-48,10817,10.11,2022
-4,-46,9230,12.42,2022
-4,-44,11184,13.29,2022
-4,-42,5910,15.37,2022
-4,-40,2895,9.33,2022
-4,14,304,9.65,2022
-4,16,36140,9.18,2022
-4,18,17841,9.13,2022
-4,20,3579,7.48,2022
-4,22,32114,11.88,2022
-4,24,24292,11.61,2022
-4,26,10174,7.74,2022
-4,28,6407,7.07,2022
-4,30,13127,8.11,2022
-4,32,1448,7.15,2022
-4,34,8028,7.1,2022
-4,36,475,14.09,2022
-4,38,48,8.95,2022
-4,98,5,5.72,2022
-4,100,2755,12.08,2022
-4,102,1535,7.22,2022
-4,104,764,5.26,2022
-4,106,623,7.88,2022
-4,108,14,5.33,2022
-4,110,468,8.52,2022
-4,112,128,6.86,2022
-4,114,1248,3.78,2022
-4,116,95,5.88,2022
-4,118,314,4.79,2022
-4,120,2068,8.63,2022
-4,122,1821,2.8,2022
-4,126,220,5.71,2022
-4,128,51,4.04,2022
-4,130,14,4.61,2022
-4,132,190,4.29,2022
-4,134,39,4.03,2022
-4,136,122,6.48,2022
-4,138,555,7.71,2022
-4,140,301,4.86,2022
-2,-76,370,17.55,2022
-2,-74,125,21.69,2022
-2,-72,115,10.13,2022
-2,-70,30,5.12,2022
-2,-68,167,8.09,2022
-2,-66,49,8.58,2022
-2,-64,41,10.09,2022
-2,-62,547,15.63,2022
-2,-60,152,14.74,2022
-2,-58,694,14.24,2022
-2,-56,5728,14.53,2022
-2,-54,4426,14.26,2022
-2,-52,2188,10.55,2022
-2,-50,5083,9.35,2022
-2,-48,6819,12.36,2022
-2,-46,2064,13.68,2022
-2,16,2575,5.92,2022
-2,18,4623,6.72,2022
-2,20,2007,5.85,2022
-2,22,6472,7.7,2022
-2,24,5828,8.0,2022
-2,26,4553,6.96,2022
-2,28,6424,7.72,2022
-2,30,3715,6.97,2022
-2,32,42,6.75,2022
-2,34,2885,7.0,2022
-2,98,52,4.12,2022
-2,100,989,7.43,2022
-2,102,825,2.95,2022
-2,104,274,8.81,2022
-2,106,7,4.78,2022
-2,108,507,7.21,2022
-2,110,2268,10.11,2022
-2,112,852,8.37,2022
-2,114,811,7.87,2022
-2,116,608,3.6,2022
-2,118,160,5.17,2022
-2,120,711,7.03,2022
-2,122,451,4.64,2022
-2,124,17,7.6,2022
-2,126,643,5.73,2022
-2,128,6,6.67,2022
-2,130,1,2.28,2022
-2,132,187,5.57,2022
-2,134,77,3.12,2022
-2,136,292,4.92,2022
-2,138,5,2.7,2022
0,-80,31,6.87,2022
0,-78,1518,7.57,2022
0,-76,16766,15.95,2022
0,-74,5731,15.89,2022
0,-72,1105,12.52,2022
0,-70,354,7.9,2022
0,-68,144,7.65,2022
0,-66,5,5.33,2022
0,-64,14,5.41,2022
0,-62,1601,11.85,2022
0,-60,895,17.42,2022
0,-58,363,8.74,2022
0,-56,1141,9.55,2022
0,-54,110,9.88,2022
0,-52,2388,8.79,2022
0,-50,14,11.21,2022
0,16,282,7.91,2022
0,18,4657,7.23,2022
0,20,6636,8.65,2022
0,22,13840,9.93,2022
0,24,20569,9.8,2022
0,26,2817,7.88,2022
0,28,3027,6.68,2022
0,30,3991,6.43,2022
0,96,67,4.04,2022
0,98,1013,6.89,2022
0,100,1069,5.39,2022
0,102,171,5.43,2022
0,104,81,6.35,2022
0,108,2474,9.48,2022
0,110,2357,11.24,2022
0,112,636,9.99,2022
0,114,323,9.87,2022
0,116,982,5.46,2022
0,118,90,5.3,2022
0,120,221,5.09,2022
0,122,317,5.61,2022
0,124,101,2.25,2022
0,126,934,3.41,2022
0,128,250,3.16,2022
2,-80,1,9.66,2022
2,-78,589,6.79,2022
2,-76,5950,12.97,2022
2,-74,16114,12.15,2022
2,-72,7859,14.18,2022
2,-70,390,9.38,2022
2,-68,190,8.44,2022
2,-66,35,7.45,2022
2,-64,24,8.45,2022
2,-62,3634,6.33,2022
2,-60,634,6.18,2022
2,-58,9,15.26,2022
2,-56,310,6.84,2022
2,-54,10,7.03,2022
2,-52,1492,9.17,2022
2,14,1036,6.76,2022
2,16,2009,6.83,2022
2,18,27125,7.65,2022
2,20,35239,8.28,2022
2,22,27498,10.31,2022
2,24,9413,9.04,2022
2,26,23114,7.83,2022
2,28,26832,10.27,2022
2,30,9653,7.89,2022
2,94,1,5.57,2022
2,96,554,7.01,2022
2,98,916,6.21,2022
2,100,210,4.7,2022
2,108,6,4.19,2022
2,114,30,14.82,2022
2,116,861,6.83,2022
2,118,4,5.42,2022
2,124,159,2.2,2022
2,128,10,3.77,2022
4,-78,136,11.99,2022
4,-76,1236,5.69,2022
4,-74,2848,8.09,2022
4,-72,13719,7.72,2022
4,-70,13613,7.45,2022
4,-68,1414,8.39,2022
4,-66,22,8.84,2022
4,-62,2262,5.64,2022
4,-60,231,6.46,2022
4,-52,12,7.1,2022
4,4,6177,3.69,2022
4,6,19033,4.5,2022
4,8,5349,7.14,2022
4,14,40304,6.81,2022
4,16,48614,6.53,2022
4,18,60485,8.53,2022
4,20,50563,7.73,2022
4,22,28458,8.44,2022
4,24,28311,8.67,2022
4,26,28411,10.01,2022
4,28,7003,11.27,2022
4,30,356,10.4,2022
4,94,193,6.37,2022
4,96,415,4.67,2022
4,98,11,2.29,2022
4,106,1,3.55,2022
4,108,3,6.4,2022
4,114,1,5.61,2022
4,116,38,4.98,2022
4,126,2,2.54,2022
6,-78,506,8.75,2022
6,-76,3352,11.56,2022
6,-74,2162,5.55,2022
6,-72,3591,8.85,2022
6,-70,3021,9.69,2022
6,-68,625,9.15,2022
6,2,13183,6.74,2022
6,4,26615,6.66,2022
6,6,55282,5.87,2022
6,8,37052,5.96,2022
6,10,34525,5.86,2022
6,12,264,4.43,2022
6,14,17967,6.69,2022
6,16,49653,7.24,2022
6,18,72055,8.87,2022
6,20,68324,8.61,2022
6,22,49631,7.86,2022
6,24,55534,6.92,2022
6,26,5669,7.37,2022
8,-78,320,7.98,2022
8,-76,4232,8.26,2022
8,-74,4864,7.67,2022
8,2,11826,5.12,2022
8,4,34440,5.35,2022
8,6,33801,5.07,2022
8,8,21224,5.09,2022
8,10,25413,5.73,2022
8,12,3473,4.14,2022
8,18,22308,11.52,2022
8,20,53327,10.3,2022
8,22,60704,7.37,2022
8,24,14536,6.27,2022
8,26,4727,7.89,2022
8,28,4837,7.65,2022
8,30,1718,12.92,2022
8,32,614,6.83,2022
8,34,825,6.16,2022
8,76,1375,4.75,2022
8,78,676,4.48,2022
8,92,41,6.22,2022
10,-76,2812,7.37,2022
10,-74,6198,5.88,2022
10,2,4436,5.25,2022
10,4,38779,5.86,2022
10,6,49665,5.77,2022
10,8,7156,4.35,2022
10,10,2695,4.72,2022
10,12,13335,7.6,2022
10,14,4009,11.35,2022
10,20,3035,8.89,2022
10,22,15040,7.22,2022
10,24,8600,7.07,2022
10,26,7328,6.77,2022
10,28,18488,6.88,2022
10,30,22885,7.73,2022
10,32,6168,8.75,2022
10,34,7604,7.48,2022
10,74,31,4.41,2022
10,76,1575,3.88,2022
10,78,1561,4.76,2022
10,92,4,1.38,2022
12,-82,1,6.9,2022
12,-72,6,3.6,2022
12,2,134,6.42,2022
12,4,7699,6.27,2022
12,6,7765,6.8,2022
12,8,218,5.06,2022
12,10,995,8.34,2022
12,12,9875,9.28,2022
12,14,1534,10.29,2022
12,20,26,7.59,2022
12,22,1692,6.05,2022
12,24,3431,6.81,2022
12,26,5555,6.75,2022
12,28,4968,7.07,2022
12,30,3157,6.12,2022
12,32,1999,8.45,2022
12,34,15767,9.47,2022
12,36,2348,10.56,2022
12,74,1210,5.84,2022
12,76,4116,4.4,2022
12,78,5248,5.23,2022
12,80,472,3.05,2022
12,92,3,1.29,2022
14,22,1054,4.16,2022
14,24,190,6.69,2022
14,26,406,5.67,2022
14,28,484,8.35,2022
14,30,958,7.32,2022
14,32,1477,7.07,2022
14,34,1301,7.75,2022
14,36,799,10.84,2022
14,72,437,2.6,2022
14,74,4029,4.44,2022
14,76,8286,3.88,2022
14,78,10014,5.27,2022
14,80,253,3.93,2022
16,30,9,4.88,2022
16,32,330,2.65,2022
16,34,139,4.46,2022
16,36,179,11.55,2022
16,72,3649,5.17,2022
16,74,4468,3.98,2022
16,76,6074,5.09,2022
16,78,6482,5.05,2022
16,80,9776,4.98,2022
16,82,1836,3.82,2022
18,30,172,12.36,2022
18,32,38,11.93,2022
18,34,16,6.75,2022
18,36,156,10.04,2022
18,38,14,15.6,2022
18,72,9732,4.9,2022
18,74,3983,4.41,2022
18,76,4884,5.16,2022
18,78,15651,4.89,2022
18,80,22871,5.2,2022
18,82,12300,7.27,2022
18,84,1963,7.36,2022
18,86,10,3.88,2022
20,30,15,4.88,2022
20,32,5,1.89,2022
20,34,1,3.12,2022
20,68,183,6.69,2022
20,70,1646,4.69,2022
20,72,6242,4.61,2022
20,74,2570,5.87,2022
20,76,5111,6.61,2022
20,78,9308,6.96,2022
20,80,15316,4.12,2022
20,82,20226,4.28,2022
20,84,18468,2.95,2022
20,86,3953,3.31,2022
20,88,1,1.42,2022
20,92,14,2.78,2022
22,68,1593,2.62,2022
22,70,2399,3.24,2022
22,72,2773,5.41,2022
22,74,5737,5.52,2022
22,76,21367,6.33,2022
22,78,21904,5.92,2022
22,80,12937,5.58,2022
22,82,16306,3.75,2022
22,84,11417,2.65,2022
22,86,27571,2.6,2022
22,88,1205,2.57,2022
22,90,1569,14.39,2022
22,92,10271,36.65,2022
22,94,43,47.77,2022
24,70,138,4.27,2022
24,72,2104,3.83,2022
24,74,2480,4.89,2022
24,76,8396,6.28,2022
24,78,7000,6.71,2022
24,80,8626,7.83,2022
24,82,13835,6.43,2022
24,84,6245,5.6,2022
24,86,3734,4.11,2022
24,88,416,4.9,2022
24,90,5572,11.88,2022
24,92,15582,21.7,2022
24,94,3513,20.6,2022
26,68,46,0.75,2022
26,70,922,4.06,2022
26,72,1265,4.35,2022
26,74,378,3.63,2022
26,76,651,4.32,2022
26,78,2551,5.02,2022
26,80,2554,4.85,2022
26,82,10656,6.1,2022
26,84,821,3.78,2022
26,86,41,3.15,2022
26,88,369,4.65,2022
26,90,1482,6.28,2022
26,92,4803,12.24,2022
26,94,5323,14.09,2022
26,96,1322,9.62,2022
28,72,957,4.44,2022
28,74,8002,6.81,2022
28,76,9458,5.47,2022
28,78,9891,3.7,2022
28,80,3513,4.34,2022
28,92,19,5.05,2022
28,94,1084,14.36,2022
28,96,409,10.61,2022
30,72,414,8.03,2022
30,74,54122,7.13,2022
30,76,15111,5.32,2022
30,78,5765,3.88,2022
30,80,165,5.05,2022
32,72,74,4.33,2022
32,74,6992,5.12,2022
32,76,1452,4.17,2022
32,78,3,7.77,2022
34,72,26,2.67,2022
34,74,168,4.61,2022
34,76,3,2.16,2022
34,78,1,1.25,2022
42,-84,580,1.94,2022
42,-82,2090,2.52,2022
42,-80,1729,2.02,2022
42,-66,99,18.8,2022
44,-84,3,2.73,2022
44,-82,25,2.78,2022
44,-80,45,2.6,2022
44,-78,204,1.96,2022
44,-76,211,3.56,2022
44,-74,655,1.52,2022
44,-72,40,1.24,2022
44,-68,228,5.43,2022
44,-66,28,7.42,2022
44,-64,23,5.2,2022
44,-62,8,3.2,2022
46,-86,359,2.6,2022
46,-84,11,1.91,2022
46,-82,385,6.82,2022
46,-80,60,5.75,2022
46,-78,4,0.42,2022
46,-76,2,3.94,2022
46,-74,485,2.18,2022
46,-72,31,1.29,2022
46,-70,3,3.49,2022
46,-68,19,2.68,2022
46,-66,21,4.49,2022
46,-64,31,6.15,2022
46,-62,2,2.38,2022
46,-60,1,1.94,2022
46,-58,2,1.99,2022
46,-54,5,10.46,2022
48,-128,145,8.57,2022
48,-126,1049,7.31,2022
48,-124,405,4.23,2022
48,-122,3107,11.74,2022
48,-120,508,9.31,2022
48,-118,1145,6.82,2022
48,-116,477,9.03,2022
48,-114,41,9.14,2022
48,-112,26,7.12,2022
48,-110,18,2.66,2022
48,-108,6,4.67,2022
48,-106,9,3.93,2022
48,-104,238,4.74,2022
48,-102,193,7.54,2022
48,-100,206,10.01,2022
48,-98,238,8.71,2022
48,-96,19,16.01,2022
48,-94,94,8.56,2022
48,-92,34,7.38,2022
48,-90,7,1.72,2022
48,-88,2,1.7,2022
48,-86,3,1.45,2022
48,-84,6,1.02,2022
48,-82,25,6.28,2022
48,-80,118,1.8,2022
48,-78,2,1.4,2022
48,-76,3,1.29,2022
48,-74,1,2.51,2022
48,-72,21,1.14,2022
48,-70,8,3.52,2022
48,-68,1,0.36,2022
48,-66,133,1.06,2022
48,-60,2,3.78,2022
48,-58,6,7.48,2022
48,-56,70,3.35,2022
50,-130,7,6.41,2022
50,-128,102,5.88,2022
50,-126,378,10.63,2022
50,-124,3108,17.48,2022
50,-122,725,7.52,2022
50,-120,1163,6.45,2022
50,-118,1049,6.12,2022
50,-116,1642,14.08,2022
50,-114,53,9.85,2022
50,-112,283,3.58,2022
50,-110,18,3.3,2022
50,-108,137,12.28,2022
50,-106,817,3.5,2022
50,-104,343,8.64,2022
50,-102,288,8.33,2022
50,-100,188,6.03,2022
50,-98,120,3.69,2022
50,-96,3,0.96,2022
50,-94,35,14.27,2022
50,-92,6,8.67,2022
50,-88,3,0.5,2022
50,-82,2,2.9,2022
50,-78,2,11.46,2022
50,-76,1,0.42,2022
50,-72,1,0.35,2022
50,-70,1,0.38,2022
50,-68,3,4.8,2022
52,-134,41,12.74,2022
52,-132,29,14.59,2022
52,-128,190,19.61,2022
52,-126,420,24.11,2022
52,-124,285,16.71,2022
52,-122,412,12.2,2022
52,-120,533,14.75,2022
52,-118,512,13.08,2022
52,-116,472,9.55,2022
52,-114,737,2.81,2022
52,-112,188,8.84,2022
52,-110,295,7.37,2022
52,-108,268,7.85,2022
52,-106,253,6.99,2022
52,-104,404,10.21,2022
52,-102,139,11.16,2022
52,-100,11,8.63,2022
52,-98,16,2.04,2022
52,-96,7,7.82,2022
52,-94,6,4.32,2022
52,-92,14,3.26,2022
52,-90,24,3.52,2022
52,-88,12,34.58,2022
52,-86,13,10.13,2022
52,-80,1,0.8,2022
52,-76,6,4.56,2022
52,-68,187,22.66,2022
52,-66,35,28.56,2022
54,-132,2,0.85,2022
54,-130,80,5.77,2022
54,-128,605,21.08,2022
54,-126,536,19.15,2022
54,-124,4051,22.24,2022
54,-122,1790,15.42,2022
54,-120,1161,10.01,2022
54,-118,588,12.72,2022
54,-116,409,16.63,2022
54,-114,261,11.74,2022
54,-112,149,6.46,2022
54,-110,273,3.13,2022
54,-108,486,10.62,2022
54,-106,970,8.45,2022
54,-104,1324,15.26,2022
54,-102,10169,14.79,2022
54,-100,174,3.61,2022
54,-98,1,1.98,2022
54,-96,11,1.87,2022
54,-94,3,1.26,2022
54,-92,3,5.18,2022
54,-90,1,5.15,2022
54,-88,1,0.04,2022
54,-84,1,0.03,2022
54,-80,1,0.25,2022
54,-76,105,12.97,2022
54,-72,65,11.94,2022
56,-134,9,6.66,2022
56,-132,2,1.99,2022
56,-130,47,9.78,2022
56,-128,13,33.63,2022
56,-126,173,19.63,2022
56,-124,6670,14.43,2022
56,-122,489,7.28,2022
56,-120,347,7.2,2022
56,-118,649,9.54,2022
56,-116,127,19.01,2022
56,-114,51,8.61,2022
56,-112,2003,13.83,2022
56,-110,3389,23.77,2022
56,-108,2708,20.35,2022
56,-106,669,51.39,2022
56,-104,690,17.56,2022
56,-102,2771,14.94,2022
56,-100,155,14.34,2022
56,-98,4,8.42,2022
56,-96,41,13.09,2022
56,-90,9,18.85,2022
56,-76,1,0.06,2022
56,-72,591,25.16,2022
56,-70,11,6.13,2022
56,-66,10,4.66,2022
56,-64,3,0.92,2022
58,-136,21,6.32,2022
58,-132,80,5.73,2022
58,-130,648,11.05,2022
58,-128,139,26.69,2022
58,-124,600,14.0,2022
58,-122,7,3.07,2022
58,-120,1270,17.9,2022
58,-118,639,8.52,2022
58,-116,471,8.96,2022
58,-114,629,9.14,2022
58,-112,7881,19.84,2022
58,-110,383,19.16,2022
58,-108,768,10.09,2022
58,-106,757,26.27,2022
58,-104,1761,15.92,2022
58,-102,272,19.76,2022
58,-100,178,14.52,2022
58,-98,98,8.46,2022
58,-96,11,15.87,2022
58,-80,2,2.76,2022
58,-70,1,6.53,2022
58,-68,3,6.02,2022
58,-66,151,62.18,2022
60,-138,43,33.71,2022
60,-136,29,7.38,2022
60,-134,188,31.16,2022
60,-132,170,18.3,2022
60,-130,1647,14.44,2022
60,-128,6560,13.08,2022
60,-126,2331,12.55,2022
60,-124,3606,10.99,2022
60,-122,7499,17.41,2022
60,-120,1306,13.94,2022
60,-118,64,9.01,2022
60,-116,847,33.82,2022
60,-114,678,8.3,2022
60,-112,7582,17.93,2022
60,-110,1345,17.87,2022
60,-108,134,19.93,2022
60,-106,356,17.6,2022
60,-104,26,6.38,2022
60,-102,1,0.03,2022
60,-98,5,6.53,2022
60,-78,1,0.12,2022
62,-142,432,12.18,2022
62,-140,493,13.99,2022
62,-138,1757,14.5,2022
62,-136,1126,14.97,2022
62,-134,809,13.15,2022
62,-132,600,15.15,2022
62,-130,103,17.31,2022
62,-126,125,19.04,2022
62,-124,5225,15.02,2022
62,-122,3111,24.73,2022
62,-120,43,18.77,2022
62,-118,2429,9.28,2022
62,-116,5043,13.88,2022
62,-114,343,7.81,2022
62,-110,33,10.81,2022
62,-108,57,10.54,2022
62,-106,84,10.5,2022
62,-104,48,9.96,2022
62,-100,11,7.3,2022
62,-98,1,0.1,2022
62,-96,1,0.18,2022
62,-94,4,3.12,2022
64,-142,181,8.25,2022
64,-140,98,12.85,2022
64,-138,138,9.94,2022
64,-136,749,12.01,2022
64,-134,310,8.88,2022
64,-132,242,12.42,2022
64,-130,81,4.55,2022
64,-128,245,16.19,2022
64,-126,1196,25.96,2022
64,-124,1064,12.82,2022
64,-122,1782,29.78,2022
64,-120,3936,21.1,2022
64,-118,3148,16.64,2022
64,-116,1885,13.08,2022
64,-114,1002,12.05,2022
64,-112,2,10.02,2022
64,-104,1,3.05,2022
64,-102,70,8.49,2022
64,-96,1,4.24,2022
66,-142,17,15.04,2022
66,-140,300,11.24,2022
66,-138,456,11.04,2022
66,-136,386,13.26,2022
66,-132,387,40.19,2022
66,-130,128,36.98,2022
66,-128,1515,18.04,2022
66,-126,1,17.97,2022
66,-120,1,2.1,2022
66,-118,327,17.48,2022
66,-116,1,1.21,2022
66,-112,14,4.73,2022
66,-102,1,0.04,2022
66,-86,1,0.03,2022
66,-84,1,0.07,2022
66,-66,1,0.1,2022
68,-140,183,6.29,2022
68,-138,3,4.82,2022
68,-126,2,2.15,2022
68,-106,2,4.96,2022
68,-96,1,3.73,2022
72,-122,1,0.03,2022
78,-86,1,0.03,2022
-44,144,171,16.96,2023
-44,146,1465,22.04,2023
-44,148,85,21.9,2023
-42,142,3,2.24,2023
-42,144,993,13.49,2023
-42,146,1363,10.65,2023
-42,148,300,12.4,2023
-40,140,40,5.84,2023
-40,142,657,11.52,2023
-40,144,311,6.75,2023
-40,146,594,21.04,2023
-40,148,9,6.41,2023
-38,136,2,19.5,2023
-38,138,33,6.99,2023
-38,140,3388,12.85,2023
-38,142,5828,16.33,2023
-38,144,3399,13.13,2023
-38,146,2353,17.85,2023
-38,148,1135,12.62,2023
-38,150,44,3.4,2023
-36,114,700,9.76,2023
-36,116,3343,13.39,2023
-36,118,449,11.74,2023
-36,134,256,19.75,2023
-36,136,605,16.22,2023
-36,138,924,8.83,2023
-36,140,483,9.41,2023
-36,142,2050,8.61,2023
-36,144,2629,17.72,2023
-36,146,7369,13.69,2023
-36,148,2444,10.75,2023
-36,150,3179,3.73,2023
-34,-54,203,6.91,2023
-34,114,1422,9.54,2023
-34,116,10947,10.48,2023
-34,118,2403,15.72,2023
-34,120,2303,22.62,2023
-34,122,2667,21.98,2023
-34,124,39,33.62,2023
-34,126,1,0.82,2023
-34,132,59,19.11,2023
-34,134,604,11.92,2023
-34,136,1982,3.55,2023
-34,138,615,14.74,2023
-34,140,241,19.86,2023
-34,142,371,9.36,2023
-34,144,3255,10.94,2023
-34,146,6723,13.39,2023
-34,148,4647,13.63,2023
-34,150,2497,6.22,2023
-34,152,422,5.8,2023
-32,-58,36,8.85,2023
-32,-56,409,7.71,2023
-32,-54,1914,7.71,2023
-32,-52,381,5.31,2023
-32,114,1573,23.21,2023
-32,116,6998,10.59,2023
-32,118,1329,14.62,2023
-32,120,1675,20.99,2023
-32,122,661,27.38,2023
-32,124,220,24.29,2023
-32,128,1,0.05,2023
-32,130,451,16.81,2023
-32,132,92,45.02,2023
-32,134,26,29.19,2023
-32,136,950,12.61,2023
-32,138,631,19.27,2023
-32,140,18,87.33,2023
-32,142,272,18.62,2023
-32,144,833,9.29,2023
-32,146,5647,11.74,2023
-32,148,8428,16.61,2023
-32,150,4439,6.41,2023
-32,152,5327,7.66,2023
-30,-58,135,8.22,2023
-30,-56,467,6.31,2023
-30,-54,944,4.55,2023
-30,-52,5567,6.29,2023
-30,-50,1299,5.64,2023
-30,114,1791,12.47,2023
-30,116,593,8.96,2023
-30,118,695,32.34,2023
-30,120,305,11.27,2023
-30,122,743,14.0,2023
-30,124,795,11.41,2023
-30,126,1608,25.81,2023
-30,128,1891,14.48,2023
-30,130,1278,13.03,2023
-30,132,130,15.82,2023
-30,134,1,1.68,2023
-30,136,3,3.0,2023
-30,138,2,0.7,2023
-30,140,124,4.88,2023
-30,142,314,34.11,2023
-30,144,92,15.95,2023
-30,146,5025,8.81,2023
-30,148,6118,7.79,2023
-30,150,13259,12.79,2023
-30,152,7914,6.37,2023
-28,-56,49,5.66,2023
-28,-54,845,6.13,2023
-28,-52,2930,9.35,2023
-28,-50,1054,6.95,2023
-28,32,3416,6.64,2023
-28,114,1178,24.6,2023
-28,116,3,1.52,2023
-28,118,48,9.76,2023
-28,120,42,6.83,2023
-28,122,69,8.29,2023
-28,124,1316,18.51,2023
-28,126,401,21.12,2023
-28,128,3204,13.48,2023
-28,130,7431,15.8,2023
-28,132,951,21.6,2023
-28,134,22,1.57,2023
-28,140,101,17.88,2023
-28,142,4,4.05,2023
-28,144,353,5.7,2023
-28,146,3326,17.01,2023
-28,148,5407,7.78,2023
-28,150,19517,11.61,2023
-28,152,4391,6.07,2023
-26,-56,46,6.37,2023
-26,-54,774,6.56,2023
-26,-52,1950,8.55,2023
-26,-50,1771,7.24,2023
-26,-48,47,3.38,2023
-26,30,417,8.72,2023
-26,32,14401,8.69,2023
-26,34,5000,6.13,2023
-26,112,12,3.95,2023
-26,114,1374,13.15,2023
-26,116,5,8.23,2023
-26,118,25,13.21,2023
-26,120,96,17.3,2023
-26,122,523,19.19,2023
-26,124,1509,16.71,2023
-26,126,1776,21.35,2023
-26,128,4026,14.34,2023
-26,130,4548,13.92,2023
-26,132,10660,13.4,2023
-26,134,2523,9.14,2023
-26,136,9,1.18,2023
-26,138,506,17.04,2023
-26,140,6,8.64,2023
-26,142,79,6.5,2023
-26,144,530,7.28,2023
-26,146,23594,8.31,2023
-26,148,34558,6.45,2023
-26,150,31453,7.58,2023
-26,152,3937,8.37,2023
-24,-68,6,1.92,2023
-24,-66,247,7.89,2023
-24,-64,6,5.26,2023
-24,-58,449,7.64,2023
-24,-56,1207,11.7,2023
-24,-54,1358,8.57,2023
-24,-52,1434,12.98,2023
-24,-50,2712,7.6,2023
-24,-48,3802,5.36,2023
-24,-46,1629,4.24,2023
-24,-44,4650,4.83,2023
-24,-42,224,3.47,2023
-24,30,1505,8.0,2023
-24,32,16217,8.36,2023
-24,34,17565,8.23,2023
-24,112,543,9.36,2023
-24,114,1658,15.56,2023
-24,116,7536,15.41,2023
-24,118,1604,10.54,2023
-24,120,3308,18.98,2023
-24,122,3368,19.11,2023
-24,124,2486,23.6,2023
-24,126,10618,21.71,2023
-24,128,3916,17.1,2023
-24,130,22174,14.91,2023
-24,132,31153,15.16,2023
-24,134,19066,10.7,2023
-24,136,901,13.18,2023
-24,138,420,13.89,2023
-24,140,65,8.92,2023
-24,142,161,5.8,2023
-24,144,4923,14.69,2023
-24,146,9214,7.65,2023
-24,148,12113,7.64,2023
-24,150,8334,7.3,2023
-22,-70,88,22.02,2023
-22,-68,99,16.1,2023
-22,-66,1113,11.43,2023
-22,-64,2709,9.19,2023
-22,-60,320,18.03,2023
-22,-58,7489,11.17,2023
-22,-56,2340,6.26,2023
-22,-54,945,8.73,2023
-22,-52,1428,12.73,2023
-22,-50,3508,11.05,2023
-22,-48,3130,7.93,2023
-22,-46,3786,7.62,2023
-22,-44,3646,4.66,2023
-22,-42,5385,4.28,2023
-22,30,127,12.07,2023
-22,32,25530,8.03,2023
-22,34,14851,8.47,2023
-22,114,2293,9.64,2023
-22,116,9873,14.83,2023
-22,118,6380,16.35,2023
-22,120,9349,17.82,2023
-22,122,18531,21.35,2023
-22,124,23078,17.52,2023
-22,126,18110,19.9,2023
-22,128,19228,19.07,2023
-22,130,27403,19.46,2023
-22,132,58309,15.94,2023
-22,134,26926,14.05,2023
-22,136,27011,17.57,2023
-22,138,12177,11.99,2023
-22,140,4393,12.78,2023
-22,142,853,11.66,2023
-22,144,8642,8.65,2023
-22,146,4036,7.25,2023
-22,148,3138,6.84,2023
-20,-70,249,11.24,2023
-20,-68,475,10.14,2023
-20,-66,1475,8.89,2023
-20,-64,6586,9.24,2023
-20,-62,1921,18.14,2023
-20,-60,5121,10.13,2023
-20,-58,10044,18.76,2023
-20,-56,3762,8.43,2023
-20,-54,1475,8.6,2023
-20,-52,1563,10.53,2023
-20,-50,1694,10.72,2023
-20,-48,3263,8.61,2023
-20,-46,3565,6.93,2023
-20,-44,3992,6.6,2023
-20,-42,3303,7.26,2023
-20,-40,2043,11.92,2023
-20,20,40,7.96,2023
-20,26,9,5.11,2023
-20,32,45560,9.72,2023
-20,34,54804,8.07,2023
-20,36,11527,7.42,2023
-20,120,6156,19.44,2023
-20,122,39564,16.3,2023
-20,124,37719,13.64,2023
-20,126,26454,13.64,2023
-20,128,37936,14.44,2023
-20,130,64181,13.51,2023
-20,132,50183,15.58,2023
-20,134,24960,13.58,2023
-20,136,24748,14.14,2023
-20,138,24783,10.16,2023
-20,140,9262,11.67,2023
-20,142,18677,8.56,2023
-20,144,13928,8.57,2023
-20,146,5443,8.11,2023
-20,148,21,5.49,2023
-18,-70,654,8.14,2023
-18,-68,3096,12.29,2023
-18,-66,23266,12.38,2023
-18,-64,17727,7.99,2023
-18,-62,46535,9.34,2023
-18,-60,10121,10.95,2023
-18,-58,38524,17.73,2023
-18,-56,5380,13.22,2023
-18,-54,2908,10.63,2023
-18,-52,1896,8.85,2023
-18,-50,2405,6.86,2023
-18,-48,3941,9.41,2023
-18,-46,4736,9.81,2023
-18,-44,5722,9.51,2023
-18,-42,4980,9.82,2023
-18,-40,2965,9.78,2023
-18,12,104,11.28,2023
-18,14,1659,10.56,2023
-18,16,20663,10.14,2023
-18,18,55757,11.43,2023
-18,20,64492,13.07,2023
-18,22,53450,9.68,2023
-18,24,44288,9.45,2023
-18,26,21539,7.53,2023
-18,28,3261,6.29,2023
-18,30,1393,6.28,2023
-18,32,40261,9.66,2023
-18,34,61255,8.24,2023
-18,36,85211,8.25,2023
-18,38,30187,9.54,2023
-18,40,33,7.29,2023
-18,122,22451,13.09,2023
-18,124,51001,9.29,2023
-18,126,51811,9.01,2023
-18,128,26343,9.54,2023
-18,130,39398,10.72,2023
-18,132,17812,12.07,2023
-18,134,15482,11.46,2023
-18,136,35374,9.89,2023
-18,138,11140,9.58,2023
-18,140,1721,7.3,2023
-18,142,9248,10.31,2023
-18,144,22033,7.72,2023
-18,146,2,2.74,2023
-16,-70,3569,9.8,2023
-16,-68,42222,10.43,2023
-16,-66,43033,12.1,2023
-16,-64,24400,10.84,2023
-16,-62,26303,11.17,2023
-16,-60,4763,10.78,2023
-16,-58,4063,10.36,2023
-16,-56,2696,12.76,2023
-16,-54,6993,12.91,2023
-16,-52,3377,10.02,2023
-16,-50,6043,7.68,2023
-16,-48,6113,7.22,2023
-16,-46,6158,11.88,2023
-16,-44,6712,12.25,2023
-16,-42,9880,12.61,2023
-16,-40,3179,8.29,2023
-16,10,1,3.88,2023
-16,12,3068,7.84,2023
-16,14,32027,10.68,2023
-16,16,73915,12.28,2023
-16,18,59982,16.87,2023
-16,20,63770,17.13,2023
-16,22,54487,8.69,2023
-16,24,61676,9.98,2023
-16,26,48312,9.33,2023
-16,28,46879,7.25,2023
-16,30,42151,6.75,2023
-16,32,47693,7.56,2023
-16,34,13414,8.12,2023
-16,36,58537,9.05,2023
-16,38,52820,9.75,2023
-16,40,17967,8.32,2023
-16,124,19505,7.59,2023
-16,126,27599,7.56,2023
-16,128,16991,8.02,2023
-16,130,32968,7.92,2023
-16,132,24242,8.53,2023
-16,134,17660,12.08,2023
-16,136,3238,10.55,2023
-16,140,4348,7.99,2023
-16,142,19175,7.85,2023
-16,144,21579,8.27,2023
-14,-70,2835,11.82,2023
-14,-68,26704,11.35,2023
-14,-66,35272,13.23,2023
-14,-64,27063,12.04,2023
-14,-62,9680,14.2,2023
-14,-60,2592,11.75,2023
-14,-58,10214,12.99,2023
-14,-56,10727,11.9,2023
-14,-54,5352,13.39,2023
-14,-52,7499,13.24,2023
-14,-50,7934,6.41,2023
-14,-48,11900,7.53,2023
-14,-46,12490,10.47,2023
-14,-44,8361,11.94,2023
-14,-42,5566,10.23,2023
-14,-40,3203,6.66,2023
-14,-38,82,6.98,2023
-14,12,1741,6.39,2023
-14,14,63125,7.86,2023
-14,16,76707,10.82,2023
-14,18,47586,13.89,2023
-14,20,48932,14.35,2023
-14,22,55377,10.92,2023
-14,24,60122,8.69,2023
-14,26,75014,9.7,2023
-14,28,67243,8.81,2023
-14,30,57771,7.78,2023
-14,32,16061,6.56,2023
-14,34,30756,8.39,2023
-14,36,39930,8.88,2023
-14,38,40945,8.29,2023
-14,40,16821,6.91,2023
-14,126,135,10.12,2023
-14,128,1685,12.35,2023
-14,130,33128,9.09,2023
-14,132,40838,7.67,2023
-14,134,45573,9.28,2023
-14,136,12703,8.2,2023
-14,140,9927,9.57,2023
-14,142,34538,7.16,2023
-12,-72,25,9.21,2023
-12,-70,9975,12.06,2023
-12,-68,5146,10.71,2023
-12,-66,8163,11.36,2023
-12,-64,3249,9.17,2023
-12,-62,2841,10.58,2023
-12,-60,3765,10.51,2023
-12,-58,10427,12.52,2023
-12,-56,8532,11.71,2023
-12,-54,7517,12.27,2023
-12,-52,15909,13.4,2023
-12,-50,10733,8.06,2023
-12,-48,17381,11.1,2023
-12,-46,19679,13.45,2023
-12,-44,9977,17.19,2023
-12,-42,4122,9.55,2023
-12,-40,2381,9.41,2023
-12,-38,1975,7.6,2023
-12,12,1261,11.85,2023
-12,14,71092,12.27,2023
-12,16,91268,10.58,2023
-12,18,64656,11.27,2023
-12,20,53677,15.88,2023
-12,22,78253,11.26,2023
-12,24,76603,8.96,2023
-12,26,88431,9.65,2023
-12,28,71331,10.07,2023
-12,30,60999,10.74,2023
-12,32,31308,9.07,2023
-12,34,31433,7.65,2023
-12,36,35768,7.94,2023
-12,38,37828,8.27,2023
-12,40,8024,9.12,2023
-12,118,9,4.77,2023
-12,120,1224,6.85,2023
-12,122,1252,6.05,2023
-12,124,729,6.21,2023
-12,130,18512,9.6,2023
-12,132,9560,9.86,2023
-12,134,1129,6.63,2023
-12,136,227,5.13,2023
-12,140,38,6.67,2023
-12,142,9261,8.09,2023
-10,-74,2620,12.59,2023
-10,-72,8196,12.58,2023
-10,-70,6282,10.83,2023
-10,-68,17048,12.16,2023
-10,-66,17404,13.32,2023
-10,-64,17988,12.41,2023
-10,-62,12040,12.95,2023
-10,-60,7915,11.73,2023
-10,-58,7440,11.41,2023
-10,-56,14463,13.29,2023
-10,-54,2509,13.77,2023
-10,-52,5020,10.2,2023
-10,-50,10246,7.85,2023
-10,-48,19629,9.67,2023
-10,-46,23254,14.04,2023
-10,-44,13037,18.79,2023
-10,-42,4259,12.71,2023
-10,-40,2021,11.81,2023
-10,-38,3904,9.28,2023
-10,-36,1660,6.8,2023
-10,12,7519,8.34,2023
-10,14,57268,13.06,2023
-10,16,90711,15.35,2023
-10,18,74656,16.67,2023
-10,20,64397,18.78,2023
-10,22,75200,16.05,2023
-10,24,69841,17.11,2023
-10,26,69069,9.16,2023
-10,28,63796,9.46,2023
-10,30,50582,10.24,2023
-10,32,23629,8.09,2023
-10,34,22420,10.05,2023
-10,36,15333,8.37,2023
-10,38,20207,9.34,2023
-10,110,145,3.72,2023
-10,112,2056,6.78,2023
-10,114,1100,9.75,2023
-10,116,4447,7.83,2023
-10,118,7462,7.54,2023
-10,120,4298,6.47,2023
-10,122,6098,7.69,2023
-10,124,8803,6.85,2023
-10,126,155,5.23,2023
-10,128,128,6.11,2023
-10,130,446,7.64,2023
-10,136,1753,6.85,2023
-10,138,3544,6.98,2023
-10,140,6487,6.56,2023
-10,142,24,6.92,2023
-8,-74,4174,16.15,2023
-8,-72,2503,12.65,2023
-8,-70,779,12.88,2023
-8,-68,993,12.55,2023
-8,-66,2313,11.8,2023
-8,-64,9099,13.05,2023
-8,-62,11274,15.4,2023
-8,-60,17498,14.77,2023
-8,-58,4903,12.3,2023
-8,-56,17200,11.18,2023
-8,-54,21888,12.73,2023
-8,-52,5825,10.01,2023
-8,-50,4995,9.06,2023
-8,-48,14888,8.62,2023
-8,-46,41833,10.75,2023
-8,-44,35782,10.01,2023
-8,-42,9474,14.48,2023
-8,-40,13680,13.75,2023
-8,-38,4542,9.98,2023
-8,-36,2274,6.96,2023
-8,12,15574,10.6,2023
-8,14,60272,10.57,2023
-8,16,70266,11.54,2023
-8,18,65241,18.49,2023
-8,20,77761,11.06,2023
-8,22,82982,8.48,2023
-8,24,71895,14.14,2023
-8,26,72632,11.78,2023
-8,28,59262,9.96,2023
-8,30,37233,8.2,2023
-8,32,37018,8.48,2023
-8,34,23505,9.11,2023
-8,36,12791,8.5,2023
-8,38,9263,7.95,2023
-8,104,1178,3.72,2023
-8,106,2451,4.41,2023
-8,108,2389,3.35,2023
-8,110,5454,5.11,2023
-8,112,3431,5.12,2023
-8,114,842,5.01,2023
-8,120,76,8.29,2023
-8,124,148,3.39,2023
-8,126,579,4.93,2023
-8,128,252,6.57,2023
-8,130,1662,6.05,2023
-8,134,303,6.78,2023
-8,136,253,9.91,2023
-8,138,9439,9.57,2023
-8,140,1966,7.6,2023
-6,-74,51,8.66,2023
-6,-72,138,10.73,2023
-6,-70,412,7.57,2023
-6,-68,367,12.63,2023
-6,-66,194,19.49,2023
-6,-64,1276,14.94,2023
-6,-62,5244,12.05,2023
-6,-60,2564,12.71,2023
-6,-58,5181,11.36,2023
-6,-56,11013,10.75,2023
-6,-54,6584,10.25,2023
-6,-52,9690,8.48,2023
-6,-50,13058,8.67,2023
-6,-48,15983,9.2,2023
-6,-46,21490,11.15,2023
-6,-44,25771,10.74,2023
-6,-42,9561,16.2,2023
-6,-40,7467,13.57,2023
-6,-38,2546,11.05,2023
-6,-36,699,8.7,2023
-6,12,13283,8.46,2023
-6,14,38683,10.38,2023
-6,16,72112,9.98,2023
-6,18,72145,10.09,2023
-6,20,49004,8.98,2023
-6,22,44286,7.34,2023
-6,24,55166,12.06,2023
-6,26,67922,11.69,2023
-6,28,47317,10.73,2023
-6,30,35789,8.81,2023
-6,32,11888,7.69,2023
-6,34,12675,16.63,2023
-6,36,4016,10.67,2023
-6,38,3257,6.76,2023
-6,102,547,6.04,2023
-6,104,6306,6.13,2023
-6,106,72,2.98,2023
-6,112,1,2.46,2023
-6,114,452,6.67,2023
-6,116,13,8.19,2023
-6,118,1707,5.16,2023
-6,120,1864,6.99,2023
-6,122,2504,8.65,2023
-6,130,3,4.29,2023
-6,132,218,5.59,2023
-6,134,13,3.97,2023
-6,136,83,6.79,2023
-6,138,165,7.38,2023
-6,140,74,6.75,2023
-4,-74,5,6.21,2023
-4,-72,26,6.85,2023
-4,-70,766,6.96,2023
-4,-68,1198,8.32,2023
-4,-66,3479,19.4,2023
-4,-64,736,12.54,2023
-4,-62,7356,8.68,2023
-4,-60,13890,10.5,2023
-4,-58,11413,10.52,2023
-4,-56,34698,8.59,2023
-4,-54,18093,9.22,2023
-4,-52,38795,8.78,2023
-4,-50,27094,10.88,2023
-4,-48,15926,9.48,2023
-4,-46,14877,10.92,2023
-4,-44,12516,11.94,2023
-4,-42,6925,13.96,2023
-4,-40,4091,9.91,2023
-4,14,238,8.18,2023
-4,16,37794,9.23,2023
-4,18,21248,9.35,2023
-4,20,3639,7.31,2023
-4,22,32239,10.02,2023
-4,24,26113,9.52,2023
-4,26,21174,9.03,2023
-4,28,12239,8.15,2023
-4,30,14662,7.56,2023
-4,32,1532,7.15,2023
-4,34,7560,7.94,2023
-4,36,374,8.91,2023
-4,98,3,2.18,2023
-4,100,2306,9.39,2023
-4,102,5604,6.69,2023
-4,104,25035,7.82,2023
-4,106,2286,6.9,2023
-4,108,266,5.79,2023
-4,110,6960,9.55,2023
-4,112,14400,8.08,2023
-4,114,25583,7.11,2023
-4,116,1190,7.99,2023
-4,118,1905,7.06,2023
-4,120,4099,8.89,2023
-4,122,3164,3.6,2023
-4,124,5,5.44,2023
-4,126,1412,7.94,2023
-4,128,228,5.27,2023
-4,130,169,5.62,2023
-4,132,317,6.58,2023
-4,134,117,5.21,2023
-4,136,212,5.98,2023
-4,138,258,7.84,2023
-4,140,174,4.0,2023
-2,-76,164,11.05,2023
-2,-74,76,7.37,2023
-2,-72,84,9.03,2023
-2,-70,21,6.76,2023
-2,-68,224,9.28,2023
-2,-66,94,7.74,2023
-2,-64,408,8.4,2023
-2,-62,1086,11.82,2023
-2,-60,269,12.8,2023
-2,-58,1975,10.6,2023
-2,-56,14575,13.64,2023
-2,-54,11384,9.9,2023
-2,-52,6344,10.49,2023
-2,-50,7890,10.58,2023
-2,-48,8387,11.91,2023
-2,-46,2515,12.54,2023
-2,16,2520,6.07,2023
-2,18,5079,6.22,2023
-2,20,2184,5.79,2023
-2,22,5881,6.68,2023
-2,24,5066,6.92,2023
-2,26,3794,5.84,2023
-2,28,7033,9.18,2023
-2,30,3878,6.83,2023
-2,32,32,11.52,2023
-2,34,1931,5.94,2023
-2,98,23,3.39,2023
-2,100,1048,7.79,2023
-2,102,3251,5.36,2023
-2,104,656,8.04,2023
-2,106,92,4.32,2023
-2,108,2367,7.04,2023
-2,110,8567,12.14,2023
-2,112,3649,10.9,2023
-2,114,3137,10.14,2023
-2,116,3253,6.65,2023
-2,118,472,10.26,2023
-2,120,2793,9.42,2023
-2,122,1015,5.46,2023
-2,124,45,6.58,2023
-2,126,1041,4.8,2023
-2,128,24,4.8,2023
-2,130,22,4.35,2023
-2,132,176,5.41,2023
-2,134,79,3.32,2023
-2,136,130,3.39,2023
0,-80,17,5.86,2023
0,-78,1319,8.1,2023
0,-76,4688,15.77,2023
0,-74,1858,14.32,2023
0,-72,618,8.37,2023
0,-70,343,7.93,2023
0,-68,144,7.5,2023
0,-66,19,7.22,2023
0,-64,35,4.35,2023
0,-62,4132,11.06,2023
0,-60,1659,16.09,2023
0,-58,507,7.59,2023
0,-56,4369,8.76,2023
0,-54,215,12.72,2023
0,-52,9738,8.77,2023
0,-50,892,7.19,2023
0,16,256,6.34,2023
0,18,4090,6.62,2023
0,20,4206,7.03,2023
0,22,10061,9.06,2023
0,24,18884,9.33,2023
0,26,2650,8.22,2023
0,28,3971,7.75,2023
0,30,5503,6.81,2023
0,96,32,2.94,2023
0,98,675,6.36,2023
0,100,1578,5.12,2023
0,102,267,4.76,2023
0,104,100,4.43,2023
0,108,4178,10.13,2023
0,110,6228,12.68,2023
0,112,1349,11.54,2023
0,114,550,10.47,2023
0,116,5234,6.82,2023
0,118,373,7.15,2023
0,120,601,5.58,2023
0,122,1317,6.19,2023
0,124,351,5.55,2023
0,126,1794,3.8,2023
0,128,377,4.11,2023
2,-80,1,1.9,2023
2,-78,1202,6.75,2023
2,-76,2800,7.56,2023
2,-74,7737,8.84,2023
2,-72,6541,10.28,2023
2,-70,452,11.79,2023
2,-68,188,9.85,2023
2,-66,63,9.55,2023
2,-64,203,10.43,2023
2,-62,9047,7.08,2023
2,-60,1554,6.12,2023
2,-58,15,19.07,2023
2,-56,862,6.93,2023
2,-54,28,9.39,2023
2,-52,4393,7.48,2023
2,14,1236,7.34,2023
2,16,2155,6.62,2023
2,18,24355,7.15,2023
2,20,24692,7.59,2023
2,22,22067,10.22,2023
2,24,9030,9.03,2023
2,26,23694,8.41,2023
2,28,29633,10.1,2023
2,30,11867,7.84,2023
2,94,1,2.99,2023
2,96,303,7.0,2023
2,98,604,5.81,2023
2,100,183,5.81,2023
2,106,4,18.15,2023
2,108,64,8.14,2023
2,114,73,18.62,2023
2,116,2542,8.96,2023
2,118,131,10.65,2023
2,124,1247,8.12,2023
2,126,3,4.02,2023
2,128,36,5.08,2023
4,-78,190,7.75,2023
4,-76,2192,6.86,2023
4,-74,3139,6.03,2023
4,-72,12146,7.67,2023
4,-70,10132,8.05,2023
4,-68,1186,7.87,2023
4,-66,24,9.43,2023
4,-62,4724,6.06,2023
4,-60,932,4.91,2023
4,-52,44,8.95,2023
4,4,5014,3.75,2023
4,6,16515,4.81,2023
4,8,5013,6.67,2023
4,14,31586,6.99,2023
4,16,29552,6.26,2023
4,18,39963,8.09,2023
4,20,36832,7.66,2023
4,22,21111,7.87,2023
4,24,25014,9.0,2023
4,26,31826,10.51,2023
4,28,10770,12.59,2023
4,30,436,11.6,2023
4,94,415,8.03,2023
4,96,571,4.43,2023
4,98,13,5.5,2023
4,108,10,12.12,2023
4,116,68,7.23,2023
4,126,2,3.03,2023
6,-78,704,8.98,2023
6,-76,5253,11.67,2023
6,-74,2866,5.46,2023
6,-72,3349,8.46,2023
6,-70,2085,9.05,2023
6,-68,477,12.68,2023
6,2,11661,6.78,2023
6,4,24116,7.08,2023
6,6,36426,5.91,2023
6,8,23707,6.2,2023
6,10,29216,6.12,2023
6,12,590,5.43,2023
6,14,15828,7.08,2023
6,16,45000,7.13,2023
6,18,65837,8.96,2023
6,20,50356,8.01,2023
6,22,44782,7.91,2023
6,24,46424,6.87,2023
6,26,4355,6.39,2023
8,-78,1074,8.35,2023
8,-76,8292,9.39,2023
8,-74,7074,7.98,2023
8,2,9266,5.73,2023
8,4,25326,5.71,2023
8,6,19832,5.22,2023
8,8,14316,5.11,2023
8,10,21414,6.47,2023
8,12,2456,4.09,2023
8,18,15353,10.72,2023
8,20,45347,9.97,2023
8,22,55152,7.17,2023
8,24,13674,6.11,2023
8,26,6803,8.47,2023
8,28,7513,9.88,2023
8,30,3077,10.78,2023
8,32,897,8.11,2023
8,34,1110,7.45,2023
8,76,2562,5.34,2023
8,78,1378,5.24,2023
8,92,36,12.24,2023
10,-76,4513,8.61,2023
10,-74,7006,7.08,2023
10,-72,1,2.57,2023
10,2,3771,5.73,2023
10,4,36473,6.3,2023
10,6,46347,5.71,2023
10,8,5603,4.23,2023
10,10,2674,5.33,2023
10,12,19914,8.64,2023
10,14,4848,10.75,2023
10,20,3973,11.17,2023
10,22,26367,8.81,2023
10,24,13024,7.49,2023
10,26,9599,7.28,2023
10,28,26122,7.31,2023
10,30,38552,7.86,2023
10,32,7561,8.74,2023
10,34,11119,8.06,2023
10,74,85,6.36,2023
10,76,3450,5.21,2023
10,78,2237,5.02,2023
10,92,4,3.36,2023
12,-82,1,6.52,2023
12,-74,1,5.16,2023
12,-72,3,4.31,2023
12,2,213,5.66,2023
12,4,12901,7.18,2023
12,6,11540,6.7,2023
12,8,195,5.16,2023
12,10,589,6.13,2023
12,12,10435,9.3,2023
12,14,4040,11.81,2023
12,20,27,6.5,2023
12,22,3647,7.33,2023
12,24,4836,6.73,2023
12,26,6983,6.97,2023
12,28,7047,6.71,2023
12,30,5449,7.18,2023
12,32,3409,8.17,2023
12,34,18175,9.71,2023
12,36,2753,10.3,2023
12,74,2993,5.07,2023
12,76,7627,5.27,2023
12,78,6559,5.09,2023
12,80,537,3.11,2023
12,92,5,4.34,2023
14,22,333,4.72,2023
14,24,578,9.63,2023
14,26,538,8.81,2023
14,28,682,7.38,2023
14,30,610,5.85,2023
14,32,1876,7.62,2023
14,34,1611,8.93,2023
14,36,1553,10.24,2023
14,72,618,3.85,2023
14,74,8763,4.8,2023
14,76,10120,4.17,2023
14,78,14341,5.18,2023
14,80,444,3.97,2023
16,26,2,2.54,2023
16,30,9,7.38,2023
16,32,338,3.88,2023
16,34,213,7.95,2023
16,36,264,11.27,2023
16,38,4,4.16,2023
16,72,4555,5.05,2023
16,74,4960,4.53,2023
16,76,5774,5.17,2023
16,78,6942,4.82,2023
16,80,9838,4.7,2023
16,82,3203,3.39,2023
18,24,1,0.11,2023
18,28,1,2.75,2023
18,30,127,9.34,2023
18,32,31,7.13,2023
18,34,7,10.14,2023
18,36,203,8.85,2023
18,38,8,12.34,2023
18,72,9230,4.94,2023
18,74,4130,4.83,2023
18,76,4330,5.14,2023
18,78,14191,4.27,2023
18,80,14683,4.86,2023
18,82,13080,6.82,2023
18,84,4498,4.23,2023
18,86,35,3.83,2023
20,30,25,8.49,2023
20,32,1,0.94,2023
20,34,18,3.7,2023
20,68,218,6.29,2023
20,70,2033,4.91,2023
20,72,6090,4.88,2023
20,74,2566,5.25,2023
20,76,2794,5.63,2023
20,78,5854,4.61,2023
20,80,16878,4.29,2023
20,82,27517,4.78,2023
20,84,28516,3.16,2023
20,86,6703,3.58,2023
20,88,2,3.34,2023
20,92,53,10.13,2023
22,68,1669,3.88,2023
22,70,2729,3.6,2023
22,72,2483,4.9,2023
22,74,6487,5.82,2023
22,76,14000,5.63,2023
22,78,14278,5.42,2023
22,80,7685,5.21,2023
22,82,17636,3.44,2023
22,84,15547,2.82,2023
22,86,35656,2.69,2023
22,88,1522,2.86,2023
22,90,2644,14.49,2023
22,92,9926,24.7,2023
22,94,109,5.57,2023
24,68,63,9.98,2023
24,70,201,4.19,2023
24,72,1175,3.83,2023
24,74,2866,4.95,2023
24,76,8605,6.17,2023
24,78,5996,6.28,2023
24,80,3764,5.51,2023
24,82,7274,4.11,2023
24,84,5530,5.11,2023
24,86,4565,3.9,2023
24,88,995,5.29,2023
24,90,6122,10.42,2023
24,92,19293,16.61,2023
24,94,6517,13.93,2023
26,68,11,1.15,2023
26,70,995,5.09,2023
26,72,1370,5.06,2023
26,74,380,2.26,2023
26,76,832,4.51,2023
26,78,2517,4.53,2023
26,80,2485,3.93,2023
26,82,9338,5.05,2023
26,84,2710,4.43,2023
26,86,134,3.45,2023
26,88,509,4.02,2023
26,90,1297,7.01,2023
26,92,5201,12.96,2023
26,94,4500,13.39,2023
26,96,1047,11.96,2023
28,72,1162,4.92,2023
28,74,7518,6.34,2023
28,76,7127,4.38,2023
28,78,5764,3.76,2023
28,80,2966,5.63,2023
28,92,10,5.37,2023
28,94,632,10.34,2023
28,96,259,8.98,2023
30,72,270,7.98,2023
30,74,41373,6.51,2023
30,76,9157,5.15,2023
30,78,1821,4.23,2023
30,80,120,6.06,2023
32,72,11,1.77,2023
32,74,1889,6.05,2023
32,76,382,6.04,2023
34,72,20,4.59,2023
34,74,148,6.84,2023
34,76,8,2.95,2023
34,78,1,2.74,2023
42,-84,639,2.3,2023
42,-82,2260,2.39,2023
42,-80,2115,2.27,2023
42,-78,3,1.73,2023
42,-66,1715,26.19,2023
44,-84,4,1.02,2023
44,-82,46,3.37,2023
44,-80,36,4.79,2023
44,-78,221,2.06,2023
44,-76,287,3.03,2023
44,-74,837,1.76,2023
44,-72,31,1.37,2023
44,-68,231,3.49,2023
44,-66,35,7.98,2023
44,-64,45,3.88,2023
44,-62,5,1.81,2023
46,-86,494,2.43,2023
46,-84,786,10.42,2023
46,-82,486,5.09,2023
46,-80,21,6.54,2023
46,-78,87,47.48,2023
46,-76,824,16.84,2023
46,-74,720,8.48,2023
46,-72,49,2.28,2023
46,-68,14,2.37,2023
46,-66,11,7.01,2023
46,-64,12,3.79,2023
46,-62,4,2.8,2023
46,-60,2,2.67,2023
46,-56,7,2.47,2023
46,-54,3,2.31,2023
48,-128,166,12.23,2023
48,-126,1294,9.58,2023
48,-124,846,5.75,2023
48,-122,6189,18.12,2023
48,-120,6322,18.72,2023
48,-118,613,6.92,2023
48,-116,2235,11.36,2023
48,-114,68,9.47,2023
48,-112,27,4.18,2023
48,-110,9,3.92,2023
48,-108,14,8.66,2023
48,-106,19,7.11,2023
48,-104,265,4.53,2023
48,-102,349,7.03,2023
48,-100,295,8.68,2023
48,-98,375,9.69,2023
48,-96,76,5.68,2023
48,-94,43,7.73,2023
48,-92,46,4.77,2023
48,-90,29,10.74,2023
48,-88,14,5.08,2023
48,-86,171,33.67,2023
48,-84,64,12.95,2023
48,-82,44,34.79,2023
48,-80,1978,13.42,2023
48,-78,32093,14.16,2023
48,-76,13671,14.35,2023
48,-74,1857,14.18,2023
48,-72,1017,24.38,2023
48,-70,2778,24.11,2023
48,-68,3,5.81,2023
48,-66,152,1.12,2023
48,-60,2,7.26,2023
48,-58,3,4.81,2023
48,-56,1,3.37,2023
50,-128,429,13.62,2023
50,-126,1592,26.05,2023
50,-124,4972,15.31,2023
50,-122,6676,11.4,2023
50,-120,10320,14.1,2023
50,-118,4966,11.55,2023
50,-116,3040,15.22,2023
50,-114,54,10.22,2023
50,-112,185,5.92,2023
50,-110,59,17.21,2023
50,-108,136,7.21,2023
50,-106,841,3.84,2023
50,-104,563,7.64,2023
50,-102,658,6.54,2023
50,-100,529,8.65,2023
50,-98,258,3.85,2023
50,-96,10,5.66,2023
50,-94,1423,17.91,2023
50,-92,4035,16.47,2023
50,-90,5592,18.78,2023
50,-88,3540,23.1,2023
50,-86,241,4.67,2023
50,-84,83,46.64,2023
50,-82,469,13.28,2023
50,-80,16103,19.45,2023
50,-78,12559,16.97,2023
50,-76,13984,17.52,2023
50,-74,7704,26.06,2023
50,-72,372,22.08,2023
50,-68,1852,18.05,2023
50,-66,438,56.37,2023
50,-64,12,8.1,2023
50,-62,16,2.44,2023
52,-134,15,13.53,2023
52,-130,50,7.23,2023
52,-128,9450,15.97,2023
52,-126,31360,18.11,2023
52,-124,6653,16.39,2023
52,-122,1299,13.38,2023
52,-120,2138,13.76,2023
52,-118,11137,20.61,2023
52,-116,14072,26.57,2023
52,-114,988,2.69,2023
52,-112,365,9.39,2023
52,-110,810,17.49,2023
52,-108,534,9.11,2023
52,-106,318,9.04,2023
52,-104,728,12.25,2023
52,-102,216,11.0,2023
52,-100,2106,26.1,2023
52,-98,1292,12.63,2023
52,-96,336,24.26,2023
52,-94,388,11.31,2023
52,-92,2714,10.87,2023
52,-90,4623,14.96,2023
52,-88,219,14.94,2023
52,-86,337,9.02,2023
52,-84,401,8.75,2023
52,-82,88,25.38,2023
52,-80,10864,18.24,2023
52,-78,33409,19.73,2023
52,-76,47824,18.08,2023
52,-74,10325,15.81,2023
52,-72,1372,12.01,2023
52,-70,125,24.33,2023
52,-68,20,7.21,2023
52,-66,228,18.69,2023
52,-62,12,4.99,2023
52,-60,205,49.17,2023
52,-58,4,2.4,2023
54,-132,24,3.4,2023
54,-130,244,12.55,2023
54,-128,5525,9.03,2023
54,-126,33616,12.88,2023
54,-124,16586,15.19,2023
54,-122,4247,17.6,2023
54,-120,4341,16.52,2023
54,-118,27199,16.4,2023
54,-116,9943,24.09,2023
54,-114,525,10.45,2023
54,-112,1329,8.53,2023
54,-110,23185,18.98,2023
54,-108,18924,23.49,2023
54,-106,13610,14.89,2023
54,-104,3939,14.11,2023
54,-102,881,14.59,2023
54,-100,282,13.23,2023
54,-98,201,6.92,2023
54,-96,378,21.37,2023
54,-94,11,5.82,2023
54,-92,7,26.54,2023
54,-90,155,7.96,2023
54,-88,50,10.47,2023
54,-86,312,6.89,2023
54,-84,26,7.02,2023
54,-80,81,4.16,2023
54,-78,5940,12.83,2023
54,-76,10026,18.32,2023
54,-74,5002,22.81,2023
54,-72,1343,19.91,2023
54,-70,820,13.14,2023
54,-68,2,2.43,2023
54,-64,69,24.01,2023
54,-60,1,2.16,2023
54,-58,1,0.12,2023
56,-132,2,2.58,2023
56,-130,58,11.72,2023
56,-128,907,18.62,2023
56,-126,10353,15.32,2023
56,-124,13826,18.64,2023
56,-122,40412,17.32,2023
56,-120,11408,14.92,2023
56,-118,9556,14.34,2023
56,-116,8716,10.95,2023
56,-114,7284,21.11,2023
56,-112,3438,16.57,2023
56,-110,3226,16.19,2023
56,-108,30414,23.57,2023
56,-106,9610,19.2,2023
56,-104,2892,17.09,2023
56,-102,2832,17.19,2023
56,-100,1489,12.01,2023
56,-98,37,24.18,2023
56,-96,50,11.86,2023
56,-94,1074,13.15,2023
56,-92,577,16.23,2023
56,-90,1,4.82,2023
56,-74,1,0.23,2023
56,-72,1,0.23,2023
56,-70,4501,17.06,2023
56,-68,2296,11.72,2023
56,-64,333,11.22,2023
56,-62,92,18.41,2023
58,-136,486,13.29,2023
58,-134,261,16.47,2023
58,-130,8661,17.64,2023
58,-128,4269,15.0,2023
58,-126,23,18.13,2023
58,-124,13209,13.27,2023
58,-122,134402,12.7,2023
58,-120,97806,13.36,2023
58,-118,10902,10.27,2023
58,-116,67240,14.27,2023
58,-114,83952,15.9,2023
58,-112,38922,19.67,2023
58,-110,4283,23.74,2023
58,-108,2321,11.42,2023
58,-106,3682,13.77,2023
58,-104,1276,15.69,2023
58,-102,32,6.78,2023
58,-100,47,5.52,2023
58,-98,15,5.33,2023
58,-96,3,0.64,2023
58,-80,3,1.21,2023
58,-78,1,0.08,2023
58,-70,4,3.71,2023
58,-68,62,8.34,2023
58,-66,1,1.65,2023
60,-140,8,9.28,2023
60,-136,3939,17.46,2023
60,-134,165,9.4,2023
60,-132,408,16.7,2023
60,-130,13,3.53,2023
60,-128,74,21.51,2023
60,-126,4893,20.73,2023
60,-124,2515,18.81,2023
60,-122,40282,18.51,2023
60,-120,58239,20.0,2023
60,-118,37117,21.59,2023
60,-116,9745,12.72,2023
60,-114,36755,14.67,2023
60,-112,81878,14.36,2023
60,-110,3681,17.62,2023
60,-108,1874,19.03,2023
60,-106,772,8.98,2023
60,-104,317,6.82,2023
60,-102,14,19.93,2023
60,-74,1,0.42,2023
60,-70,1,2.59,2023
62,-142,265,5.29,2023
62,-140,181,5.88,2023
62,-138,3515,14.79,2023
62,-136,4429,10.93,2023
62,-134,3075,9.49,2023
62,-132,98,11.02,2023
62,-130,15,3.02,2023
62,-128,192,8.11,2023
62,-126,1983,21.15,2023
62,-124,4,2.14,2023
62,-122,1513,11.39,2023
62,-118,1613,8.6,2023
62,-116,32488,12.79,2023
62,-114,25206,11.88,2023
62,-112,2323,11.49,2023
62,-110,292,8.91,2023
62,-108,345,21.66,2023
62,-106,46,8.9,2023
62,-104,22,6.84,2023
62,-100,3,0.06,2023
62,-98,16,10.17,2023
62,-94,4,5.37,2023
64,-142,69,15.29,2023
64,-140,575,7.8,2023
64,-138,2661,9.75,2023
64,-136,9709,9.2,2023
64,-134,2021,7.88,2023
64,-132,951,6.39,2023
64,-130,4068,7.04,2023
64,-128,10859,7.06,2023
64,-126,31553,9.27,2023
64,-124,100,5.87,2023
64,-122,5154,11.43,2023
64,-120,8332,13.24,2023
64,-118,15220,10.23,2023
64,-116,11699,9.87,2023
64,-114,9076,10.4,2023
64,-112,72,4.86,2023
64,-110,258,7.75,2023
64,-108,40,5.65,2023
64,-102,1,3.36,2023
64,-96,11,3.94,2023
64,-92,1,3.51,2023
64,-90,1,2.18,2023
66,-142,623,21.92,2023
66,-140,8165,12.92,2023
66,-138,4009,7.98,2023
66,-136,2312,7.74,2023
66,-134,6081,13.02,2023
66,-132,11694,8.96,2023
66,-130,20706,8.22,2023
66,-128,373,8.51,2023
66,-126,564,5.98,2023
66,-124,3,2.59,2023
66,-122,2116,10.35,2023
66,-120,1409,11.08,2023
66,-118,470,10.08,2023
66,-116,114,7.73,2023
66,-114,25,6.23,2023
68,-140,2097,10.74,2023
68,-134,8503,11.55,2023
68,-132,639,17.04,2023
68,-130,93,5.89,2023
68,-128,6,4.61,2023
68,-106,3,4.77,2023
68,-94,1,0.04,2023
70,-76,2,0.21,2023
72,-100,1,0.05,2023
-44,144,80,19.29,2024
-44,146,1868,19.72,2024
-44,148,13,3.27,2024
-42,142,3,4.28,2024
-42,144,1367,13.16,2024
-42,146,2176,11.03,2024
-42,148,300,12.82,2024
-40,140,116,19.84,2024
-40,142,723,12.7,2024
-40,144,311,6.94,2024
-40,146,792,5.88,2024
-40,148,2,2.55,2024
-38,138,30,5.87,2024
-38,140,3679,16.82,2024
-38,142,11315,22.39,2024
-38,144,3312,12.99,2024
-38,146,4899,6.2,2024
-38,148,1138,7.8,2024
-38,150,53,6.38,2024
-36,114,880,18.25,2024
-36,116,4451,20.14,2024
-36,118,1109,23.23,2024
-36,134,324,27.77,2024
-36,136,500,16.03,2024
-36,138,825,10.28,2024
-36,140,637,12.47,2024
-36,142,1811,11.61,2024
-36,144,3235,21.44,2024
-36,146,7692,17.78,2024
-36,148,2307,12.21,2024
-36,150,2330,2.95,2024
-34,-54,74,10.68,2024
-34,114,1934,8.16,2024
-34,116,8450,10.09,2024
-34,118,1042,13.02,2024
-34,120,861,10.6,2024
-34,122,1436,30.94,2024
-34,124,4,6.14,2024
-34,132,3,5.28,2024
-34,134,276,8.36,2024
-34,136,749,4.63,2024
-34,138,337,10.37,2024
-34,140,194,16.92,2024
-34,142,459,12.53,2024
-34,144,689,6.33,2024
-34,146,2604,8.99,2024
-34,148,2781,12.83,2024
-34,150,1278,6.51,2024
-34,152,116,5.85,2024
-32,-58,26,6.0,2024
-32,-56,132,5.56,2024
-32,-54,582,6.6,2024
-32,-52,150,6.3,2024
-32,114,3777,44.42,2024
-32,116,3114,10.45,2024
-32,118,530,8.82,2024
-32,120,1920,14.74,2024
-32,122,16,3.4,2024
-32,124,13,10.17,2024
-32,126,7,2.05,2024
-32,130,26,14.12,2024
-32,132,201,12.07,2024
-32,134,3,3.57,2024
-32,136,489,3.58,2024
-32,138,4,6.01,2024
-32,140,7,63.99,2024
-32,144,400,5.29,2024
-32,146,2304,7.36,2024
-32,148,2427,8.21,2024
-32,150,2823,5.5,2024
-32,152,1873,4.74,2024
-30,-58,95,7.98,2024
-30,-56,410,6.81,2024
-30,-54,566,4.8,2024
-30,-52,5391,5.88,2024
-30,-50,1136,6.21,2024
-30,114,1054,16.24,2024
-30,116,103,5.08,2024
-30,118,116,32.84,2024
-30,120,45,8.78,2024
-30,122,246,10.27,2024
-30,124,13,4.36,2024
-30,126,104,9.79,2024
-30,128,182,18.08,2024
-30,130,225,22.57,2024
-30,134,5,5.37,2024
-30,136,9,3.04,2024
-30,138,2,5.18,2024
-30,140,52,6.33,2024
-30,142,1,2.54,2024
-30,144,16,4.14,2024
-30,146,1128,8.69,2024
-30,148,3426,5.85,2024
-30,150,4369,8.17,2024
-30,152,4432,5.12,2024
-28,-56,42,4.91,2024
-28,-54,953,6.72,2024
-28,-52,3754,9.26,2024
-28,-50,1062,5.86,2024
-28,32,3315,6.45,2024
-28,114,17,4.35,2024
-28,118,75,13.97,2024
-28,120,311,8.18,2024
-28,122,13,11.24,2024
-28,124,244,16.57,2024
-28,126,15,9.57,2024
-28,128,155,10.76,2024
-28,130,892,26.33,2024
-28,132,50,10.69,2024
-28,134,25,4.88,2024
-28,136,102,4.58,2024
-28,138,288,23.94,2024
-28,140,741,15.81,2024
-28,142,46,5.02,2024
-28,144,515,5.98,2024
-28,146,3079,9.69,2024
-28,148,6510,8.48,2024
-28,150,9118,6.82,2024
-28,152,4375,5.27,2024
-26,-56,485,12.18,2024
-26,-54,1216,8.76,2024
-26,-52,3145,9.62,2024
-26,-50,2415,7.89,2024
-26,-48,48,3.78,2024
-26,30,452,5.45,2024
-26,32,12794,8.08,2024
-26,34,4648,6.57,2024
-26,112,13,3.9,2024
-26,114,35,6.02,2024
-26,116,48,4.55,2024
-26,118,64,13.07,2024
-26,120,72,25.58,2024
-26,122,258,18.11,2024
-26,124,143,10.09,2024
-26,126,81,35.33,2024
-26,128,159,14.5,2024
-26,130,477,11.06,2024
-26,132,312,14.72,2024
-26,134,83,7.01,2024
-26,136,16,4.5,2024
-26,138,282,14.72,2024
-26,140,153,14.67,2024
-26,142,240,9.33,2024
-26,144,776,5.35,2024
-26,146,19579,8.45,2024
-26,148,11932,7.78,2024
-26,150,17119,7.14,2024
-26,152,2453,5.69,2024
-24,-68,4,32.37,2024
-24,-66,173,10.48,2024
-24,-64,5,3.54,2024
-24,-58,909,6.96,2024
-24,-56,4170,11.57,2024
-24,-54,9692,18.2,2024
-24,-52,2386,13.05,2024
-24,-50,6095,16.01,2024
-24,-48,8905,8.87,2024
-24,-46,4253,6.3,2024
-24,-44,7365,5.15,2024
-24,-42,298,5.6,2024
-24,30,2725,9.22,2024
-24,32,21655,8.35,2024
-24,34,15245,8.92,2024
-24,114,354,14.59,2024
-24,116,1393,15.33,2024
-24,118,1584,12.13,2024
-24,120,1895,17.18,2024
-24,122,2301,26.07,2024
-24,124,1244,18.86,2024
-24,126,1381,20.41,2024
-24,128,459,14.11,2024
-24,130,662,9.95,2024
-24,132,1138,9.31,2024
-24,134,855,11.33,2024
-24,136,30,6.59,2024
-24,138,26,5.98,2024
-24,140,309,13.12,2024
-24,142,178,9.82,2024
-24,144,2420,9.05,2024
-24,146,14333,8.38,2024
-24,148,7615,7.5,2024
-24,150,6182,5.87,2024
-22,-70,40,13.56,2024
-22,-68,64,7.38,2024
-22,-66,1364,12.49,2024
-22,-64,3553,10.22,2024
-22,-60,828,18.47,2024
-22,-58,28086,14.16,2024
-22,-56,4128,12.96,2024
-22,-54,1184,13.01,2024
-22,-52,6714,28.94,2024
-22,-50,14367,29.11,2024
-22,-48,15764,17.3,2024
-22,-46,7728,8.71,2024
-22,-44,9510,7.0,2024
-22,-42,7212,5.59,2024
-22,30,136,11.02,2024
-22,32,26635,7.97,2024
-22,34,14503,8.34,2024
-22,114,1478,3.54,2024
-22,116,3054,10.81,2024
-22,118,3962,16.75,2024
-22,120,3286,13.98,2024
-22,122,954,16.39,2024
-22,124,1095,22.86,2024
-22,126,3894,16.56,2024
-22,128,2018,19.91,2024
-22,130,3253,16.39,2024
-22,132,5064,14.08,2024
-22,134,24214,16.67,2024
-22,136,6075,10.31,2024
-22,138,17179,13.97,2024
-22,140,12413,14.92,2024
-22,142,3305,12.15,2024
-22,144,18720,9.25,2024
-22,146,6030,8.88,2024
-22,148,6635,7.1,2024
-22,150,28,10.01,2024
-20,-70,119,13.48,2024
-20,-68,256,15.19,2024
-20,-66,1361,10.37,2024
-20,-64,6429,9.48,2024
-20,-62,782,10.21,2024
-20,-60,15051,14.97,2024
-20,-58,58594,17.56,2024
-20,-56,6305,11.82,2024
-20,-54,4594,23.14,2024
-20,-52,3404,24.45,2024
-20,-50,6570,24.85,2024
-20,-48,5629,13.71,2024
-20,-46,6420,8.57,2024
-20,-44,11153,8.41,2024
-20,-42,3658,7.58,2024
-20,-40,719,7.77,2024
-20,20,15,7.8,2024
-20,32,39660,9.37,2024
-20,34,44740,9.11,2024
-20,36,11596,7.49,2024
-20,120,1037,16.54,2024
-20,122,3412,11.17,2024
-20,124,3769,11.14,2024
-20,126,9428,10.73,2024
-20,128,9450,12.08,2024
-20,130,7868,12.5,2024
-20,132,16546,13.8,2024
-20,134,12774,12.5,2024
-20,136,5242,13.19,2024
-20,138,24381,14.08,2024
-20,140,4537,11.72,2024
-20,142,24612,9.81,2024
-20,144,8433,8.63,2024
-20,146,2691,7.98,2024
-20,148,6,3.65,2024
-18,-70,534,12.3,2024
-18,-68,2193,10.85,2024
-18,-66,17730,10.7,2024
-18,-64,29981,7.94,2024
-18,-62,91878,8.26,2024
-18,-60,195433,10.66,2024
-18,-58,69537,15.68,2024
-18,-56,10160,17.6,2024
-18,-54,9905,16.27,2024
-18,-52,6159,31.32,2024
-18,-50,4778,12.59,2024
-18,-48,4402,11.97,2024
-18,-46,4470,9.2,2024
-18,-44,3998,8.0,2024
-18,-42,1899,10.59,2024
-18,-40,857,11.69,2024
-18,10,1,0.16,2024
-18,12,1395,10.09,2024
-18,14,8672,13.6,2024
-18,16,29131,10.5,2024
-18,18,39798,11.11,2024
-18,20,46546,11.56,2024
-18,22,39934,9.05,2024
-18,24,30623,8.57,2024
-18,26,5511,6.46,2024
-18,28,2122,4.89,2024
-18,30,556,5.34,2024
-18,32,29201,9.27,2024
-18,34,42286,8.19,2024
-18,36,74486,8.26,2024
-18,38,30315,9.33,2024
-18,40,28,5.09,2024
-18,122,8639,12.26,2024
-18,124,17212,6.83,2024
-18,126,12528,8.12,2024
-18,128,20322,10.06,2024
-18,130,12662,11.5,2024
-18,132,18070,12.52,2024
-18,134,19312,14.74,2024
-18,136,22735,11.52,2024
-18,138,4010,11.21,2024
-18,140,2868,11.56,2024
-18,142,18249,8.77,2024
-18,144,15081,7.44,2024
-18,146,4,6.31,2024
-16,-70,2111,10.28,2024
-16,-68,9043,10.88,2024
-16,-66,44994,11.32,2024
-16,-64,188868,9.2,2024
-16,-62,128526,10.87,2024
-16,-60,26221,15.78,2024
-16,-58,26357,11.09,2024
-16,-56,20757,12.78,2024
-16,-54,19897,13.16,2024
-16,-52,7835,14.66,2024
-16,-50,7267,11.09,2024
-16,-48,5403,11.79,2024
-16,-46,5710,16.51,2024
-16,-44,4028,10.66,2024
-16,-42,5618,13.27,2024
-16,-40,1200,6.67,2024
-16,10,2,2.2,2024
-16,12,4983,9.93,2024
-16,14,44358,13.08,2024
-16,16,69523,12.39,2024
-16,18,44148,15.06,2024
-16,20,58685,15.64,2024
-16,22,50422,8.62,2024
-16,24,54575,9.22,2024
-16,26,50376,10.97,2024
-16,28,34250,6.66,2024
-16,30,27564,6.49,2024
-16,32,33850,7.31,2024
-16,34,11807,7.53,2024
-16,36,58656,8.52,2024
-16,38,57890,9.21,2024
-16,40,16437,8.23,2024
-16,124,14832,7.72,2024
-16,126,25676,7.45,2024
-16,128,14567,7.98,2024
-16,130,26524,7.93,2024
-16,132,22362,9.61,2024
-16,134,22764,10.77,2024
-16,136,6110,11.87,2024
-16,140,3931,7.96,2024
-16,142,19304,7.48,2024
-16,144,7766,6.86,2024
-14,-70,2260,12.95,2024
-14,-68,27430,11.08,2024
-14,-66,51452,11.14,2024
-14,-64,32472,12.48,2024
-14,-62,11212,11.28,2024
-14,-60,16907,17.38,2024
-14,-58,13717,14.08,2024
-14,-56,9353,15.21,2024
-14,-54,7742,16.97,2024
-14,-52,24844,15.44,2024
-14,-50,5509,8.07,2024
-14,-48,7397,10.26,2024
-14,-46,8606,12.82,2024
-14,-44,5434,11.18,2024
-14,-42,2964,9.09,2024
-14,-40,2180,6.22,2024
-14,-38,63,12.98,2024
-14,12,4334,7.56,2024
-14,14,65740,8.24,2024
-14,16,71305,11.33,2024
-14,18,42825,12.39,2024
-14,20,55900,13.55,2024
-14,22,57608,10.85,2024
-14,24,59008,8.71,2024
-14,26,67076,9.72,2024
-14,28,35015,8.54,2024
-14,30,51404,8.18,2024
-14,32,14121,6.73,2024
-14,34,33839,8.52,2024
-14,36,48761,8.69,2024
-14,38,41327,8.08,2024
-14,40,15215,6.98,2024
-14,126,422,8.77,2024
-14,128,1324,10.64,2024
-14,130,25456,10.17,2024
-14,132,39891,8.46,2024
-14,134,32425,8.86,2024
-14,136,7206,8.73,2024
-14,140,6354,9.3,2024
-14,142,10531,7.52,2024
-12,-72,42,7.24,2024
-12,-70,10633,13.13,2024
-12,-68,6822,9.04,2024
-12,-66,20013,8.61,2024
-12,-64,7906,8.62,2024
-12,-62,10078,6.69,2024
-12,-60,11501,9.06,2024
-12,-58,19067,11.24,2024
-12,-56,22134,15.46,2024
-12,-54,15751,16.76,2024
-12,-52,47102,13.96,2024
-12,-50,19984,11.84,2024
-12,-48,22473,12.61,2024
-12,-46,13188,15.99,2024
-12,-44,4796,14.78,2024
-12,-42,2501,7.29,2024
-12,-40,1757,9.73,2024
-12,-38,2248,8.47,2024
-12,12,4358,11.24,2024
-12,14,72052,12.15,2024
-12,16,83552,10.48,2024
-12,18,65191,11.91,2024
-12,20,55021,16.09,2024
-12,22,38442,11.69,2024
-12,24,19368,8.55,2024
-12,26,4424,10.64,2024
-12,28,52094,10.88,2024
-12,30,63795,10.99,2024
-12,32,26091,8.76,2024
-12,34,29379,7.94,2024
-12,36,33169,8.41,2024
-12,38,37365,8.1,2024
-12,40,6910,9.83,2024
-12,118,1,5.65,2024
-12,120,1000,6.1,2024
-12,122,634,5.56,2024
-12,124,240,5.47,2024
-12,130,7466,7.77,2024
-12,132,6708,8.76,2024
-12,134,877,7.41,2024
-12,136,36,6.62,2024
-12,140,342,8.02,2024
-12,142,6249,11.18,2024
-10,-74,2782,14.55,2024
-10,-72,10812,13.72,2024
-10,-70,10896,12.74,2024
-10,-68,30176,13.33,2024
-10,-66,27444,12.96,2024
-10,-64,30492,11.78,2024
-10,-62,22609,13.3,2024
-10,-60,10832,12.17,2024
-10,-58,18416,11.32,2024
-10,-56,38440,13.28,2024
-10,-54,14452,10.22,2024
-10,-52,43015,12.02,2024
-10,-50,16726,11.92,2024
-10,-48,27245,11.66,2024
-10,-46,15458,13.72,2024
-10,-44,6202,17.43,2024
-10,-42,4254,11.59,2024
-10,-40,1588,8.07,2024
-10,-38,3672,8.26,2024
-10,-36,2413,6.75,2024
-10,12,8902,8.13,2024
-10,14,55504,11.78,2024
-10,16,78274,14.93,2024
-10,18,65505,17.47,2024
-10,20,56807,18.27,2024
-10,22,247,12.45,2024
-10,28,31237,10.15,2024
-10,30,48960,10.38,2024
-10,32,20978,7.82,2024
-10,34,24781,11.68,2024
-10,36,16245,7.83,2024
-10,38,20359,8.37,2024
-10,110,133,3.82,2024
-10,112,1234,5.61,2024
-10,114,503,6.53,2024
-10,116,2350,6.92,2024
-10,118,4503,7.01,2024
-10,120,2641,6.48,2024
-10,122,3763,7.85,2024
-10,124,3955,6.4,2024
-10,126,90,5.18,2024
-10,128,56,7.4,2024
-10,130,324,6.59,2024
-10,136,730,6.9,2024
-10,138,412,5.81,2024
-10,140,1263,7.68,2024
-10,142,31,8.79,2024
-8,-74,5156,12.4,2024
-8,-72,3415,14.69,2024
-8,-70,1182,13.01,2024
-8,-68,1495,10.27,2024
-8,-66,3505,10.05,2024
-8,-64,15012,12.79,2024
-8,-62,23101,14.2,2024
-8,-60,38250,16.35,2024
-8,-58,18319,10.3,2024
-8,-56,56724,10.46,2024
-8,-54,49408,9.92,2024
-8,-52,38193,6.96,2024
-8,-50,9060,11.08,2024
-8,-48,16808,10.14,2024
-8,-46,34113,10.42,2024
-8,-44,26237,8.67,2024
-8,-42,6419,13.36,2024
-8,-40,9167,11.82,2024
-8,-38,3678,10.15,2024
-8,-36,3258,8.42,2024
-8,12,17300,10.17,2024
-8,14,64081,10.95,2024
-8,16,30889,11.98,2024
-8,18,5613,27.06,2024
-8,20,22453,17.16,2024
-8,28,1286,9.19,2024
-8,30,33851,7.68,2024
-8,32,33189,7.76,2024
-8,34,26331,8.45,2024
-8,36,22479,8.13,2024
-8,38,11424,6.52,2024
-8,104,755,3.62,2024
-8,106,1397,3.72,2024
-8,108,1411,3.04,2024
-8,110,3782,4.4,2024
-8,112,2092,3.53,2024
-8,114,715,4.25,2024
-8,120,38,7.48,2024
-8,124,100,8.1,2024
-8,126,256,4.73,2024
-8,128,166,6.74,2024
-8,130,492,7.02,2024
-8,134,119,8.08,2024
-8,136,242,9.48,2024
-8,138,913,10.29,2024
-8,140,117,6.61,2024
-6,-74,74,11.52,2024
-6,-72,140,7.94,2024
-6,-70,410,8.17,2024
-6,-68,361,13.52,2024
-6,-66,181,13.86,2024
-6,-64,927,12.98,2024
-6,-62,3819,14.75,2024
-6,-60,2116,15.56,2024
-6,-58,7277,10.73,2024
-6,-56,9633,11.18,2024
-6,-54,6430,11.26,2024
-6,-52,8108,8.46,2024
-6,-50,14058,8.6,2024
-6,-48,14594,8.91,2024
-6,-46,17409,11.52,2024
-6,-44,17913,10.75,2024
-6,-42,7195,15.25,2024
-6,-40,5993,11.53,2024
-6,-38,2232,9.32,2024
-6,-36,725,11.83,2024
-6,12,2222,8.06,2024
-6,14,4127,12.36,2024
-6,16,1468,11.39,2024
-6,28,3634,6.33,2024
-6,30,32689,8.27,2024
-6,32,10802,7.6,2024
-6,34,15426,15.85,2024
-6,36,11051,9.81,2024
-6,38,6473,6.91,2024
-6,102,350,7.95,2024
-6,104,1856,6.1,2024
-6,106,29,2.87,2024
-6,112,2,3.09,2024
-6,114,62,5.24,2024
-6,118,521,4.31,2024
-6,120,483,6.25,2024
-6,122,874,7.89,2024
-6,130,1,5.67,2024
-6,132,24,4.68,2024
-6,134,8,4.57,2024
-6,136,8,6.34,2024
-6,138,78,5.74,2024
-6,140,111,8.57,2024
-4,-70,697,7.59,2024
-4,-68,922,8.58,2024
-4,-66,2674,21.93,2024
-4,-64,581,10.92,2024
-4,-62,4526,10.12,2024
-4,-60,5384,11.32,2024
-4,-58,5829,12.18,2024
-4,-56,15816,9.94,2024
-4,-54,16847,8.67,2024
-4,-52,27445,8.73,2024
-4,-50,25364,8.9,2024
-4,-48,18041,7.64,2024
-4,-46,12173,10.64,2024
-4,-44,11869,13.38,2024
-4,-42,6644,12.61,2024
-4,-40,3160,8.4,2024
-4,30,16269,6.75,2024
-4,32,2906,6.82,2024
-4,34,18818,7.1,2024
-4,36,2050,8.87,2024
-4,38,23,11.07,2024
-4,100,1039,9.4,2024
-4,102,3717,6.87,2024
-4,104,2022,7.01,2024
-4,106,1097,8.4,2024
-4,108,80,7.56,2024
-4,110,732,9.96,2024
-4,112,588,8.15,2024
-4,114,2914,4.9,2024
-4,116,229,7.49,2024
-4,118,546,7.9,2024
-4,120,2497,9.14,2024
-4,122,2671,3.2,2024
-4,124,2,4.18,2024
-4,126,217,6.53,2024
-4,128,83,5.4,2024
-4,130,16,5.59,2024
-4,132,167,4.59,2024
-4,134,15,3.05,2024
-4,136,69,6.21,2024
-4,138,189,6.29,2024
-4,140,145,5.81,2024
-2,-70,4,9.2,2024
-2,-68,190,8.25,2024
-2,-66,113,8.62,2024
-2,-64,252,8.87,2024
-2,-62,882,11.44,2024
-2,-60,225,15.35,2024
-2,-58,1118,12.84,2024
-2,-56,9385,11.82,2024
-2,-54,13673,7.91,2024
-2,-52,9795,7.84,2024
-2,-50,6496,10.47,2024
-2,-48,7518,10.66,2024
-2,-46,2563,13.21,2024
-2,30,4309,7.1,2024
-2,32,64,12.91,2024
-2,34,3186,6.05,2024
-2,98,17,3.67,2024
-2,100,880,6.86,2024
-2,102,2164,7.14,2024
-2,104,484,8.34,2024
-2,106,25,5.94,2024
-2,108,357,5.65,2024
-2,110,5497,11.99,2024
-2,112,2692,12.54,2024
-2,114,2540,11.76,2024
-2,116,2101,7.48,2024
-2,118,169,9.16,2024
-2,120,1028,8.66,2024
-2,122,606,5.55,2024
-2,124,4,4.02,2024
-2,126,769,4.65,2024
-2,128,6,4.67,2024
-2,130,9,3.74,2024
-2,132,135,5.72,2024
-2,134,63,3.82,2024
-2,136,225,4.16,2024
-2,138,1,2.68,2024
0,-72,3,9.29,2024
0,-70,336,9.0,2024
0,-68,147,8.47,2024
0,-66,20,5.44,2024
0,-64,812,6.39,2024
0,-62,14247,8.44,2024
0,-60,2102,13.3,2024
0,-58,428,9.48,2024
0,-56,1366,7.72,2024
0,-54,230,14.05,2024
0,-52,4106,8.61,2024
0,-50,503,7.03,2024
0,96,45,6.4,2024
0,98,592,6.89,2024
0,100,1347,5.29,2024
0,102,620,5.06,2024
0,104,102,5.36,2024
0,108,2351,10.62,2024
0,110,4981,13.22,2024
0,112,881,10.34,2024
0,114,512,10.71,2024
0,116,4996,6.68,2024
0,118,264,6.27,2024
0,120,257,5.32,2024
0,122,466,6.16,2024
0,124,92,3.73,2024
0,126,1481,4.89,2024
0,128,220,3.34,2024
2,-66,54,10.14,2024
2,-64,627,8.5,2024
2,-62,33694,7.81,2024
2,-60,1244,5.47,2024
2,-58,8,3.95,2024
2,-56,341,7.68,2024
2,-54,14,8.82,2024
2,-52,1721,7.85,2024
2,14,1263,6.3,2024
2,16,3004,6.25,2024
2,18,1325,6.33,2024
2,94,2,3.5,2024
2,96,550,6.3,2024
2,98,828,5.82,2024
2,100,262,5.77,2024
2,106,9,7.11,2024
2,108,104,12.27,2024
2,114,69,11.7,2024
2,116,1936,10.07,2024
2,118,43,9.13,2024
2,124,146,1.94,2024
2,126,2,3.58,2024
2,128,23,6.0,2024
4,-66,18,15.32,2024
4,-62,3721,6.97,2024
4,-60,917,4.16,2024
4,-52,6,6.33,2024
4,4,5751,4.18,2024
4,6,22453,4.83,2024
4,8,4062,6.38,2024
4,14,43891,6.62,2024
4,16,53418,6.12,2024
4,18,37994,6.83,2024
4,20,35480,6.29,2024
4,22,20096,7.81,2024
4,24,11732,7.7,2024
4,26,6769,8.52,2024
4,94,361,6.32,2024
4,96,843,5.51,2024
4,98,36,4.3,2024
4,108,13,10.32,2024
4,114,1,3.63,2024
4,116,107,5.87,2024
4,126,3,5.6,2024
6,2,13900,6.76,2024
6,4,27969,6.65,2024
6,6,53376,5.95,2024
6,8,35667,6.32,2024
6,10,31403,6.06,2024
6,12,313,3.8,2024
6,14,15292,6.07,2024
6,16,50158,7.02,2024
6,18,56982,8.01,2024
6,20,56983,8.36,2024
6,22,38335,7.77,2024
6,24,54569,6.88,2024
6,26,5721,7.28,2024
8,2,14135,5.47,2024
8,4,39777,5.9,2024
8,6,30335,5.89,2024
8,8,25902,5.8,2024
8,10,27311,6.49,2024
8,12,3527,4.83,2024
8,18,19855,11.92,2024
8,20,46729,9.58,2024
8,22,56667,7.32,2024
8,24,6876,7.6,2024
8,76,2415,5.8,2024
8,78,1019,4.84,2024
8,92,29,10.64,2024
10,2,4552,6.09,2024
10,4,32813,6.29,2024
10,6,41522,5.79,2024
10,8,7130,4.87,2024
10,10,5224,5.63,2024
10,12,12737,7.97,2024
10,14,3207,10.35,2024
10,20,3579,10.91,2024
10,22,10531,7.8,2024
10,74,33,4.06,2024
10,76,3938,6.82,2024
10,78,3377,6.46,2024
10,92,5,4.56,2024
12,2,196,6.28,2024
12,4,9832,6.54,2024
12,6,8377,5.67,2024
12,8,221,4.45,2024
12,10,758,7.9,2024
12,12,10512,9.71,2024
12,14,2285,8.91,2024
12,74,1075,4.97,2024
12,76,6229,5.68,2024
12,78,8396,5.92,2024
12,80,516,3.87,2024
12,92,26,71.01,2024
14,72,398,2.52,2024
14,74,3571,4.63,2024
14,76,7055,4.05,2024
14,78,9872,5.87,2024
14,80,433,3.43,2024
16,72,4552,5.43,2024
16,74,4016,4.52,2024
16,76,6733,5.38,2024
16,78,6542,5.52,2024
16,80,13801,4.67,2024
16,82,3697,4.39,2024
18,72,9938,5.13,2024
18,74,3710,4.59,2024
18,76,4663,5.13,2024
18,78,12611,4.3,2024
18,80,23303,4.49,2024
18,82,14991,6.11,2024
18,84,2331,5.31,2024
18,86,28,5.95,2024
20,68,218,6.14,2024
20,70,1879,5.2,2024
20,72,6368,5.06,2024
20,74,2040,5.23,2024
20,76,1847,5.53,2024
20,78,4657,4.72,2024
20,80,15714,3.82,2024
20,82,17558,4.19,2024
20,84,16336,3.13,2024
20,86,4503,3.48,2024
20,88,1,2.17,2024
20,92,2,35.23,2024
22,68,1738,5.65,2024
22,70,2409,4.12,2024
22,72,3560,4.38,2024
22,74,4471,5.9,2024
22,76,13744,4.9,2024
22,78,13311,5.49,2024
22,80,5325,4.88,2024
22,82,13103,3.43,2024
22,84,11061,2.74,2024
22,86,31231,2.8,2024
22,88,1639,3.04,2024
22,90,1311,13.29,2024
22,92,9790,34.73,2024
22,94,68,48.48,2024
24,68,82,7.58,2024
24,70,263,4.2,2024
24,72,2780,4.24,2024
24,74,3294,5.49,2024
24,76,10898,6.51,2024
24,78,8910,6.57,2024
24,80,5918,5.96,2024
24,82,10397,4.96,2024
24,84,7069,5.38,2024
24,86,3293,3.92,2024
24,88,915,5.44,2024
24,90,4339,12.51,2024
24,92,12903,19.99,2024
24,94,2744,24.05,2024
26,68,19,0.92,2024
26,70,1321,5.44,2024
26,72,1403,4.22,2024
26,74,455,3.71,2024
26,76,1056,5.19,2024
26,78,4666,5.19,2024
26,80,3924,4.95,2024
26,82,16418,6.14,2024
26,84,3054,4.46,2024
26,86,99,4.38,2024
26,88,761,4.71,2024
26,90,1780,6.17,2024
26,92,4025,11.26,2024
26,94,4987,13.28,2024
26,96,777,10.06,2024
28,72,1347,4.58,2024
28,74,4655,6.1,2024
28,76,8946,5.28,2024
28,78,13699,4.18,2024
28,80,4788,4.77,2024
28,92,6,7.77,2024
28,94,651,10.35,2024
28,96,172,5.8,2024
30,72,176,6.49,2024
30,74,25015,7.04,2024
30,76,14188,5.42,2024
30,78,7464,4.5,2024
30,80,207,6.15,2024
32,72,29,3.16,2024
32,74,6927,5.5,2024
32,76,1781,5.38,2024
34,72,95,4.75,2024
34,74,426,5.51,2024
34,76,3,3.77,2024
40,-84,4,3.0,2024
42,-84,694,2.51,2024
42,-82,2219,2.39,2024
42,-80,1977,2.17,2024
42,-68,2,1.85,2024
42,-66,1,1.43,2024
44,-84,8,1.16,2024
44,-82,39,3.49,2024
44,-80,52,3.04,2024
44,-78,250,7.92,2024
44,-76,251,2.11,2024
44,-74,729,1.43,2024
44,-72,43,0.95,2024
44,-68,466,6.5,2024
44,-66,27,1.59,2024
44,-64,13,4.18,2024
44,-62,1,0.04,2024
46,-86,502,2.56,2024
46,-84,11,3.53,2024
46,-82,277,4.85,2024
46,-80,9,10.04,2024
46,-76,2,9.73,2024
46,-74,314,1.75,2024
46,-72,20,1.23,2024
46,-70,2,12.4,2024
46,-68,13,2.87,2024
46,-66,21,3.01,2024
46,-64,10,5.66,2024
46,-62,6,2.06,2024
46,-60,3,2.87,2024
46,-56,1,0.19,2024
46,-54,8,1.47,2024
48,-128,1,10.99,2024
48,-126,355,10.46,2024
48,-124,343,3.88,2024
48,-122,1574,19.3,2024
48,-120,400,9.01,2024
48,-118,2024,9.19,2024
48,-116,1125,16.28,2024
48,-114,23,4.3,2024
48,-112,9,7.85,2024
48,-110,11,2.53,2024
48,-108,8,5.92,2024
48,-106,33,13.53,2024
48,-104,486,7.15,2024
48,-102,541,9.59,2024
48,-100,497,9.37,2024
48,-98,399,10.81,2024
48,-96,46,4.0,2024
48,-94,127,15.55,2024
48,-92,36,9.1,2024
48,-90,23,9.82,2024
48,-88,1,0.6,2024
48,-86,12,3.25,2024
48,-84,35,10.12,2024
48,-82,18,4.83,2024
48,-80,115,1.88,2024
48,-78,3,1.65,2024
48,-76,3,3.77,2024
48,-74,5,1.16,2024
48,-72,24,1.77,2024
48,-70,9,1.64,2024
48,-68,10,8.55,2024
48,-66,126,1.08,2024
48,-60,3,2.01,2024
48,-56,4,1.62,2024
48,-54,1,0.16,2024
50,-128,24,7.29,2024
50,-126,174,9.51,2024
50,-124,695,7.31,2024
50,-122,5053,14.11,2024
50,-120,1201,8.53,2024
50,-118,1776,12.36,2024
50,-116,730,3.54,2024
50,-114,82,20.26,2024
50,-112,181,3.18,2024
50,-110,57,3.69,2024
50,-108,71,7.95,2024
50,-106,859,4.0,2024
50,-104,924,9.76,2024
50,-102,981,11.62,2024
50,-100,1151,9.19,2024
50,-98,361,5.95,2024
50,-96,9,2.06,2024
50,-94,37,14.42,2024
50,-92,14,10.14,2024
50,-90,16,29.12,2024
50,-88,3,24.36,2024
50,-86,1,1.47,2024
50,-82,123,3.06,2024
50,-80,1283,24.5,2024
50,-78,9,6.07,2024
50,-76,37,22.16,2024
50,-74,3,6.96,2024
50,-72,45,6.8,2024
50,-70,253,23.43,2024
50,-68,995,14.2,2024
50,-66,833,50.28,2024
50,-64,105,49.23,2024
50,-62,132,10.99,2024
50,-60,23,20.06,2024
52,-134,10,6.54,2024
52,-132,12,6.09,2024
52,-130,10,2.23,2024
52,-128,9040,18.15,2024
52,-126,8052,23.56,2024
52,-124,272,10.22,2024
52,-122,2639,18.17,2024
52,-120,526,14.38,2024
52,-118,2487,43.26,2024
52,-116,587,7.05,2024
52,-114,933,3.0,2024
52,-112,264,9.41,2024
52,-110,338,12.41,2024
52,-108,294,7.12,2024
52,-106,477,9.26,2024
52,-104,747,9.95,2024
52,-102,343,12.42,2024
52,-100,24,7.8,2024
52,-98,6,1.94,2024
52,-96,416,14.16,2024
52,-94,1968,18.2,2024
52,-92,692,4.63,2024
52,-90,3281,10.91,2024
52,-88,12,9.29,2024
52,-86,392,21.18,2024
52,-84,330,3.74,2024
52,-80,92,7.6,2024
52,-78,33,24.73,2024
52,-76,3,2.46,2024
52,-74,16,10.81,2024
52,-72,48,4.88,2024
52,-70,250,14.33,2024
52,-68,1241,24.52,2024
52,-66,417,60.44,2024
52,-60,1,0.45,2024
54,-132,5,2.85,2024
54,-130,92,5.16,2024
54,-128,1411,6.22,2024
54,-126,1696,13.8,2024
54,-124,242,4.75,2024
54,-122,375,11.14,2024
54,-120,1225,4.89,2024
54,-118,897,9.06,2024
54,-116,1213,11.56,2024
54,-114,344,10.07,2024
54,-112,2317,8.44,2024
54,-110,2937,15.38,2024
54,-108,19980,17.91,2024
54,-106,16754,13.89,2024
54,-104,31111,14.4,2024
54,-102,6771,22.79,2024
54,-100,1018,6.79,2024
54,-98,12,4.73,2024
54,-96,2773,12.66,2024
54,-94,365,16.52,2024
54,-92,1174,7.82,2024
54,-90,100,6.3,2024
54,-88,22,8.93,2024
54,-86,42,4.81,2024
54,-84,5,5.04,2024
54,-78,1,0.36,2024
54,-76,406,23.99,2024
54,-74,210,13.31,2024
54,-68,122,10.42,2024
54,-66,1,14.77,2024
54,-64,113,4.0,2024
54,-62,1,1.08,2024
54,-60,9,7.15,2024
56,-132,8,3.71,2024
56,-130,39,9.02,2024
56,-128,202,5.28,2024
56,-126,70,7.28,2024
56,-124,431,15.72,2024
56,-122,796,13.5,2024
56,-120,1217,25.56,2024
56,-118,1186,16.61,2024
56,-116,5097,12.69,2024
56,-114,8152,12.03,2024
56,-112,8087,18.41,2024
56,-110,6687,17.88,2024
56,-108,18397,15.01,2024
56,-106,4909,14.24,2024
56,-104,16925,10.66,2024
56,-102,691,6.67,2024
56,-100,4680,7.36,2024
56,-98,3848,7.39,2024
56,-96,2525,12.47,2024
56,-94,488,17.61,2024
56,-90,52,6.28,2024
56,-80,2,3.1,2024
56,-64,4,3.75,2024
58,-134,1,5.48,2024
58,-132,45,8.21,2024
58,-130,2093,10.33,2024
58,-128,351,6.43,2024
58,-126,1095,10.71,2024
58,-124,20878,12.94,2024
58,-122,73140,15.88,2024
58,-120,26181,16.48,2024
58,-118,3395,15.01,2024
58,-116,22889,15.53,2024
58,-114,4507,14.53,2024
58,-112,3649,16.97,2024
58,-110,815,5.31,2024
58,-108,908,18.89,2024
58,-106,1,38.75,2024
58,-104,127,12.27,2024
58,-102,40,5.42,2024
58,-96,254,9.73,2024
58,-80,2,1.9,2024
58,-70,2,7.18,2024
58,-68,4,1.95,2024
58,-66,1,0.62,2024
60,-138,14,28.3,2024
60,-136,808,7.54,2024
60,-134,381,18.79,2024
60,-132,440,18.5,2024
60,-130,80,5.31,2024
60,-128,2724,19.52,2024
60,-126,918,18.49,2024
60,-124,45,11.99,2024
60,-122,9945,17.83,2024
60,-120,27665,16.93,2024
60,-118,22037,16.64,2024
60,-116,5,4.21,2024
60,-114,21,4.24,2024
60,-112,17412,21.48,2024
60,-110,9396,17.71,2024
60,-108,2711,16.04,2024
60,-106,2,7.22,2024
60,-74,2,1.76,2024
60,-70,1,2.92,2024
62,-142,2274,12.17,2024
62,-140,3001,11.01,2024
62,-138,1738,12.07,2024
62,-136,701,8.68,2024
62,-134,42,19.73,2024
62,-132,302,30.48,2024
62,-130,5,6.21,2024
62,-124,39265,10.81,2024
62,-122,16374,9.57,2024
62,-120,7353,13.05,2024
62,-118,17,15.59,2024
62,-116,3814,8.49,2024
62,-114,1196,6.82,2024
62,-112,1812,9.2,2024
62,-110,2979,7.05,2024
62,-108,8,6.65,2024
62,-104,696,12.94,2024
62,-102,1,0.04,2024
62,-94,3,22.71,2024
62,-76,2,0.56,2024
62,-70,1,0.02,2024
64,-142,152,7.98,2024
64,-140,232,12.33,2024
64,-138,863,14.58,2024
64,-136,142,24.94,2024
64,-134,127,20.71,2024
64,-126,18667,11.94,2024
64,-124,29059,10.67,2024
64,-122,39807,15.32,2024
64,-120,22791,10.36,2024
64,-118,7794,8.57,2024
64,-116,19986,10.56,2024
64,-110,1,0.17,2024
64,-108,2,1.78,2024
66,-142,395,39.71,2024
66,-140,4,3.86,2024
66,-138,18,11.75,2024
66,-136,2,2.08,2024
66,-134,2,4.03,2024
66,-130,363,24.63,2024
66,-116,1,2.49,2024
66,-98,1,0.64,2024
68,-106,2,6.58,2024
70,-70,1,0.56,2024
72,-116,1,0.03,2024
