date,location_name,pm25
2024-01-01,Alphington,9.11704347826087
2024-01-01,Box Hill,8.954782608695652
2024-01-01,Brighton,9.279391304347826
2024-01-01,Dandenong,8.216869565217392
2024-01-01,Geelong South,6.9220434782608695
2024-01-01,Melbourne CBD,13.136869565217392
2024-01-01,Melton,8.494173913043477
2024-01-01,Traralgon,8.884652173913043
2024-01-02,Alphington,9.986541666666666
2024-01-02,Box Hill,8.106
2024-01-02,Brighton,9.301375
2024-01-02,Dandenong,7.746458333333333
2024-01-02,Geelong South,6.509291666666667
2024-01-02,Melbourne CBD,10.077458333333333
2024-01-02,Melton,7.325666666666667
2024-01-02,Traralgon,6.177041666666667
2024-01-03,Alphington,8.150083333333333
2024-01-03,Box Hill,7.056541666666667
2024-01-03,Brighton,8.919833333333333
2024-01-03,Dandenong,6.660125
2024-01-03,Geelong South,6.3538749999999995
2024-01-03,Melbourne CBD,9.950625
2024-01-03,Melton,7.205875
2024-01-03,Traralgon,7.495958333333333
2024-01-04,Alphington,6.816291666666666
2024-01-04,Box Hill,6.887041666666667
2024-01-04,Brighton,7.341458333333334
2024-01-04,Dandenong,6.42375
2024-01-04,Geelong South,5.764125
2024-01-04,Melbourne CBD,8.770666666666667
2024-01-04,Melton,6.015666666666666
2024-01-04,Traralgon,5.117291666666667
2024-01-05,Alphington,6.223333333333334
2024-01-05,Box Hill,4.1665
2024-01-05,Brighton,6.567291666666667
2024-01-05,Dandenong,5.42
2024-01-05,Geelong South,5.872375
2024-01-05,Macleod,8.84
2024-01-05,Melbourne CBD,8.066416666666667
2024-01-05,Melton,6.034791666666667
2024-01-05,Traralgon,4.370208333333333
2024-01-06,Alphington,5.377666666666666
2024-01-06,Box Hill,4.438375
2024-01-06,Brighton,6.2755
2024-01-06,Dandenong,5.2134583333333335
2024-01-06,Geelong South,6.576083333333333
2024-01-06,Melbourne CBD,6.4173333333333336
2024-01-06,Melton,5.578666666666667
2024-01-06,Traralgon,4.5140416666666665
2024-01-07,Alphington,4.671666666666667
2024-01-07,Box Hill,4.891875
2024-01-07,Brighton,6.14
2024-01-07,Dandenong,5.65
2024-01-07,Geelong South,4.709416666666667
2024-01-07,Melbourne CBD,5.479208333333333
2024-01-07,Melton,3.0767499999999997
2024-01-07,Traralgon,6.071041666666667
2024-01-08,Alphington,3.2779166666666666
2024-01-08,Box Hill,2.234208333333333
2024-01-08,Brighton,4.652291666666667
2024-01-08,Dandenong,3.718958333333333
2024-01-08,Geelong South,3.663666666666667
2024-01-08,Melbourne CBD,6.275625
2024-01-08,Melton,1.813125
2024-01-08,Traralgon,3.407125
2024-01-09,Alphington,8.000952380952382
2024-01-09,Box Hill,4.8445833333333335
2024-01-09,Brighton,6.622125
2024-01-09,Dandenong,6.0665000000000004
2024-01-09,Geelong South,6.478
2024-01-09,Melbourne CBD,8.867166666666666
2024-01-09,Melton,6.972666666666667
2024-01-09,Traralgon,7.402333333333333
2024-01-10,Alphington,8.585958333333334
2024-01-10,Box Hill,6.422916666666667
2024-01-10,Brighton,8.978791666666666
2024-01-10,Dandenong,7.826875
2024-01-10,Geelong South,5.333208333333333
2024-01-10,Melbourne CBD,9.196375
2024-01-10,Melton,5.858625
2024-01-10,Traralgon,7.503541666666667
2024-01-11,Alphington,4.906333333333333
2024-01-11,Box Hill,4.2856250000000005
2024-01-11,Brighton,4.335541666666667
2024-01-11,Dandenong,5.5655833333333335
2024-01-11,Geelong South,2.98125
2024-01-11,Melbourne CBD,5.386375
2024-01-11,Melton,3.3436666666666666
2024-01-11,Traralgon,6.001916666666667
2024-01-12,Alphington,9.435
2024-01-12,Box Hill,7.664125
2024-01-12,Brighton,10.697375
2024-01-12,Dandenong,8.993458333333333
2024-01-12,Geelong South,8.805291666666667
2024-01-12,Melbourne CBD,11.395541666666666
2024-01-12,Melton,6.414421052631579
2024-01-12,Traralgon,8.187416666666666
2024-01-13,Alphington,9.738791666666666
2024-01-13,Box Hill,8.773166666666667
2024-01-13,Brighton,9.579749999999999
2024-01-13,Dandenong,8.72725
2024-01-13,Geelong South,7.863958333333334
2024-01-13,Melbourne CBD,10.924791666666668
2024-01-13,Melton,7.134291666666667
2024-01-13,Traralgon,8.542625
2024-01-14,Alphington,7.584375
2024-01-14,Box Hill,6.386
2024-01-14,Brighton,7.296625
2024-01-14,Dandenong,5.874625
2024-01-14,Geelong South,6.311454545454546
2024-01-14,Melbourne CBD,8.491541666666667
2024-01-14,Melton,6.291375
2024-01-14,Traralgon,6.515375
2024-01-15,Alphington,4.654875
2024-01-15,Box Hill,3.933375
2024-01-15,Brighton,6.113291666666667
2024-01-15,Dandenong,5.470125
2024-01-15,Geelong South,4.665166666666667
2024-01-15,Melbourne CBD,6.560789473684211
2024-01-15,Melton,5.383166666666667
2024-01-15,Traralgon,5.610541666666667
2024-01-16,Alphington,4.156041666666667
2024-01-16,Box Hill,2.8569583333333335
2024-01-16,Brighton,4.4154583333333335
2024-01-16,Dandenong,4.322416666666666
2024-01-16,Geelong South,4.072208333333333
2024-01-16,Melbourne CBD,4.777083333333334
2024-01-16,Melton,3.6679583333333334
2024-01-16,Traralgon,5.257916666666667
2024-01-17,Alphington,3.523375
2024-01-17,Box Hill,3.488541666666667
2024-01-17,Brighton,4.519041666666666
2024-01-17,Dandenong,3.6679583333333334
2024-01-17,Geelong South,3.4390833333333335
2024-01-17,Melbourne CBD,6.181583333333333
2024-01-17,Melton,1.8787916666666666
2024-01-17,Traralgon,4.686875
2024-01-18,Alphington,4.123
2024-01-18,Box Hill,4.013875
2024-01-18,Brighton,5.722666666666667
2024-01-18,Dandenong,5.12925
2024-01-18,Geelong South,5.286208333333333
2024-01-18,Melbourne CBD,6.1842500000000005
2024-01-18,Melton,3.1626666666666665
2024-01-18,Traralgon,4.736208333333334
2024-01-19,Alphington,4.968375
2024-01-19,Box Hill,3.50675
2024-01-19,Brighton,5.7896086956521735
2024-01-19,Dandenong,3.8956666666666666
2024-01-19,Geelong South,4.118833333333333
2024-01-19,Melbourne CBD,6.761375
2024-01-19,Melton,3.2918333333333334
2024-01-19,Traralgon,2.5274583333333336
2024-01-20,Alphington,4.955333333333334
2024-01-20,Box Hill,3.3182916666666666
2024-01-20,Brighton,5.204208333333333
2024-01-20,Dandenong,3.2108333333333334
2024-01-20,Geelong South,4.75225
2024-01-20,Melbourne CBD,4.310625
2024-01-20,Melton,4.896041666666666
2024-01-20,Traralgon,5.114791666666667
2024-01-21,Alphington,5.648458333333333
2024-01-21,Box Hill,6.192916666666667
2024-01-21,Brighton,6.676916666666667
2024-01-21,Dandenong,6.73825
2024-01-21,Geelong South,4.4467083333333335
2024-01-21,Melbourne CBD,8.672041666666667
2024-01-21,Melton,4.595083333333333
2024-01-21,Traralgon,6.2411666666666665
2024-01-22,Alphington,3.442375
2024-01-22,Box Hill,2.6005416666666665
2024-01-22,Brighton,3.7757916666666667
2024-01-22,Dandenong,3.3177083333333335
2024-01-22,Geelong South,2.851875
2024-01-22,Melbourne CBD,5.1847916666666665
2024-01-22,Melton,3.233375
2024-01-22,Traralgon,5.827958333333333
2024-01-23,Alphington,4.943208333333334
2024-01-23,Box Hill,3.8762
2024-01-23,Brighton,7.183208333333333
2024-01-23,Dandenong,4.671708333333333
2024-01-23,Geelong South,5.9826250000000005
2024-01-23,Melbourne CBD,7.040875
2024-01-23,Melton,5.360375
2024-01-23,Traralgon,3.3386666666666667
2024-01-24,Alphington,7.15175
2024-01-24,Brighton,8.213333333333333
2024-01-24,Dandenong,6.756958333333333
2024-01-24,Geelong South,5.558
2024-01-24,Melbourne CBD,8.562625
2024-01-24,Melton,5.962958333333333
2024-01-24,Traralgon,7.1567083333333334
2024-01-25,Alphington,7.542416666666667
2024-01-25,Brighton,7.530375
2024-01-25,Dandenong,6.720375
2024-01-25,Geelong South,4.9777499999999995
2024-01-25,Melbourne CBD,8.004125
2024-01-25,Melton,5.365
2024-01-25,Traralgon,6.942333333333333
2024-01-26,Alphington,4.5437916666666665
2024-01-26,Brighton,7.07025
2024-01-26,Dandenong,5.1786666666666665
2024-01-26,Geelong South,4.458541666666667
2024-01-26,Melbourne CBD,6.8412500000000005
2024-01-26,Melton,3.9087916666666667
2024-01-26,Traralgon,5.7595833333333335
2024-01-27,Alphington,6.496708333333333
2024-01-27,Brighton,5.389166666666666
2024-01-27,Dandenong,4.781208333333334
2024-01-27,Geelong South,4.2787500000000005
2024-01-27,Melbourne CBD,8.071583333333333
2024-01-27,Melton,4.445416666666667
2024-01-27,Traralgon,7.050041666666667
2024-01-28,Alphington,4.272666666666667
2024-01-28,Brighton,5.11475
2024-01-28,Dandenong,3.030291666666667
2024-01-28,Geelong South,2.5655833333333335
2024-01-28,Melbourne CBD,5.623583333333333
2024-01-28,Melton,3.6149166666666672
2024-01-28,Traralgon,3.6639583333333334
2024-01-29,Alphington,5.2167916666666665
2024-01-29,Brighton,7.066083333333333
2024-01-29,Dandenong,4.601208333333333
2024-01-29,Geelong South,2.6029583333333335
2024-01-29,Melbourne CBD,7.707958333333333
2024-01-29,Melton,3.411875
2024-01-29,Traralgon,5.234416666666666
2024-01-30,Alphington,6.437458333333333
2024-01-30,Brighton,6.082083333333333
2024-01-30,Dandenong,6.334291666666666
2024-01-30,Geelong South,5.083208333333333
2024-01-30,Melbourne CBD,7.100708333333333
2024-01-30,Melton,6.165666666666667
2024-01-30,Traralgon,5.478416666666667
2024-01-31,Alphington,5.271
2024-01-31,Brighton,4.940375
2024-01-31,Dandenong,5.48775
2024-01-31,Geelong South,4.589583333333334
2024-01-31,Melbourne CBD,6.973458333333333
2024-01-31,Melton,3.2980833333333335
2024-01-31,Traralgon,5.639125
2024-02-01,Alphington,6.274125
2024-02-01,Brighton,6.617958333333333
2024-02-01,Dandenong,5.856333333333334
2024-02-01,Geelong South,4.5026363636363635
2024-02-01,Melbourne CBD,7.100833333333333
2024-02-01,Melton,5.5726249999999995
2024-02-01,Traralgon,5.278041666666667
2024-02-02,Alphington,7.984666666666667
2024-02-02,Brighton,8.657958333333333
2024-02-02,Dandenong,8.222750000000001
2024-02-02,Geelong South,7.184083333333334
2024-02-02,Melbourne CBD,9.628333333333334
2024-02-02,Melton,6.050916666666667
2024-02-02,Traralgon,7.773333333333333
2024-02-03,Alphington,8.899166666666666
2024-02-03,Brighton,9.536208333333333
2024-02-03,Dandenong,6.970875
2024-02-03,Geelong South,7.288541666666666
2024-02-03,Melbourne CBD,11.435625
2024-02-03,Melton,6.756166666666666
2024-02-03,Traralgon,8.164458333333334
2024-02-04,Alphington,8.439041666666666
2024-02-04,Brighton,7.881958333333333
2024-02-04,Dandenong,7.026625
2024-02-04,Geelong South,8.368458333333333
2024-02-04,Melbourne CBD,7.824375
2024-02-04,Melton,6.3661666666666665
2024-02-04,Traralgon,9.686375
2024-02-05,Alphington,5.94675
2024-02-05,Brighton,5.98
2024-02-05,Dandenong,6.085458333333333
2024-02-05,Geelong South,4.798291666666667
2024-02-05,Melbourne CBD,7.999583333333333
2024-02-05,Melton,4.413541666666667
2024-02-05,Traralgon,7.162708333333334
2024-02-06,Alphington,3.324375
2024-02-06,Brighton,3.3175833333333333
2024-02-06,Dandenong,3.2604583333333332
2024-02-06,Geelong South,2.3061666666666665
2024-02-06,Melbourne CBD,4.81675
2024-02-06,Melton,-0.10710000000000006
2024-02-06,Traralgon,3.5498333333333334
2024-02-07,Alphington,3.23025
2024-02-07,Brighton,5.31375
2024-02-07,Dandenong,3.609958333333333
2024-02-07,Geelong South,4.5112000000000005
2024-02-07,Melbourne CBD,5.430791666666667
2024-02-07,Traralgon,3.7937083333333335
2024-02-08,Alphington,6.44275
2024-02-08,Brighton,5.79325
2024-02-08,Dandenong,5.458291666666667
2024-02-08,Melbourne CBD,6.953125
2024-02-08,Melton,6.800375
2024-02-08,Traralgon,4.726166666666667
2024-02-09,Alphington,5.047208333333334
2024-02-09,Brighton,4.993916666666666
2024-02-09,Dandenong,4.104
2024-02-09,Melbourne CBD,5.910166666666667
2024-02-09,Melton,4.568333333333333
2024-02-09,Traralgon,4.654125
2024-02-10,Alphington,10.378458333333333
2024-02-10,Brighton,10.967666666666666
2024-02-10,Dandenong,8.533375
2024-02-10,Melbourne CBD,12.635958333333333
2024-02-10,Melton,7.211125
2024-02-10,Traralgon,6.02325
2024-02-11,Alphington,6.402041666666666
2024-02-11,Brighton,7.474708333333333
2024-02-11,Dandenong,6.452304347826087
2024-02-11,Melbourne CBD,6.790708333333334
2024-02-11,Melton,5.643041666666667
2024-02-11,Traralgon,7.062541666666666
2024-02-12,Alphington,10.057083333333333
2024-02-12,Brighton,11.128
2024-02-12,Dandenong,10.590333333333334
2024-02-12,Melbourne CBD,12.439583333333333
2024-02-12,Melton,8.687041666666667
2024-02-12,Traralgon,7.135083333333333
2024-02-13,Alphington,9.20775
2024-02-13,Brighton,9.817791666666666
2024-02-13,Dandenong,8.726176470588236
2024-02-13,Melbourne CBD,10.216916666666666
2024-02-13,Melton,8.777714285714286
2024-02-13,Traralgon,8.856125
2024-02-14,Alphington,6.093875
2024-02-14,Brighton,5.253458333333334
2024-02-14,Dandenong,4.2134583333333335
2024-02-14,Melbourne CBD,7.701416666666667
2024-02-14,Melton,3.6572916666666666
2024-02-14,Traralgon,5.48475
2024-02-15,Alphington,4.837208333333333
2024-02-15,Brighton,5.472791666666667
2024-02-15,Dandenong,5.638125
2024-02-15,Melbourne CBD,7.089833333333333
2024-02-15,Melton,4.43575
2024-02-15,Traralgon,4.961125
2024-02-16,Alphington,7.485250000000001
2024-02-16,Brighton,6.769041666666666
2024-02-16,Dandenong,6.337875
2024-02-16,Melbourne CBD,8.943249999999999
2024-02-16,Melton,6.7345
2024-02-16,Traralgon,6.766541666666667
2024-02-17,Alphington,8.47125
2024-02-17,Brighton,9.099583333333333
2024-02-17,Dandenong,7.585166666666667
2024-02-17,Melbourne CBD,9.732875
2024-02-17,Melton,6.270291666666667
2024-02-17,Traralgon,7.310666666666666
2024-02-18,Alphington,2.1776666666666666
2024-02-18,Brighton,2.984875
2024-02-18,Dandenong,1.2857916666666667
2024-02-18,Melbourne CBD,2.8778333333333332
2024-02-18,Melton,2.047875
2024-02-18,Traralgon,2.0735833333333336
2024-02-19,Alphington,3.309041666666667
2024-02-19,Brighton,3.406833333333333
2024-02-19,Dandenong,3.345125
2024-02-19,Melbourne CBD,5.826666666666666
2024-02-19,Melton,2.9600833333333334
2024-02-19,Traralgon,3.889125
2024-02-20,Alphington,7.8835
2024-02-20,Brighton,8.775083333333333
2024-02-20,Dandenong,7.040125000000001
2024-02-20,Melbourne CBD,10.075833333333334
2024-02-20,Melton,7.768208333333334
2024-02-20,Traralgon,5.951583333333334
2024-02-21,Alphington,6.660375
2024-02-21,Brighton,7.675125
2024-02-21,Dandenong,5.735125
2024-02-21,Melbourne CBD,7.250333333333333
2024-02-21,Melton,6.047875
2024-02-21,Traralgon,8.008000000000001
2024-02-22,Alphington,6.235291666666667
2024-02-22,Brighton,7.020083333333333
2024-02-22,Dandenong,6.497833333333333
2024-02-22,Melbourne CBD,8.1955
2024-02-22,Melton,5.36775
2024-02-22,Traralgon,6.82825
2024-02-23,Alphington,8.258625
2024-02-23,Brighton,9.483041666666667
2024-02-23,Dandenong,7.258125
2024-02-23,Melbourne CBD,10.733375
2024-02-23,Melton,6.3389999999999995
2024-02-23,Traralgon,6.731173913043478
2024-02-24,Alphington,11.439541666666667
2024-02-24,Brighton,9.642791666666666
2024-02-24,Dandenong,10.322083333333333
2024-02-24,Melbourne CBD,12.414708333333333
2024-02-24,Melton,8.823208333333334
2024-02-24,Traralgon,9.297291666666666
2024-02-25,Alphington,11.616125
2024-02-25,Brighton,13.515208333333334
2024-02-25,Dandenong,12.511916666666668
2024-02-25,Melbourne CBD,14.202333333333334
2024-02-25,Melton,14.350708333333333
2024-02-25,Traralgon,12.561625
2024-02-26,Alphington,5.422958333333333
2024-02-26,Brighton,6.22975
2024-02-26,Dandenong,5.43825
2024-02-26,Melbourne CBD,6.297666666666666
2024-02-26,Melton,3.795909090909091
2024-02-26,Traralgon,5.777583333333333
2024-02-27,Alphington,10.506041666666667
2024-02-27,Brighton,9.390555555555554
2024-02-27,Dandenong,8.658791666666666
2024-02-27,Melbourne CBD,13.347583333333333
2024-02-27,Melton,9.152875
2024-02-27,Traralgon,6.3125
2024-02-28,Alphington,10.131208333333333
2024-02-28,Brighton,12.543875
2024-02-28,Dandenong,10.938125
2024-02-28,Melbourne CBD,12.0525
2024-02-28,Melton,12.278583333333334
2024-02-28,Traralgon,7.912388888888889
2024-02-29,Alphington,8.346833333333334
2024-02-29,Brighton,10.107791666666667
2024-02-29,Dandenong,8.109125
2024-02-29,Melbourne CBD,10.970583333333334
2024-02-29,Melton,5.017291666666667
2024-02-29,Traralgon,9.687125
2024-03-01,Alphington,6.353041666666667
2024-03-01,Brighton,6.688458333333333
2024-03-01,Dandenong,4.6749583333333335
2024-03-01,Melbourne CBD,8.493666666666666
2024-03-01,Melton,4.031208333333334
2024-03-01,Traralgon,5.849166666666667
2024-03-02,Alphington,6.4418750000000005
2024-03-02,Brighton,6.475583333333334
2024-03-02,Dandenong,6.48175
2024-03-02,Melbourne CBD,8.936208333333333
2024-03-02,Melton,4.9904166666666665
2024-03-02,Traralgon,6.381904761904762
2024-03-03,Alphington,8.167583333333333
2024-03-03,Brighton,8.610625
2024-03-03,Dandenong,7.135083333333333
2024-03-03,Melbourne CBD,9.523375
2024-03-03,Melton,6.12825
2024-03-03,Traralgon,7.607291666666667
2024-03-04,Alphington,8.886083333333334
2024-03-04,Brighton,9.04375
2024-03-04,Dandenong,8.906708333333333
2024-03-04,Melbourne CBD,10.452708333333334
2024-03-04,Melton,8.3735
2024-03-04,Traralgon,7.856833333333333
2024-03-05,Alphington,8.254708333333333
2024-03-05,Brighton,8.764416666666667
2024-03-05,Dandenong,8.325565217391306
2024-03-05,Melbourne CBD,11.33475
2024-03-05,Melton,5.965958333333334
2024-03-05,Traralgon,7.707125
2024-03-06,Alphington,9.008944444444445
2024-03-06,Brighton,10.537041666666667
2024-03-06,Dandenong,10.318166666666666
2024-03-06,Melbourne CBD,13.402166666666666
2024-03-06,Melton,6.276291666666666
2024-03-06,Traralgon,9.585041666666667
2024-03-07,Alphington,7.173791666666666
2024-03-07,Brighton,6.620583333333333
2024-03-07,Dandenong,6.476291666666667
2024-03-07,Melbourne CBD,9.13575
2024-03-07,Melton,5.058458333333333
2024-03-07,Traralgon,8.1785
2024-03-08,Alphington,13.90775
2024-03-08,Brighton,13.786083333333332
2024-03-08,Dandenong,12.449666666666667
2024-03-08,Melbourne CBD,16.561583333333335
2024-03-08,Melton,12.98875
2024-03-08,Traralgon,11.105708333333334
2024-03-09,Alphington,12.044166666666667
2024-03-09,Brighton,13.318166666666666
2024-03-09,Dandenong,9.613583333333333
2024-03-09,Melbourne CBD,13.281375
2024-03-09,Melton,10.661791666666666
2024-03-09,Traralgon,10.993791666666667
2024-03-10,Alphington,6.299041666666667
2024-03-10,Brighton,7.474583333333333
2024-03-10,Dandenong,7.902083333333334
2024-03-10,Melbourne CBD,8.116625
2024-03-10,Melton,4.396375
2024-03-10,Traralgon,8.925458333333333
2024-03-11,Alphington,8.923875
2024-03-11,Brighton,8.588958333333332
2024-03-11,Dandenong,9.018416666666667
2024-03-11,Melbourne CBD,10.158375
2024-03-11,Melton,7.288749999999999
2024-03-11,Traralgon,8.863333333333333
2024-03-12,Alphington,8.082166666666666
2024-03-12,Brighton,8.33025
2024-03-12,Dandenong,7.731041666666666
2024-03-12,Melbourne CBD,9.894625
2024-03-12,Melton,4.373166666666667
2024-03-12,Traralgon,7.361416666666667
2024-03-13,Alphington,8.081291666666667
2024-03-13,Brighton,9.203416666666667
2024-03-13,Dandenong,7.945416666666667
2024-03-13,Melbourne CBD,9.85275
2024-03-13,Melton,7.174333333333333
2024-03-13,Traralgon,7.542
2024-03-14,Alphington,7.597541666666666
2024-03-14,Brighton,7.135375
2024-03-14,Dandenong,6.7999583333333335
2024-03-14,Melbourne CBD,10.104166666666666
2024-03-14,Melton,4.350499999999999
2024-03-14,Traralgon,4.899916666666667
2024-03-15,Alphington,5.2985
2024-03-15,Brighton,5.888458333333333
2024-03-15,Dandenong,5.6541250000000005
2024-03-15,Melbourne CBD,7.014055555555555
2024-03-15,Melton,6.627375
2024-03-15,Traralgon,4.188958333333334
2024-03-16,Alphington,5.4470833333333335
2024-03-16,Brighton,6.3544583333333335
2024-03-16,Dandenong,3.752083333333333
2024-03-16,Melbourne CBD,6.876434782608696
2024-03-16,Melton,3.786666666666667
2024-03-16,Traralgon,4.066208333333334
2024-03-17,Alphington,13.195083333333333
2024-03-17,Brighton,13.016833333333334
2024-03-17,Dandenong,5.91575
2024-03-17,Melbourne CBD,9.098823529411765
2024-03-17,Melton,6.014375
2024-03-17,Traralgon,6.931875000000001
2024-03-18,Alphington,11.534958333333334
2024-03-18,Brighton,11.958266666666667
2024-03-18,Dandenong,11.494
2024-03-18,Melton,6.371333333333334
2024-03-18,Traralgon,5.344125
2024-03-19,Alphington,9.885041666666666
2024-03-19,Brighton,6.941
2024-03-19,Dandenong,7.622166666666667
2024-03-19,Melbourne CBD,7.5295000000000005
2024-03-19,Melton,5.301458333333334
2024-03-19,Traralgon,6.87925
2024-03-20,Alphington,3.44875
2024-03-20,Brighton,3.4495
2024-03-20,Dandenong,3.1632083333333334
2024-03-20,Melbourne CBD,5.543875
2024-03-20,Melton,0.8651363636363637
2024-03-20,Traralgon,2.8840833333333333
2024-03-21,Alphington,4.133208333333333
2024-03-21,Brighton,4.9107916666666664
2024-03-21,Dandenong,5.045208333333333
2024-03-21,Melbourne CBD,5.957083333333333
2024-03-21,Melton,2.8548333333333336
2024-03-21,Traralgon,4.7404166666666665
2024-03-22,Alphington,5.945083333333333
2024-03-22,Brighton,6.379958333333333
2024-03-22,Dandenong,5.53775
2024-03-22,Melbourne CBD,7.886666666666667
2024-03-22,Melton,4.740833333333334
2024-03-22,Traralgon,6.353375
2024-03-23,Alphington,5.070125
2024-03-23,Brighton,6.042208333333334
2024-03-23,Dandenong,4.258666666666667
2024-03-23,Melbourne CBD,6.7685
2024-03-23,Melton,2.9446666666666665
2024-03-23,Traralgon,4.442913043478261
2024-03-24,Alphington,5.110916666666666
2024-03-24,Brighton,4.8615
2024-03-24,Dandenong,4.241208333333334
2024-03-24,Melbourne CBD,6.316666666666666
2024-03-24,Melton,4.407875
2024-03-24,Traralgon,5.146916666666667
2024-03-25,Alphington,4.102666666666667
2024-03-25,Brighton,3.8324583333333333
2024-03-25,Dandenong,2.865
2024-03-25,Melbourne CBD,4.991458333333333
2024-03-25,Melton,4.005541666666667
2024-03-25,Traralgon,4.3205
2024-03-26,Alphington,5.351375
2024-03-26,Brighton,5.147208333333333
2024-03-26,Dandenong,5.241583333333334
2024-03-26,Melbourne CBD,6.417166666666667
2024-03-26,Melton,4.63875
2024-03-26,Traralgon,4.842416666666667
2024-03-27,Alphington,4.599291666666667
2024-03-27,Brighton,3.570217391304348
2024-03-27,Dandenong,3.301625
2024-03-27,Melbourne CBD,7.188166666666667
2024-03-27,Melton,3.8263333333333334
2024-03-27,Traralgon,7.151681818181818
2024-03-28,Alphington,3.669
2024-03-28,Box Hill,2.752666666666667
2024-03-28,Brighton,3.477333333333333
2024-03-28,Dandenong,3.603416666666667
2024-03-28,Melbourne CBD,4.915375
2024-03-28,Melton,1.8977499999999998
2024-03-28,Traralgon,7.434041666666666
2024-03-29,Alphington,16.446166666666667
2024-03-29,Box Hill,14.731874999999999
2024-03-29,Brighton,21.692041666666668
2024-03-29,Dandenong,16.707250000000002
2024-03-29,Melbourne CBD,19.486666666666668
2024-03-29,Melton,14.331666666666667
2024-03-29,Traralgon,18.335958333333334
2024-03-30,Alphington,27.669125
2024-03-30,Box Hill,25.053166666666666
2024-03-30,Brighton,27.049666666666667
2024-03-30,Dandenong,28.30918181818182
2024-03-30,Melbourne CBD,28.816541666666666
2024-03-30,Melton,19.58416666666667
2024-03-30,Traralgon,35.59729166666666
2024-03-31,Alphington,31.5975
2024-03-31,Box Hill,18.436833333333333
2024-03-31,Brighton,33.238166666666665
2024-03-31,Dandenong,30.009999999999998
2024-03-31,Melbourne CBD,31.447499999999998
2024-03-31,Melton,29.229041666666667
2024-03-31,Traralgon,21.50316666666667
2024-04-01,Alphington,19.51125
2024-04-01,Box Hill,13.035318181818182
2024-04-01,Brighton,17.29705882352941
2024-04-01,Dandenong,9.504999999999999
2024-04-01,Melbourne CBD,17.706791666666668
2024-04-01,Melton,30.010458333333336
2024-04-01,Traralgon,13.929291666666666
2024-04-02,Alphington,1.9760833333333334
2024-04-02,Box Hill,2.4695416666666667
2024-04-02,Dandenong,2.8737083333333335
2024-04-02,Melbourne CBD,4.0776666666666666
2024-04-02,Melton,1.3439166666666666
2024-04-02,Traralgon,7.198416666666667
2024-04-03,Alphington,3.6679999999999997
2024-04-03,Box Hill,3.7496666666666667
2024-04-03,Brighton,6.801
2024-04-03,Dandenong,3.7295833333333333
2024-04-03,Melbourne CBD,5.5295
2024-04-03,Melton,1.259375
2024-04-03,Traralgon,5.462541666666667
2024-04-04,Alphington,3.789875
2024-04-04,Box Hill,4.0616666666666665
2024-04-04,Brighton,5.688166666666667
2024-04-04,Dandenong,5.0987
2024-04-04,Melbourne CBD,6.442875
2024-04-04,Melton,2.9447083333333333
2024-04-04,Traralgon,5.103166666666667
2024-04-05,Alphington,6.313583333333333
2024-04-05,Box Hill,5.994791666666666
2024-04-05,Brighton,6.840166666666667
2024-04-05,Dandenong,6.062083333333334
2024-04-05,Melbourne CBD,9.041833333333333
2024-04-05,Melton,7.383166666666667
2024-04-05,Traralgon,4.778875
2024-04-06,Alphington,5.340583333333334
2024-04-06,Box Hill,3.5216666666666665
2024-04-06,Brighton,4.125333333333334
2024-04-06,Dandenong,3.5197083333333334
2024-04-06,Melbourne CBD,6.899041666666667
2024-04-06,Melton,3.849041666666667
2024-04-06,Traralgon,4.9206666666666665
2024-04-07,Alphington,4.016708333333333
2024-04-07,Box Hill,2.7831739130434783
2024-04-07,Brighton,5.161869565217391
2024-04-07,Dandenong,3.5105833333333334
2024-04-07,Melbourne CBD,6.045391304347826
2024-04-07,Melton,3.08075
2024-04-07,Traralgon,3.455416666666667
2024-04-08,Alphington,3.5423750000000003
2024-04-08,Box Hill,2.377083333333333
2024-04-08,Brighton,3.7243333333333335
2024-04-08,Dandenong,2.7572916666666667
2024-04-08,Melbourne CBD,5.671083333333334
2024-04-08,Melton,1.2596250000000002
2024-04-08,Traralgon,5.593958333333333
2024-04-09,Alphington,3.2755
2024-04-09,Box Hill,1.6474583333333332
2024-04-09,Brighton,3.295375
2024-04-09,Dandenong,2.8179166666666666
2024-04-09,Melbourne CBD,5.553916666666667
2024-04-09,Melton,1.0729583333333335
2024-04-09,Traralgon,2.818875
2024-04-10,Alphington,3.473125
2024-04-10,Box Hill,2.03375
2024-04-10,Brighton,2.8589166666666666
2024-04-10,Dandenong,2.0056666666666665
2024-04-10,Melbourne CBD,5.220583333333333
2024-04-10,Melton,1.356375
2024-04-10,Traralgon,3.9704583333333336
2024-04-11,Alphington,3.1847083333333335
2024-04-11,Box Hill,1.72225
2024-04-11,Brighton,2.4607391304347828
2024-04-11,Dandenong,2.0893333333333333
2024-04-11,Melbourne CBD,4.860708333333333
2024-04-11,Melton,0.44041666666666673
2024-04-11,Traralgon,3.0842916666666667
2024-04-12,Alphington,4.479375
2024-04-12,Box Hill,2.411826086956522
2024-04-12,Brighton,2.200041666666667
2024-04-12,Dandenong,3.164
2024-04-12,Melbourne CBD,4.31575
2024-04-12,Melton,1.0815416666666666
2024-04-12,Traralgon,3.802791666666667
2024-04-13,Alphington,3.7507083333333333
2024-04-13,Box Hill,3.4453333333333336
2024-04-13,Brighton,4.224125
2024-04-13,Dandenong,2.7217083333333334
2024-04-13,Melbourne CBD,5.079458333333333
2024-04-13,Melton,1.6042083333333335
2024-04-13,Traralgon,3.6805
2024-04-14,Alphington,9.867125
2024-04-14,Box Hill,6.308466666666667
2024-04-14,Brighton,8.442583333333333
2024-04-14,Dandenong,5.927083333333333
2024-04-14,Melbourne CBD,9.830291666666666
2024-04-14,Melton,8.316708333333334
2024-04-14,Traralgon,5.6401666666666666
2024-04-15,Alphington,8.47725
2024-04-15,Box Hill,7.0375000000000005
2024-04-15,Brighton,7.7705652173913045
2024-04-15,Dandenong,6.063666666666666
2024-04-15,Melbourne CBD,9.336583333333333
2024-04-15,Melton,8.326958333333334
2024-04-15,Traralgon,6.866958333333334
2024-04-16,Alphington,5.6342083333333335
2024-04-16,Box Hill,4.516916666666667
2024-04-16,Brighton,3.89825
2024-04-16,Dandenong,5.5211250000000005
2024-04-16,Melbourne CBD,6.770041666666667
2024-04-16,Melton,2.004125
2024-04-16,Traralgon,6.428416666666666
2024-04-17,Alphington,4.887041666666667
2024-04-17,Box Hill,4.375761904761905
2024-04-17,Brighton,4.349875
2024-04-17,Dandenong,4.251541666666666
2024-04-17,Melbourne CBD,6.885208333333333
2024-04-17,Melton,1.8659583333333334
2024-04-17,Traralgon,11.784083333333333
2024-04-18,Alphington,3.3865833333333333
2024-04-18,Box Hill,2.984933333333333
2024-04-18,Brighton,2.7430416666666666
2024-04-18,Dandenong,2.2065
2024-04-18,Melbourne CBD,4.766
2024-04-18,Melton,0.40741666666666676
2024-04-18,Traralgon,4.617666666666667
2024-04-19,Alphington,4.142833333333333
2024-04-19,Box Hill,3.0638571428571426
2024-04-19,Brighton,3.4250416666666665
2024-04-19,Dandenong,3.0846666666666667
2024-04-19,Melbourne CBD,6.183333333333334
2024-04-19,Melton,1.084375
2024-04-19,Traralgon,6.243666666666667
2024-04-20,Alphington,7.330875
2024-04-20,Box Hill,3.276818181818182
2024-04-20,Brighton,7.344625
2024-04-20,Dandenong,5.087416666666666
2024-04-20,Melbourne CBD,7.598708333333334
2024-04-20,Melton,5.066583333333334
2024-04-20,Traralgon,6.632958333333333
2024-04-21,Alphington,13.966625
2024-04-21,Box Hill,9.570142857142857
2024-04-21,Brighton,10.057333333333334
2024-04-21,Dandenong,8.280125
2024-04-21,Melbourne CBD,9.499083333333333
2024-04-21,Melton,4.7385
2024-04-21,Traralgon,5.764666666666667
2024-04-22,Alphington,21.440083333333334
2024-04-22,Box Hill,19.905
2024-04-22,Brighton,19.53175
2024-04-22,Dandenong,16.984125
2024-04-22,Melbourne CBD,22.228266666666666
2024-04-22,Melton,19.556208333333334
2024-04-22,Traralgon,11.557583333333334
2024-04-23,Alphington,19.983166666666666
2024-04-23,Box Hill,15.188857142857144
2024-04-23,Brighton,18.868055555555557
2024-04-23,Dandenong,16.1775
2024-04-23,Melbourne CBD,16.455916666666667
2024-04-23,Melton,13.782124999999999
2024-04-23,Traralgon,24.620833333333334
2024-04-24,Alphington,4.04875
2024-04-24,Box Hill,3.45275
2024-04-24,Brighton,3.41225
2024-04-24,Dandenong,4.007708333333333
2024-04-24,Melbourne CBD,5.9675416666666665
2024-04-24,Melton,2.8765416666666668
2024-04-24,Traralgon,5.152916666666666
2024-04-25,Alphington,2.8934583333333332
2024-04-25,Box Hill,3.989708333333333
2024-04-25,Brighton,2.9062916666666667
2024-04-25,Dandenong,2.549375
2024-04-25,Melbourne CBD,4.946541666666667
2024-04-25,Melton,0.9000416666666667
2024-04-25,Traralgon,3.199333333333333
2024-04-26,Alphington,4.109
2024-04-26,Box Hill,3.8371250000000003
2024-04-26,Brighton,3.7829166666666665
2024-04-26,Dandenong,2.744875
2024-04-26,Melbourne CBD,4.69375
2024-04-26,Melton,1.3799583333333334
2024-04-26,Traralgon,3.6625
2024-04-27,Alphington,8.396583333333334
2024-04-27,Box Hill,4.323875
2024-04-27,Brighton,6.009125
2024-04-27,Dandenong,3.7691666666666666
2024-04-27,Melbourne CBD,5.923291666666667
2024-04-27,Melton,3.5362083333333336
2024-04-27,Traralgon,8.275041666666667
2024-04-28,Alphington,16.624458333333333
2024-04-28,Box Hill,12.156208333333334
2024-04-28,Brighton,13.976666666666667
2024-04-28,Dandenong,11.77725
2024-04-28,Melbourne CBD,12.578625
2024-04-28,Melton,8.743458333333333
2024-04-28,Traralgon,13.692625
2024-04-29,Alphington,10.470708333333333
2024-04-29,Box Hill,6.117333333333334
2024-04-29,Brighton,7.046208333333333
2024-04-29,Dandenong,7.095083333333333
2024-04-29,Melbourne CBD,9.25475
2024-04-29,Melton,4.56825
2024-04-29,Traralgon,11.011
2024-04-30,Alphington,3.7772083333333333
2024-04-30,Box Hill,2.9529166666666664
2024-04-30,Brighton,3.918
2024-04-30,Dandenong,4.3072083333333335
2024-04-30,Melbourne CBD,5.122458333333333
2024-04-30,Melton,1.5269166666666667
2024-04-30,Traralgon,8.185666666666666
2024-05-01,Alphington,7.105208333333334
2024-05-01,Box Hill,5.904125
2024-05-01,Brighton,6.027333333333333
2024-05-01,Dandenong,6.3726666666666665
2024-05-01,Melbourne CBD,6.38575
2024-05-01,Melton,2.202333333333333
2024-05-01,Traralgon,10.027166666666666
2024-05-02,Alphington,13.47525
2024-05-02,Box Hill,8.828291666666667
2024-05-02,Brighton,10.975666666666667
2024-05-02,Dandenong,6.9595416666666665
2024-05-02,Melbourne CBD,12.915416666666665
2024-05-02,Melton,6.669708333333333
2024-05-02,Traralgon,6.167458333333333
2024-05-03,Alphington,21.11825
2024-05-03,Box Hill,11.738583333333333
2024-05-03,Brighton,14.48275
2024-05-03,Dandenong,8.908416666666668
2024-05-03,Melbourne CBD,16.59625
2024-05-03,Melton,10.87205
2024-05-03,Traralgon,7.0369166666666665
2024-05-04,Alphington,25.988666666666667
2024-05-04,Box Hill,17.955458333333333
2024-05-04,Brighton,20.478708333333334
2024-05-04,Dandenong,14.274750000000003
2024-05-04,Melbourne CBD,19.286458333333332
2024-05-04,Melton,9.68325
2024-05-04,Traralgon,6.318
2024-05-05,Alphington,20.838291666666663
2024-05-05,Box Hill,17.142
2024-05-05,Brighton,17.641624999999998
2024-05-05,Dandenong,13.948583333333334
2024-05-05,Melbourne CBD,21.019041666666666
2024-05-05,Melton,7.4768333333333334
2024-05-05,Traralgon,4.383666666666667
2024-05-06,Alphington,6.099916666666667
2024-05-06,Box Hill,5.1200833333333335
2024-05-06,Brighton,5.654583333333333
2024-05-06,Dandenong,5.615125
2024-05-06,Melbourne CBD,7.544625
2024-05-06,Melton,3.1876249999999997
2024-05-06,Traralgon,4.6382916666666665
2024-05-07,Alphington,14.042428571428571
2024-05-07,Box Hill,10.541166666666667
2024-05-07,Brighton,13.180541666666667
2024-05-07,Dandenong,12.354041666666667
2024-05-07,Melbourne CBD,13.54975
2024-05-07,Melton,8.198458333333333
2024-05-07,Traralgon,5.507958333333333
2024-05-08,Alphington,23.809583333333332
2024-05-08,Box Hill,18.080375
2024-05-08,Brighton,20.965541666666667
2024-05-08,Dandenong,16.484
2024-05-08,Melbourne CBD,24.86375
2024-05-08,Melton,17.875416666666666
2024-05-08,Traralgon,6.260227272727272
2024-05-09,Alphington,29.449
2024-05-09,Box Hill,25.387708333333332
2024-05-09,Brighton,27.433291666666666
2024-05-09,Dandenong,23.046333333333333
2024-05-09,Melbourne CBD,27.605916666666666
2024-05-09,Melton,14.588416666666667
2024-05-09,Traralgon,5.02025
2024-05-10,Alphington,15.145666666666667
2024-05-10,Box Hill,11.508791666666667
2024-05-10,Brighton,13.727833333333333
2024-05-10,Dandenong,10.148125
2024-05-10,Melbourne CBD,15.791041666666667
2024-05-10,Melton,10.892375
2024-05-10,Traralgon,5.428541666666667
2024-05-11,Alphington,11.895083333333334
2024-05-11,Box Hill,5.810291666666667
2024-05-11,Brighton,3.333875
2024-05-11,Dandenong,2.8317083333333333
2024-05-11,Melbourne CBD,6.29325
2024-05-11,Melton,5.452708333333333
2024-05-11,Traralgon,3.4491666666666667
2024-05-12,Alphington,15.185333333333332
2024-05-12,Box Hill,10.55025
2024-05-12,Brighton,13.425666666666666
2024-05-12,Dandenong,9.360333333333333
2024-05-12,Melbourne CBD,12.484833333333334
2024-05-12,Melton,5.651666666666666
2024-05-12,Traralgon,4.522772727272727
2024-05-13,Alphington,11.921583333333333
2024-05-13,Box Hill,9.767416666666666
2024-05-13,Brighton,13.099458333333333
2024-05-13,Dandenong,9.434125
2024-05-13,Melbourne CBD,15.318125
2024-05-13,Melton,5.293416666666666
2024-05-13,Traralgon,7.239416666666667
2024-05-14,Alphington,6.425083333333333
2024-05-14,Box Hill,5.534125
2024-05-14,Brighton,7.19325
2024-05-14,Dandenong,6.162916666666667
2024-05-14,Melbourne CBD,7.532636363636364
2024-05-14,Melton,2.8110416666666667
2024-05-14,Traralgon,7.493166666666666
2024-05-15,Alphington,11.004958333333333
2024-05-15,Box Hill,8.258333333333333
2024-05-15,Brighton,12.676874999999999
2024-05-15,Dandenong,9.004041666666666
2024-05-15,Melton,6.497583333333333
2024-05-15,Traralgon,10.419
2024-05-16,Alphington,11.537375
2024-05-16,Box Hill,9.556541666666666
2024-05-16,Brighton,13.882416666666666
2024-05-16,Dandenong,11.056875
2024-05-16,Melton,7.093166666666667
2024-05-16,Traralgon,9.099833333333333
2024-05-17,Alphington,8.662375
2024-05-17,Box Hill,7.371041666666667
2024-05-17,Brighton,9.670541666666667
2024-05-17,Dandenong,7.629333333333333
2024-05-17,Macleod,8.883
2024-05-17,Melton,6.6777500000000005
2024-05-17,Traralgon,9.313416666666667
2024-05-18,Alphington,12.144125
2024-05-18,Box Hill,8.155791666666667
2024-05-18,Brighton,9.612833333333333
2024-05-18,Dandenong,8.517875
2024-05-18,Melton,5.641916666666667
2024-05-18,Traralgon,11.314874999999999
2024-05-19,Alphington,13.009625
2024-05-19,Box Hill,9.145125
2024-05-19,Brighton,5.034
2024-05-19,Dandenong,8.354333333333333
2024-05-19,Melton,3.688375
2024-05-19,Traralgon,5.7383750000000004
2024-05-20,Alphington,3.823375
2024-05-20,Box Hill,2.76625
2024-05-20,Brighton,2.02975
2024-05-20,Dandenong,2.9864166666666665
2024-05-20,Melton,1.7322916666666668
2024-05-20,Traralgon,5.9150833333333335
2024-05-21,Alphington,7.4565
2024-05-21,Box Hill,5.8347500000000005
2024-05-21,Brighton,6.000083333333334
2024-05-21,Dandenong,8.489041666666667
2024-05-21,Melton,2.528875
2024-05-21,Traralgon,9.974541666666667
2024-05-22,Alphington,11.713652173913044
2024-05-22,Box Hill,9.2685
2024-05-22,Brighton,9.749791666666667
2024-05-22,Dandenong,10.383375000000001
2024-05-22,Melbourne CBD,8.318999999999999
2024-05-22,Melton,5.146708333333333
2024-05-22,Traralgon,12.526458333333334
2024-05-23,Alphington,14.804916666666667
2024-05-23,Box Hill,9.2615
2024-05-23,Brighton,8.834333333333333
2024-05-23,Dandenong,9.137375
2024-05-23,Melbourne CBD,11.4275
2024-05-23,Melton,4.45975
2024-05-23,Traralgon,12.284791666666667
2024-05-24,Alphington,14.714
2024-05-24,Box Hill,10.391875
2024-05-24,Brighton,11.79975
2024-05-24,Dandenong,11.175166666666668
2024-05-24,Melbourne CBD,12.173416666666666
2024-05-24,Melton,4.5825
2024-05-24,Traralgon,10.38075
2024-05-25,Alphington,19.372791666666668
2024-05-25,Box Hill,15.374375
2024-05-25,Brighton,22.114874999999998
2024-05-25,Dandenong,17.027375
2024-05-25,Melbourne CBD,15.144416666666666
2024-05-25,Melton,8.201916666666666
2024-05-25,Traralgon,8.726125000000001
2024-05-26,Alphington,22.757
2024-05-26,Box Hill,15.478458333333332
2024-05-26,Brighton,27.996583333333334
2024-05-26,Dandenong,19.824166666666667
2024-05-26,Macleod,33.102
2024-05-26,Melbourne CBD,21.784666666666666
2024-05-26,Melton,12.430083333333334
2024-05-26,Traralgon,15.013833333333332
2024-05-27,Alphington,16.107333333333333
2024-05-27,Box Hill,9.164666666666667
2024-05-27,Brighton,13.3405
2024-05-27,Dandenong,8.739125
2024-05-27,Macleod,2.995
2024-05-27,Melbourne CBD,14.137500000000001
2024-05-27,Melton,6.608083333333333
2024-05-27,Traralgon,15.805833333333334
2024-05-28,Alphington,10.089375
2024-05-28,Box Hill,6.947708333333333
2024-05-28,Brighton,7.79725
2024-05-28,Dandenong,6.185666666666667
2024-05-28,Melbourne CBD,9.238791666666668
2024-05-28,Melton,5.941083333333333
2024-05-28,Traralgon,14.090208333333333
2024-05-29,Box Hill,7.454541666666667
2024-05-29,Brighton,10.812625
2024-05-29,Dandenong,8.238875
2024-05-29,Melbourne CBD,9.5405
2024-05-29,Melton,8.874916666666667
2024-05-29,Traralgon,17.856125000000002
2024-05-30,Box Hill,4.746666666666666
2024-05-30,Brighton,6.398458333333333
2024-05-30,Dandenong,4.3853333333333335
2024-05-30,Macleod,0.8131250000000002
2024-05-30,Melbourne CBD,6.614833333333333
2024-05-30,Melton,3.3395833333333336
2024-05-30,Traralgon,15.244166666666667
2024-05-31,Alphington,6.352785714285714
2024-05-31,Box Hill,4.801125
2024-05-31,Brighton,4.718041666666667
2024-05-31,Dandenong,4.0235
2024-05-31,Macleod,2.8446666666666665
2024-05-31,Melbourne CBD,4.928916666666667
2024-05-31,Melton,2.3137916666666665
2024-05-31,Traralgon,6.704041666666667
2024-06-01,Alphington,9.419083333333333
2024-06-01,Box Hill,5.565291666666667
2024-06-01,Brighton,6.255458333333333
2024-06-01,Dandenong,4.436125
2024-06-01,Macleod,4.382818181818181
2024-06-01,Melbourne CBD,6.261416666666666
2024-06-01,Melton,3.657583333333333
2024-06-01,Traralgon,11.421541666666668
2024-06-02,Alphington,9.485333333333333
2024-06-02,Box Hill,5.87975
2024-06-02,Brighton,6.08125
2024-06-02,Dandenong,6.715875
2024-06-02,Macleod,3.7588749999999997
2024-06-02,Melbourne CBD,6.297541666666667
2024-06-02,Melton,1.9827916666666667
2024-06-02,Traralgon,8.178833333333333
2024-06-03,Alphington,4.690541666666666
2024-06-03,Box Hill,3.568541666666667
2024-06-03,Brighton,3.6807499999999997
2024-06-03,Dandenong,2.518291666666667
2024-06-03,Macleod,2.8975
2024-06-03,Melbourne CBD,7.00075
2024-06-03,Melton,2.7632083333333335
2024-06-03,Traralgon,5.835875
2024-06-04,Alphington,6.691125
2024-06-04,Box Hill,5.323833333333333
2024-06-04,Brighton,5.8079583333333336
2024-06-04,Dandenong,4.05125
2024-06-04,Geelong South,5.228928571428572
2024-06-04,Macleod,2.248625
2024-06-04,Melbourne CBD,5.380791666666666
2024-06-04,Melton,2.8619583333333334
2024-06-04,Traralgon,4.738958333333334
2024-06-05,Alphington,12.254541666666666
2024-06-05,Box Hill,7.8008750000000004
2024-06-05,Brighton,6.508875
2024-06-05,Dandenong,7.278666666666667
2024-06-05,Geelong South,4.9667916666666665
2024-06-05,Macleod,6.813083333333333
2024-06-05,Melbourne CBD,9.791583333333334
2024-06-05,Melton,5.4976666666666665
2024-06-05,Traralgon,10.265166666666667
2024-06-06,Alphington,10.304625
2024-06-06,Box Hill,6.840000000000001
2024-06-06,Brighton,8.598458333333333
2024-06-06,Dandenong,8.744833333333334
2024-06-06,Geelong South,3.897625
2024-06-06,Macleod,5.530458333333334
2024-06-06,Melbourne CBD,9.1725
2024-06-06,Melton,3.611291666666667
2024-06-06,Traralgon,6.9833181818181815
2024-06-07,Alphington,3.8285
2024-06-07,Box Hill,3.45275
2024-06-07,Brighton,4.083291666666667
2024-06-07,Dandenong,4.728666666666666
2024-06-07,Geelong South,1.7257916666666666
2024-06-07,Macleod,2.97425
2024-06-07,Melbourne CBD,5.1258333333333335
2024-06-07,Melton,3.3021249999999998
2024-06-07,Traralgon,7.805499999999999
2024-06-08,Alphington,9.439833333333333
2024-06-08,Box Hill,7.388625
2024-06-08,Brighton,5.593166666666667
2024-06-08,Dandenong,4.871541666666666
2024-06-08,Geelong South,3.5597083333333335
2024-06-08,Macleod,5.0670416666666664
2024-06-08,Melbourne CBD,6.034416666666667
2024-06-08,Melton,4.713791666666667
2024-06-08,Traralgon,8.619625
2024-06-09,Alphington,7.412875
2024-06-09,Box Hill,7.970291666666666
2024-06-09,Brighton,4.2204999999999995
2024-06-09,Dandenong,5.683666666666666
2024-06-09,Geelong South,3.531125
2024-06-09,Macleod,4.492375
2024-06-09,Melbourne CBD,5.6025833333333335
2024-06-09,Melton,3.565875
2024-06-09,Traralgon,6.40125
2024-06-10,Alphington,7.295958333333333
2024-06-10,Box Hill,5.367958333333333
2024-06-10,Brighton,6.508958333333333
2024-06-10,Dandenong,4.508791666666667
2024-06-10,Geelong South,3.1825
2024-06-10,Macleod,2.9097916666666666
2024-06-10,Melbourne CBD,5.573666666666667
2024-06-10,Melton,3.218375
2024-06-10,Traralgon,9.828375
2024-06-11,Alphington,3.447916666666667
2024-06-11,Box Hill,2.91125
2024-06-11,Brighton,4.713416666666666
2024-06-11,Dandenong,2.0243333333333333
2024-06-11,Geelong South,1.3936666666666668
2024-06-11,Macleod,0.9697916666666666
2024-06-11,Melbourne CBD,4.477458333333334
2024-06-11,Melton,2.936208333333333
2024-06-11,Traralgon,4.6818333333333335
2024-06-12,Alphington,4.240458333333334
2024-06-12,Box Hill,5.443625
2024-06-12,Brighton,5.484333333333334
2024-06-12,Dandenong,4.374583333333334
2024-06-12,Geelong South,5.000375
2024-06-12,Macleod,4.755083333333333
2024-06-12,Melbourne CBD,7.470416666666667
2024-06-12,Melton,3.2889583333333334
2024-06-12,Traralgon,6.703652173913044
2024-06-13,Alphington,8.416041666666667
2024-06-13,Box Hill,6.769541666666667
2024-06-13,Brighton,6.79325
2024-06-13,Dandenong,6.042958333333333
2024-06-13,Geelong South,3.198375
2024-06-13,Macleod,4.000125
2024-06-13,Melbourne CBD,8.180958333333333
2024-06-13,Melton,2.1390416666666665
2024-06-13,Traralgon,9.789666666666665
2024-06-14,Alphington,17.458541666666665
2024-06-14,Box Hill,14.25625
2024-06-14,Brighton,16.77145833333333
2024-06-14,Dandenong,10.577791666666666
2024-06-14,Geelong South,7.308791666666667
2024-06-14,Macleod,12.235
2024-06-14,Melbourne CBD,15.697208333333332
2024-06-14,Melton,9.769416666666666
2024-06-14,Traralgon,6.8155
2024-06-15,Alphington,19.273791666666668
2024-06-15,Box Hill,12.817499999999999
2024-06-15,Brighton,5.634875
2024-06-15,Dandenong,4.334833333333333
2024-06-15,Geelong South,2.4095416666666667
2024-06-15,Macleod,11.065708333333333
2024-06-15,Melbourne CBD,15.871916666666666
2024-06-15,Melton,3.5377916666666667
2024-06-15,Traralgon,10.324583333333335
2024-06-16,Alphington,12.15325
2024-06-16,Box Hill,7.850416666666667
2024-06-16,Brighton,7.269583333333333
2024-06-16,Dandenong,7.456541666666667
2024-06-16,Geelong South,3.93525
2024-06-16,Macleod,6.668958333333333
2024-06-16,Melbourne CBD,7.9671666666666665
2024-06-16,Melton,3.1225
2024-06-16,Traralgon,9.90475
2024-06-17,Alphington,6.881
2024-06-17,Box Hill,6.188
2024-06-17,Brighton,6.665958333333333
2024-06-17,Dandenong,8.062458333333334
2024-06-17,Geelong South,6.253375
2024-06-17,Macleod,4.274041666666667
2024-06-17,Melbourne CBD,8.614083333333333
2024-06-17,Melton,2.883
2024-06-17,Traralgon,11.757666666666667
2024-06-18,Alphington,13.472
2024-06-18,Box Hill,9.79675
2024-06-18,Brighton,10.225249999999999
2024-06-18,Dandenong,10.79325
2024-06-18,Geelong South,5.5597916666666665
2024-06-18,Macleod,8.542833333333334
2024-06-18,Melbourne CBD,10.477125
2024-06-18,Melton,5.635
2024-06-18,Traralgon,17.203791666666667
2024-06-19,Alphington,14.322999999999999
2024-06-19,Box Hill,10.947708333333333
2024-06-19,Brighton,12.963916666666666
2024-06-19,Dandenong,10.391875
2024-06-19,Geelong South,10.922625
2024-06-19,Macleod,8.890458333333333
2024-06-19,Melbourne CBD,13.547375
2024-06-19,Melton,7.559708333333333
2024-06-19,Traralgon,14.892041666666666
2024-06-20,Alphington,10.772166666666667
2024-06-20,Box Hill,7.263166666666667
2024-06-20,Brighton,9.429625
2024-06-20,Dandenong,9.883458333333333
2024-06-20,Geelong South,11.784458333333333
2024-06-20,Macleod,8.784666666666666
2024-06-20,Melbourne CBD,11.69925
2024-06-20,Melton,10.515105263157896
2024-06-20,Traralgon,21.072458333333334
2024-06-21,Alphington,15.077583333333333
2024-06-21,Box Hill,10.925083333333333
2024-06-21,Brighton,13.570333333333334
2024-06-21,Dandenong,12.043291666666667
2024-06-21,Geelong South,7.024916666666667
2024-06-21,Macleod,10.711041666666667
2024-06-21,Melbourne CBD,13.462208333333333
2024-06-21,Melton,6.564583333333333
2024-06-21,Traralgon,13.208416666666668
2024-06-22,Alphington,12.392208333333333
2024-06-22,Box Hill,9.909916666666666
2024-06-22,Brighton,7.5317083333333334
2024-06-22,Dandenong,8.036
2024-06-22,Geelong South,4.714
2024-06-22,Macleod,5.584833333333333
2024-06-22,Melbourne CBD,8.650583333333334
2024-06-22,Melton,2.392
2024-06-22,Traralgon,17.412916666666668
2024-06-23,Alphington,15.422958333333334
2024-06-23,Box Hill,10.472583333333333
2024-06-23,Brighton,11.971041666666666
2024-06-23,Dandenong,8.642416666666666
2024-06-23,Geelong South,9.157166666666667
2024-06-23,Macleod,9.26825
2024-06-23,Melbourne CBD,15.039375
2024-06-23,Melton,6.750625
2024-06-23,Traralgon,17.726958333333332
2024-06-24,Alphington,9.488958333333333
2024-06-24,Box Hill,5.4985
2024-06-24,Brighton,7.554791666666667
2024-06-24,Dandenong,4.902833333333334
2024-06-24,Geelong South,11.382125
2024-06-24,Macleod,3.009
2024-06-24,Melbourne CBD,7.373958333333333
2024-06-24,Melton,6.596541666666667
2024-06-24,Traralgon,15.074105263157895
2024-06-25,Alphington,3.4787916666666665
2024-06-25,Box Hill,2.855277777777778
2024-06-25,Brighton,3.1715416666666667
2024-06-25,Dandenong,1.6937916666666668
2024-06-25,Geelong South,3.256291666666667
2024-06-25,Macleod,0.5425833333333334
2024-06-25,Melbourne CBD,4.09225
2024-06-25,Melton,1.4881666666666666
2024-06-25,Traralgon,8.307166666666667
2024-06-26,Alphington,3.0435833333333333
2024-06-26,Box Hill,2.4686666666666666
2024-06-26,Brighton,3.094625
2024-06-26,Dandenong,1.9663333333333333
2024-06-26,Geelong South,2.495625
2024-06-26,Macleod,0.22854166666666662
2024-06-26,Melbourne CBD,2.29
2024-06-26,Melton,1.8799166666666667
2024-06-26,Traralgon,8.8645
2024-06-27,Alphington,4.0569999999999995
2024-06-27,Box Hill,3.7422083333333336
2024-06-27,Brighton,6.005521739130434
2024-06-27,Dandenong,2.954625
2024-06-27,Geelong South,4.541916666666666
2024-06-27,Macleod,1.8355416666666666
2024-06-27,Melbourne CBD,3.45525
2024-06-27,Melton,1.697625
2024-06-27,Traralgon,12.248833333333334
2024-06-28,Alphington,3.3852083333333334
2024-06-28,Box Hill,2.1689166666666666
2024-06-28,Brighton,4.311166666666667
2024-06-28,Dandenong,2.4854583333333333
2024-06-28,Geelong South,5.410875
2024-06-28,Macleod,0.9266666666666666
2024-06-28,Melbourne CBD,3.2488333333333332
2024-06-28,Melton,2.484875
2024-06-28,Traralgon,9.012041666666667
2024-06-29,Alphington,3.962833333333333
2024-06-29,Box Hill,3.6569583333333338
2024-06-29,Brighton,3.502416666666667
2024-06-29,Dandenong,2.8459583333333334
2024-06-29,Geelong South,1.4962916666666666
2024-06-29,Macleod,1.793125
2024-06-29,Melbourne CBD,4.845958333333333
2024-06-29,Melton,2.222083333333333
2024-06-29,Traralgon,6.498833333333334
2024-06-30,Alphington,5.3575
2024-06-30,Box Hill,6.280374999999999
2024-06-30,Brighton,6.069375
2024-06-30,Dandenong,3.798833333333333
2024-06-30,Geelong South,3.431791666666667
2024-06-30,Macleod,1.948208333333333
2024-06-30,Melbourne CBD,4.446625
2024-06-30,Melton,3.1014583333333334
2024-06-30,Traralgon,7.697875
2024-07-01,Alphington,8.90625
2024-07-01,Box Hill,6.860166666666666
2024-07-01,Brighton,6.111416666666667
2024-07-01,Dandenong,7.2130833333333335
2024-07-01,Geelong South,3.3768333333333334
2024-07-01,Macleod,4.284708333333334
2024-07-01,Melbourne CBD,6.018791666666667
2024-07-01,Melton,2.533541666666667
2024-07-01,Traralgon,8.980041666666667
2024-07-02,Alphington,9.6795
2024-07-02,Box Hill,6.519291666666666
2024-07-02,Brighton,10.821458333333334
2024-07-02,Dandenong,8.890875
2024-07-02,Geelong South,3.7120416666666665
2024-07-02,Macleod,6.13725
2024-07-02,Melbourne CBD,8.061958333333333
2024-07-02,Melton,7.955833333333333
2024-07-02,Traralgon,13.584541666666667
2024-07-03,Alphington,20.729
2024-07-03,Box Hill,12.043791666666667
2024-07-03,Brighton,17.764125
2024-07-03,Dandenong,12.325875
2024-07-03,Geelong South,11.834375
2024-07-03,Macleod,13.680041666666666
2024-07-03,Melbourne CBD,20.162666666666667
2024-07-03,Melton,8.167083333333334
2024-07-03,Traralgon,10.618958333333333
2024-07-04,Alphington,28.918666666666667
2024-07-04,Box Hill,20.494833333333332
2024-07-04,Brighton,13.63475
2024-07-04,Dandenong,11.63675
2024-07-04,Geelong South,8.10625
2024-07-04,Macleod,19.250625
2024-07-04,Melbourne CBD,23.974333333333334
2024-07-04,Melton,10.424
2024-07-04,Traralgon,4.930375
2024-07-05,Alphington,17.7815
2024-07-05,Box Hill,13.899375
2024-07-05,Brighton,12.292333333333334
2024-07-05,Dandenong,9.192583333333333
2024-07-05,Geelong South,2.18875
2024-07-05,Macleod,16.6405
2024-07-05,Melbourne CBD,16.472958333333334
2024-07-05,Melton,5.4535833333333334
2024-07-05,Traralgon,4.436333333333334
2024-07-06,Alphington,15.991166666666665
2024-07-06,Box Hill,13.348375
2024-07-06,Brighton,18.197333333333333
2024-07-06,Dandenong,12.212916666666667
2024-07-06,Geelong South,11.023083333333334
2024-07-06,Macleod,8.930666666666667
2024-07-06,Melbourne CBD,11.362666666666666
2024-07-06,Melton,9.744291666666667
2024-07-06,Traralgon,9.773375
2024-07-07,Alphington,13.828625
2024-07-07,Box Hill,12.525041666666667
2024-07-07,Brighton,16.944458333333333
2024-07-07,Dandenong,11.458166666666667
2024-07-07,Geelong South,14.704041666666665
2024-07-07,Macleod,7.303
2024-07-07,Melbourne CBD,12.551166666666667
2024-07-07,Melton,11.402458333333334
2024-07-07,Traralgon,8.12975
2024-07-08,Alphington,7.5275
2024-07-08,Box Hill,4.735041666666667
2024-07-08,Brighton,9.978666666666667
2024-07-08,Dandenong,10.081666666666667
2024-07-08,Geelong South,10.433874999999999
2024-07-08,Macleod,3.8299090909090907
2024-07-08,Melbourne CBD,7.185833333333333
2024-07-08,Melton,5.985124999999999
2024-07-08,Traralgon,14.897083333333333
2024-07-09,Alphington,6.206
2024-07-09,Box Hill,5.016208333333333
2024-07-09,Brighton,5.636916666666667
2024-07-09,Dandenong,5.712291666666667
2024-07-09,Geelong South,4.3385
2024-07-09,Macleod,2.382125
2024-07-09,Melbourne CBD,7.082708333333334
2024-07-09,Melton,2.570181818181818
2024-07-09,Traralgon,9.528208333333334
2024-07-10,Alphington,2.8837083333333333
2024-07-10,Box Hill,3.4716428571428573
2024-07-10,Brighton,5.469545454545455
2024-07-10,Dandenong,3.1858636363636363
2024-07-10,Geelong South,4.379166666666666
2024-07-10,Macleod,1.4781666666666666
2024-07-10,Melbourne CBD,4.881666666666667
2024-07-10,Melton,3.14
2024-07-10,Traralgon,7.305999999999999
2024-07-11,Alphington,3.5163333333333333
2024-07-11,Box Hill,2.582
2024-07-11,Brighton,3.773875
2024-07-11,Dandenong,1.7815
2024-07-11,Geelong South,2.4047083333333332
2024-07-11,Macleod,1.1979583333333332
2024-07-11,Melbourne CBD,3.034333333333333
2024-07-11,Melton,2.624125
2024-07-11,Traralgon,10.539625
2024-07-12,Alphington,7.919708333333333
2024-07-12,Box Hill,4.433291666666667
2024-07-12,Brighton,8.17625
2024-07-12,Dandenong,3.1716249999999997
2024-07-12,Geelong South,4.648874999999999
2024-07-12,Macleod,2.4030416666666667
2024-07-12,Melbourne CBD,8.07490909090909
2024-07-12,Melton,3.2860416666666667
2024-07-12,Traralgon,11.531458333333333
2024-07-13,Alphington,7.94775
2024-07-13,Box Hill,5.3802916666666665
2024-07-13,Brighton,6.11575
2024-07-13,Dandenong,4.659291666666666
2024-07-13,Geelong South,2.6072083333333333
2024-07-13,Macleod,2.7956666666666665
2024-07-13,Melbourne CBD,7.532291666666667
2024-07-13,Melton,2.4936666666666665
2024-07-13,Traralgon,10.0055
2024-07-14,Alphington,3.6015
2024-07-14,Box Hill,4.3624583333333335
2024-07-14,Brighton,3.2403333333333335
2024-07-14,Dandenong,3.0064166666666665
2024-07-14,Geelong South,2.1191666666666666
2024-07-14,Macleod,1.5657916666666667
2024-07-14,Melbourne CBD,5.58
2024-07-14,Melton,1.3114999999999999
2024-07-14,Traralgon,6.417791666666667
2024-07-15,Alphington,3.7241666666666666
2024-07-15,Box Hill,2.794625
2024-07-15,Brighton,4.413333333333333
2024-07-15,Dandenong,1.937875
2024-07-15,Geelong South,1.5389583333333334
2024-07-15,Macleod,1.3662916666666667
2024-07-15,Melbourne CBD,4.295541666666667
2024-07-15,Melton,3.2111666666666667
2024-07-15,Traralgon,4.6691666666666665
2024-07-16,Alphington,5.603958333333334
2024-07-16,Box Hill,4.573416666666667
2024-07-16,Brighton,6.493541666666666
2024-07-16,Dandenong,3.2954583333333334
2024-07-16,Geelong South,4.684125
2024-07-16,Macleod,3.7805833333333334
2024-07-16,Melbourne CBD,8.241624999999999
2024-07-16,Melton,3.6382083333333335
2024-07-16,Traralgon,9.466333333333335
2024-07-17,Alphington,6.0329999999999995
2024-07-17,Box Hill,7.066333333333334
2024-07-17,Brighton,5.94675
2024-07-17,Dandenong,5.138125
2024-07-17,Geelong South,4.00675
2024-07-17,Macleod,3.859958333333333
2024-07-17,Melbourne CBD,8.964791666666667
2024-07-17,Melton,2.731875
2024-07-17,Traralgon,7.621833333333334
2024-07-18,Alphington,5.5529166666666665
2024-07-18,Box Hill,3.5981666666666667
2024-07-18,Brighton,5.481166666666667
2024-07-18,Dandenong,4.164125
2024-07-18,Geelong South,4.189291666666667
2024-07-18,Macleod,1.3874166666666667
2024-07-18,Melbourne CBD,6.540666666666667
2024-07-18,Melton,2.3433333333333337
2024-07-18,Traralgon,4.8639166666666664
2024-07-19,Alphington,2.319541666666667
2024-07-19,Box Hill,2.1274583333333332
2024-07-19,Brighton,3.4476666666666667
2024-07-19,Dandenong,1.4758749999999998
2024-07-19,Geelong South,3.390125
2024-07-19,Macleod,0.6618333333333333
2024-07-19,Melbourne CBD,3.3397916666666667
2024-07-19,Melton,2.6879166666666667
2024-07-19,Traralgon,5.961416666666667
2024-07-20,Alphington,3.189
2024-07-20,Box Hill,2.902291666666667
2024-07-20,Brighton,5.068875
2024-07-20,Dandenong,1.2042083333333333
2024-07-20,Geelong South,2.5405
2024-07-20,Macleod,1.7530416666666666
2024-07-20,Melbourne CBD,4.196125
2024-07-20,Melton,1.7542083333333334
2024-07-20,Traralgon,3.9880000000000004
2024-07-21,Alphington,5.585666666666667
2024-07-21,Box Hill,5.350874999999999
2024-07-21,Brighton,7.023291666666666
2024-07-21,Dandenong,5.109291666666667
2024-07-21,Geelong South,5.018541666666667
2024-07-21,Macleod,3.998083333333333
2024-07-21,Melbourne CBD,5.541291666666667
2024-07-21,Melton,4.696541666666667
2024-07-21,Traralgon,8.352958333333333
2024-07-22,Alphington,5.077375
2024-07-22,Box Hill,4.872625
2024-07-22,Brighton,6.6345833333333335
2024-07-22,Dandenong,4.112708333333333
2024-07-22,Geelong South,4.314416666666667
2024-07-22,Macleod,2.6675833333333334
2024-07-22,Melbourne CBD,5.165708333333334
2024-07-22,Melton,3.537
2024-07-22,Traralgon,9.512125
2024-07-23,Alphington,3.165125
2024-07-23,Box Hill,3.440875
2024-07-23,Brighton,4.55125
2024-07-23,Dandenong,2.4720416666666667
2024-07-23,Geelong South,4.546708333333333
2024-07-23,Macleod,1.9585833333333333
2024-07-23,Melbourne CBD,3.951625
2024-07-23,Melton,2.6487083333333334
2024-07-23,Traralgon,11.270416666666668
2024-07-24,Alphington,3.9581666666666666
2024-07-24,Box Hill,2.7952500000000002
2024-07-24,Brighton,3.8404166666666666
2024-07-24,Dandenong,1.8479166666666667
2024-07-24,Geelong South,4.127041666666667
2024-07-24,Macleod,1.6223333333333334
2024-07-24,Melbourne CBD,3.816875
2024-07-24,Melton,2.344958333333333
2024-07-24,Traralgon,12.457875
2024-07-25,Alphington,3.015125
2024-07-25,Box Hill,3.163333333333333
2024-07-25,Brighton,4.067166666666667
2024-07-25,Dandenong,2.5175833333333335
2024-07-25,Geelong South,3.669625
2024-07-25,Macleod,1.455125
2024-07-25,Melbourne CBD,3.585583333333333
2024-07-25,Melton,2.51825
2024-07-25,Traralgon,8.738541666666666
2024-07-26,Alphington,2.315421052631579
2024-07-26,Box Hill,3.3562916666666665
2024-07-26,Brighton,5.376375
2024-07-26,Dandenong,1.9169166666666666
2024-07-26,Geelong South,4.540166666666667
2024-07-26,Macleod,1.2425416666666667
2024-07-26,Melbourne CBD,3.7130833333333335
2024-07-26,Melton,2.7028749999999997
2024-07-26,Traralgon,7.975124999999999
2024-07-27,Alphington,5.821416666666667
2024-07-27,Box Hill,2.908041666666666
2024-07-27,Brighton,4.2085
2024-07-27,Dandenong,2.103583333333333
2024-07-27,Geelong South,2.5004166666666667
2024-07-27,Macleod,1.2556666666666667
2024-07-27,Melbourne CBD,3.5610416666666667
2024-07-27,Melton,1.6149166666666668
2024-07-27,Traralgon,7.0235
2024-07-28,Alphington,3.226958333333333
2024-07-28,Box Hill,3.897708333333333
2024-07-28,Brighton,5.312833333333334
2024-07-28,Dandenong,3.909625
2024-07-28,Geelong South,2.261625
2024-07-28,Macleod,1.4721250000000001
2024-07-28,Melbourne CBD,4.802375
2024-07-28,Melton,2.841375
2024-07-28,Traralgon,4.959083333333333
2024-07-29,Alphington,6.368
2024-07-29,Box Hill,5.0855
2024-07-29,Brighton,5.693416666666667
2024-07-29,Dandenong,5.946166666666667
2024-07-29,Geelong South,3.4457500000000003
2024-07-29,Macleod,3.3844166666666666
2024-07-29,Melbourne CBD,8.045625
2024-07-29,Melton,2.4431249999999998
2024-07-29,Traralgon,7.773208333333333
2024-07-30,Alphington,9.330411764705882
2024-07-30,Box Hill,7.118458333333333
2024-07-30,Brighton,9.409916666666666
2024-07-30,Dandenong,9.86429411764706
2024-07-30,Geelong South,8.414250000000001
2024-07-30,Macleod,6.463958333333333
2024-07-30,Melbourne CBD,8.056291666666667
2024-07-30,Melton,4.623291666666667
2024-07-30,Traralgon,9.575833333333334
2024-07-31,Alphington,27.431916666666666
2024-07-31,Box Hill,21.249375
2024-07-31,Brighton,27.943166666666666
2024-07-31,Dandenong,20.104666666666667
2024-07-31,Geelong South,10.514833333333334
2024-07-31,Macleod,19.775375
2024-07-31,Melbourne CBD,28.971333333333334
2024-07-31,Melton,10.684666666666667
2024-07-31,Traralgon,7.97975
2024-08-01,Alphington,16.19775
2024-08-01,Box Hill,13.489916666666666
2024-08-01,Brighton,20.624375
2024-08-01,Dandenong,15.892208333333333
2024-08-01,Geelong South,15.734
2024-08-01,Macleod,11.705458333333333
2024-08-01,Melbourne CBD,18.948874999999997
2024-08-01,Melton,10.988875
2024-08-01,Traralgon,7.045791666666667
2024-08-02,Alphington,7.700208333333333
2024-08-02,Box Hill,5.26875
2024-08-02,Brighton,7.693708333333333
2024-08-02,Dandenong,6.766041666666666
2024-08-02,Geelong South,12.105708333333332
2024-08-02,Macleod,5.284208333333334
2024-08-02,Melbourne CBD,7.636375
2024-08-02,Melton,6.989249999999999
2024-08-02,Traralgon,8.98425
2024-08-03,Alphington,8.8689583333333335
2024-08-03,Box Hill,8.217749999999999
2024-08-03,Brighton,15.363416666666668
2024-08-03,Dandenong,8.008375
2024-08-03,Geelong South,7.287375
2024-08-03,Macleod,4.158916666666666
2024-08-03,Melbourne CBD,11.923666666666666
2024-08-03,Melton,5.379272727272728
2024-08-03,Traralgon,16.111833333333333
2024-08-04,Alphington,22.21045833333333
2024-08-04,Box Hill,15.429291666666666
2024-08-04,Brighton,21.69375
2024-08-04,Dandenong,13.534583333333334
2024-08-04,Geelong South,7.246333333333333
2024-08-04,Macleod,10.98025
2024-08-04,Melbourne CBD,18.29225
2024-08-04,Melton,7.080916666666666
2024-08-04,Traralgon,13.333541666666665
2024-08-05,Alphington,14.282166666666667
2024-08-05,Box Hill,9.036208333333333
2024-08-05,Brighton,13.263916666666667
2024-08-05,Dandenong,10.048166666666667
2024-08-05,Geelong South,8.653833333333333
2024-08-05,Macleod,9.157874999999999
2024-08-05,Melbourne CBD,14.688916666666666
2024-08-05,Melton,7.285
2024-08-05,Traralgon,14.22175
2024-08-06,Alphington,6.0027083333333335
2024-08-06,Box Hill,5.208291666666667
2024-08-06,Brighton,6.808708333333334
2024-08-06,Dandenong,4.64275
2024-08-06,Geelong South,4.234041666666667
2024-08-06,Macleod,1.6235833333333334
2024-08-06,Melbourne CBD,5.591333333333333
2024-08-06,Melton,4.212041666666667
2024-08-06,Traralgon,11.967583333333334
2024-08-07,Alphington,5.891541666666667
2024-08-07,Box Hill,3.573
2024-08-07,Brighton,6.910083333333334
2024-08-07,Dandenong,4.51825
2024-08-07,Geelong South,3.9262083333333333
2024-08-07,Macleod,2.914625
2024-08-07,Melbourne CBD,5.6265
2024-08-07,Melton,3.1125833333333333
2024-08-07,Traralgon,6.66275
2024-08-08,Alphington,4.406208333333333
2024-08-08,Box Hill,2.2706666666666666
2024-08-08,Brighton,4.733583333333334
2024-08-08,Dandenong,2.3493333333333335
2024-08-08,Geelong South,3.6755416666666667
2024-08-08,Macleod,1.567625
2024-08-08,Melbourne CBD,4.66175
2024-08-08,Melton,3.257625
2024-08-08,Traralgon,14.902708333333333
2024-08-09,Alphington,6.58025
2024-08-09,Box Hill,4.167375
2024-08-09,Brighton,7.83525
2024-08-09,Dandenong,6.02775
2024-08-09,Geelong South,5.793166666666666
2024-08-09,Macleod,2.82475
2024-08-09,Melbourne CBD,6.385375
2024-08-09,Melton,4.475266666666666
2024-08-09,Traralgon,12.286375
2024-08-10,Alphington,11.399291666666667
2024-08-10,Box Hill,8.300708333333334
2024-08-10,Brighton,12.126833333333334
2024-08-10,Dandenong,8.488291666666667
2024-08-10,Geelong South,7.431958333333333
2024-08-10,Macleod,7.730458333333333
2024-08-10,Melbourne CBD,12.083916666666667
2024-08-10,Melton,5.505625
2024-08-10,Traralgon,13.782166666666667
2024-08-11,Alphington,16.127666666666666
2024-08-11,Box Hill,12.226583333333334
2024-08-11,Brighton,14.844458333333334
2024-08-11,Dandenong,14.290791666666667
2024-08-11,Geelong South,9.803416666666667
2024-08-11,Macleod,8.66325
2024-08-11,Melbourne CBD,14.362541666666667
2024-08-11,Melton,8.023
2024-08-11,Traralgon,10.33025
2024-08-12,Alphington,10.403
2024-08-12,Box Hill,8.24255
2024-08-12,Brighton,11.214875
2024-08-12,Dandenong,10.986125
2024-08-12,Geelong South,10.015875
2024-08-12,Macleod,4.651833333333333
2024-08-12,Melbourne CBD,9.431791666666667
2024-08-12,Melton,8.383916666666666
2024-08-12,Traralgon,12.55575
2024-08-13,Alphington,8.121375
2024-08-13,Box Hill,6.3650416666666665
2024-08-13,Brighton,9.701666666666666
2024-08-13,Dandenong,5.38325
2024-08-13,Geelong South,7.556916666666667
2024-08-13,Macleod,4.7156666666666665
2024-08-13,Melbourne CBD,7.861791666666667
2024-08-13,Melton,5.911458333333333
2024-08-13,Traralgon,13.733166666666666
2024-08-14,Alphington,5.748625
2024-08-14,Box Hill,3.6828333333333334
2024-08-14,Brighton,5.6887083333333335
2024-08-14,Dandenong,4.278291666666667
2024-08-14,Geelong South,5.268208333333333
2024-08-14,Macleod,2.773083333333333
2024-08-14,Melbourne CBD,5.90675
2024-08-14,Melton,3.412916666666667
2024-08-14,Traralgon,13.841875
2024-08-15,Alphington,6.389541666666666
2024-08-15,Box Hill,4.2435
2024-08-15,Brighton,2.7630526315789474
2024-08-15,Dandenong,5.322916666666667
2024-08-15,Geelong South,6.773083333333333
2024-08-15,Macleod,2.125916666666667
2024-08-15,Melbourne CBD,4.8447499999999994
2024-08-15,Melton,2.639875
2024-08-15,Traralgon,10.869541666666667
2024-08-16,Alphington,3.892583333333333
2024-08-16,Box Hill,3.19475
2024-08-16,Brighton,1.8582500000000002
2024-08-16,Dandenong,2.633583333333333
2024-08-16,Geelong South,3.201625
2024-08-16,Macleod,1.746625
2024-08-16,Melbourne CBD,3.825416666666667
2024-08-16,Melton,1.3464583333333333
2024-08-16,Traralgon,13.514125
2024-08-17,Alphington,3.507
2024-08-17,Box Hill,2.7940833333333335
2024-08-17,Dandenong,3.112166666666667
2024-08-17,Geelong South,2.7755833333333335
2024-08-17,Macleod,1.5949583333333333
2024-08-17,Melbourne CBD,5.024625
2024-08-17,Melton,1.7635
2024-08-17,Traralgon,6.029458333333333
2024-08-18,Alphington,7.51425
2024-08-18,Box Hill,5.0523750000000005
2024-08-18,Dandenong,5.991208333333333
2024-08-18,Geelong South,5.607708333333333
2024-08-18,Macleod,6.754208333333334
2024-08-18,Melbourne CBD,7.5897499999999996
2024-08-18,Melton,6.361458333333333
2024-08-18,Traralgon,4.992083333333333
2024-08-19,Alphington,10.815125
2024-08-19,Box Hill,6.432291666666667
2024-08-19,Brighton,7.311
2024-08-19,Dandenong,9.529541666666667
2024-08-19,Geelong South,9.3335
2024-08-19,Macleod,7.035458333333334
2024-08-19,Melbourne CBD,10.39275
2024-08-19,Melton,6.883173913043478
2024-08-19,Traralgon,5.999041666666667
2024-08-20,Alphington,4.7585
2024-08-20,Box Hill,2.9857500000000003
2024-08-20,Brighton,4.7825
2024-08-20,Dandenong,3.9507083333333335
2024-08-20,Geelong South,2.9306249999999996
2024-08-20,Macleod,1.6217916666666667
2024-08-20,Melbourne CBD,4.562875
2024-08-20,Melton,2.6664583333333334
2024-08-20,Traralgon,7.3693333333333335
2024-08-21,Alphington,3.6762083333333333
2024-08-21,Box Hill,3.8957916666666668
2024-08-21,Brighton,4.056583333333333
2024-08-21,Dandenong,3.794791666666667
2024-08-21,Geelong South,1.5371666666666666
2024-08-21,Macleod,1.278125
2024-08-21,Melbourne CBD,4.642458333333333
2024-08-21,Melton,1.386125
2024-08-21,Traralgon,7.998875
2024-08-22,Alphington,4.788875
2024-08-22,Box Hill,4.1125
2024-08-22,Brighton,5.085583333333333
2024-08-22,Dandenong,3.873291666666667
2024-08-22,Geelong South,3.8235238095238095
2024-08-22,Macleod,2.280625
2024-08-22,Melbourne CBD,4.21375
2024-08-22,Melton,3.0389166666666667
2024-08-22,Traralgon,8.626708333333333
2024-08-23,Alphington,4.052291666666667
2024-08-23,Box Hill,2.8077916666666667
2024-08-23,Brighton,5.539625
2024-08-23,Dandenong,3.6898333333333335
2024-08-23,Geelong South,3.1807499999999997
2024-08-23,Macleod,1.7570999999999999
2024-08-23,Melbourne CBD,4.000666666666667
2024-08-23,Melton,3.141695652173913
2024-08-23,Traralgon,7.431458333333333
2024-08-24,Alphington,4.775458333333333
2024-08-24,Box Hill,3.9647916666666667
2024-08-24,Brighton,6.4972916666666665
2024-08-24,Dandenong,3.3445833333333335
2024-08-24,Geelong South,3.8638333333333335
2024-08-24,Macleod,2.4545833333333333
2024-08-24,Melbourne CBD,5.355666666666667
2024-08-24,Melton,3.9643333333333333
2024-08-24,Traralgon,5.573541666666667
2024-08-25,Alphington,5.012791666666667
2024-08-25,Box Hill,4.11275
2024-08-25,Brighton,5.9972916666666665
2024-08-25,Dandenong,4.351375
2024-08-25,Geelong South,2.7091666666666665
2024-08-25,Macleod,2.1203749999999997
2024-08-25,Melbourne CBD,5.616
2024-08-25,Melton,3.289375
2024-08-25,Traralgon,4.543458333333334
2024-08-26,Alphington,3.7285
2024-08-26,Box Hill,3.048
2024-08-26,Brighton,4.7010000000000005
2024-08-26,Dandenong,2.9507083333333335
2024-08-26,Geelong South,2.7595416666666663
2024-08-26,Macleod,1.8534583333333334
2024-08-26,Melbourne CBD,5.076125
2024-08-26,Melton,2.135
2024-08-26,Traralgon,5.804333333333333
2024-08-27,Alphington,3.5020416666666665
2024-08-27,Box Hill,2.9331666666666667
2024-08-27,Brighton,5.08425
2024-08-27,Dandenong,2.058125
2024-08-27,Geelong South,4.321916666666667
2024-08-27,Macleod,1.118625
2024-08-27,Melbourne CBD,3.3739166666666667
2024-08-27,Melton,3.0874761904761905
2024-08-27,Traralgon,3.7291250000000002
2024-08-28,Alphington,4.830541666666667
2024-08-28,Box Hill,5.268208333333334
2024-08-28,Brighton,8.141375
2024-08-28,Dandenong,6.676875
2024-08-28,Geelong South,6.0763750000000005
2024-08-28,Macleod,3.8495000000000004
2024-08-28,Melbourne CBD,6.904833333333333
2024-08-28,Melton,4.6880476190476195
2024-08-28,Traralgon,7.175625
2024-08-29,Alphington,9.2425
2024-08-29,Box Hill,9.139894736842106
2024-08-29,Brighton,10.517208333333333
2024-08-29,Dandenong,8.391291666666666
2024-08-29,Geelong South,6.050375
2024-08-29,Macleod,6.974125
2024-08-29,Melbourne CBD,9.281625
2024-08-29,Melton,6.936208333333333
2024-08-29,Traralgon,9.078625
2024-08-30,Alphington,6.053958333333333
2024-08-30,Box Hill,5.3495
2024-08-30,Brighton,8.621791666666667
2024-08-30,Dandenong,5.670916666666667
2024-08-30,Geelong South,6.196958333333333
2024-08-30,Macleod,4.787318181818182
2024-08-30,Melbourne CBD,7.0720833333333335
2024-08-30,Melton,4.7307500000000005
2024-08-30,Traralgon,7.1095
2024-08-31,Alphington,5.013083333333333
2024-08-31,Box Hill,4.1036
2024-08-31,Brighton,6.192833333333334
2024-08-31,Dandenong,3.5439583333333333
2024-08-31,Geelong South,5.916833333333333
2024-08-31,Macleod,3.7250833333333335
2024-08-31,Melbourne CBD,4.53975
2024-08-31,Melton,3.162583333333333
2024-08-31,Traralgon,4.273
2024-09-01,Alphington,4.438125
2024-09-01,Brighton,6.193666666666666
2024-09-01,Dandenong,2.6035833333333334
2024-09-01,Geelong South,1.9449999999999998
2024-09-01,Macleod,2.471625
2024-09-01,Melbourne CBD,4.275666666666667
2024-09-01,Melton,1.654857142857143
2024-09-01,Traralgon,2.549
2024-09-02,Alphington,4.112
2024-09-02,Brighton,8.179958333333333
2024-09-02,Dandenong,6.56815
2024-09-02,Geelong South,5.723947368421053
2024-09-02,Macleod,5.258153846153846
2024-09-02,Melbourne CBD,6.374291666666667
2024-09-02,Melton,3.581857142857143
2024-09-02,Traralgon,4.727090909090909
2024-09-03,Alphington,10.721409090909091
2024-09-03,Brighton,12.739333333333335
2024-09-03,Dandenong,10.116291666666667
2024-09-03,Geelong South,7.739166666666667
2024-09-03,Macleod,7.8140833333333335
2024-09-03,Melbourne CBD,11.790666666666667
2024-09-03,Melton,7.423631578947368
2024-09-03,Traralgon,9.156
2024-09-04,Alphington,7.297083333333333
2024-09-04,Box Hill,4.141
2024-09-04,Brighton,9.08825
2024-09-04,Dandenong,6.018833333333333
2024-09-04,Geelong South,4.867249999999999
2024-09-04,Macleod,4.38375
2024-09-04,Melbourne CBD,6.692541666666667
2024-09-04,Melton,5.8986086956521735
2024-09-04,Traralgon,9.958458333333333
2024-09-05,Alphington,6.164791666666667
2024-09-05,Box Hill,4.574083333333333
2024-09-05,Brighton,6.892666666666667
2024-09-05,Dandenong,4.544833333333333
2024-09-05,Geelong South,3.2067083333333333
2024-09-05,Macleod,3.2792083333333335
2024-09-05,Melbourne CBD,5.6255
2024-09-05,Melton,2.6841999999999997
2024-09-05,Traralgon,5.597777777777778
2024-09-06,Alphington,7.566375
2024-09-06,Box Hill,5.68175
2024-09-06,Brighton,7.363
2024-09-06,Dandenong,6.206083333333333
2024-09-06,Geelong South,5.459583333333334
2024-09-06,Macleod,4.627791666666667
2024-09-06,Melbourne CBD,8.683791666666666
2024-09-06,Melton,1.806
2024-09-06,Traralgon,7.188833333333333
2024-09-07,Alphington,4.609583333333333
2024-09-07,Box Hill,5.076791666666667
2024-09-07,Brighton,5.231125
2024-09-07,Dandenong,4.2404166666666665
2024-09-07,Geelong South,1.70275
2024-09-07,Macleod,2.141625
2024-09-07,Melbourne CBD,5.046583333333333
2024-09-07,Melton,1.7017
2024-09-07,Traralgon,7.4775
2024-09-08,Alphington,3.45975
2024-09-08,Box Hill,3.334
2024-09-08,Brighton,4.547291666666666
2024-09-08,Dandenong,2.1064583333333333
2024-09-08,Geelong South,1.6430416666666667
2024-09-08,Macleod,1.9155416666666667
2024-09-08,Melbourne CBD,3.2005416666666666
2024-09-08,Melton,2.263333333333333
2024-09-08,Traralgon,4.994833333333333
2024-09-09,Alphington,3.141958333333333
2024-09-09,Box Hill,3.511173913043478
2024-09-09,Brighton,4.659625
2024-09-09,Dandenong,3.1755416666666667
2024-09-09,Geelong South,3.5479583333333333
2024-09-09,Macleod,2.2489583333333334
2024-09-09,Melbourne CBD,5.385166666666667
2024-09-09,Melton,3.4727083333333333
2024-09-09,Traralgon,4.601625
2024-09-10,Alphington,4.589888888888889
2024-09-10,Box Hill,6.449666666666667
2024-09-10,Brighton,6.609583333333333
2024-09-10,Dandenong,5.045458333333333
2024-09-10,Geelong South,3.74575
2024-09-10,Macleod,3.243666666666667
2024-09-10,Melbourne CBD,6.5408333333333335
2024-09-10,Melton,2.366590909090909
2024-09-10,Traralgon,6.052666666666667
2024-09-11,Alphington,7.284208333333333
2024-09-11,Brighton,8.528958333333334
2024-09-11,Dandenong,4.9586250000000005
2024-09-11,Geelong South,4.8445833333333335
2024-09-11,Macleod,6.316875
2024-09-11,Melbourne CBD,9.707583333333332
2024-09-11,Melton,3.639708333333333
2024-09-11,Traralgon,8.323791666666667
2024-09-12,Alphington,5.338208333333333
2024-09-12,Brighton,6.749375
2024-09-12,Dandenong,5.589708333333333
2024-09-12,Geelong South,2.2175416666666665
2024-09-12,Macleod,3.610708333333333
2024-09-12,Melbourne CBD,6.553583333333333
2024-09-12,Melton,3.6362083333333333
2024-09-12,Traralgon,6.938416666666667
2024-09-13,Alphington,3.307208333333333
2024-09-13,Brighton,5.046458333333334
2024-09-13,Dandenong,3.413125
2024-09-13,Geelong South,2.1204583333333336
2024-09-13,Macleod,2.089625
2024-09-13,Melbourne CBD,5.966181818181818
2024-09-13,Melton,2.479791666666667
2024-09-13,Traralgon,5.7099166666666665
2024-09-14,Alphington,3.7804166666666665
2024-09-14,Box Hill,4.052333333333333
2024-09-14,Brighton,5.17025
2024-09-14,Dandenong,3.5425
2024-09-14,Geelong South,1.60675
2024-09-14,Macleod,2.4955416666666665
2024-09-14,Melbourne CBD,6.218166666666667
2024-09-14,Melton,2.1024166666666666
2024-09-14,Traralgon,5.847875
2024-09-15,Alphington,4.2703750000000005
2024-09-15,Box Hill,4.458
2024-09-15,Brighton,4.281916666666667
2024-09-15,Dandenong,3.5792083333333333
2024-09-15,Geelong South,2.428166666666667
2024-09-15,Macleod,2.42325
2024-09-15,Melbourne CBD,5.596291666666667
2024-09-15,Melton,3.0807083333333334
2024-09-15,Traralgon,7.207583333333334
2024-09-16,Alphington,4.072375
2024-09-16,Box Hill,3.208458333333333
2024-09-16,Brighton,5.43775
2024-09-16,Dandenong,3.023083333333333
2024-09-16,Geelong South,1.8877083333333333
2024-09-16,Macleod,2.801375
2024-09-16,Melbourne CBD,5.309208333333333
2024-09-16,Melton,2.7605
2024-09-16,Traralgon,5.0715
2024-09-17,Alphington,4.902375
2024-09-17,Box Hill,4.102416666666667
2024-09-17,Brighton,5.95225
2024-09-17,Dandenong,3.5675416666666666
2024-09-17,Geelong South,3.1519583333333334
2024-09-17,Macleod,2.580625
2024-09-17,Melbourne CBD,5.362916666666667
2024-09-17,Melton,4.103083333333333
2024-09-17,Traralgon,6.008708333333333
2024-09-18,Alphington,4.894208333333333
2024-09-18,Box Hill,4.339875
2024-09-18,Brighton,7.037541666666667
2024-09-18,Dandenong,3.953875
2024-09-18,Geelong South,4.53325
2024-09-18,Macleod,2.4421666666666666
2024-09-18,Melbourne CBD,6.100416666666667
2024-09-18,Melton,4.301
2024-09-18,Traralgon,8.403333333333334
2024-09-19,Alphington,2.7757083333333332
2024-09-19,Box Hill,1.5329444444444442
2024-09-19,Brighton,3.6622083333333335
2024-09-19,Dandenong,2.070875
2024-09-19,Geelong South,2.183
2024-09-19,Macleod,1.065375
2024-09-19,Melbourne CBD,4.793125
2024-09-19,Melton,0.9694583333333333
2024-09-19,Traralgon,3.5632916666666667
2024-09-20,Alphington,4.812166666666666
2024-09-20,Brighton,6.579166666666667
2024-09-20,Dandenong,3.9614583333333333
2024-09-20,Geelong South,3.8110833333333334
2024-09-20,Macleod,2.059458333333333
2024-09-20,Melbourne CBD,4.92175
2024-09-20,Melton,2.872291666666667
2024-09-20,Traralgon,4.838666666666667
2024-09-21,Alphington,3.4737916666666666
2024-09-21,Brighton,6.050208333333333
2024-09-21,Dandenong,2.944875
2024-09-21,Geelong South,2.499541666666667
2024-09-21,Macleod,1.2405
2024-09-21,Melbourne CBD,4.980333333333333
2024-09-21,Melton,1.5572916666666667
2024-09-21,Traralgon,5.867708333333334
2024-09-22,Alphington,3.2247083333333335
2024-09-22,Brighton,4.488636363636363
2024-09-22,Dandenong,1.9512083333333334
2024-09-22,Geelong South,1.037875
2024-09-22,Macleod,0.1745416666666666
2024-09-22,Melbourne CBD,3.0077916666666664
2024-09-22,Melton,0.982
2024-09-22,Traralgon,3.8953333333333333
2024-09-23,Alphington,3.3822083333333333
2024-09-23,Brighton,4.449583333333333
2024-09-23,Dandenong,2.5469583333333334
2024-09-23,Geelong South,1.1079583333333334
2024-09-23,Macleod,1.2488333333333332
2024-09-23,Melbourne CBD,3.9220833333333336
2024-09-23,Melton,2.00675
2024-09-23,Traralgon,3.910083333333333
2024-09-24,Alphington,7.958875
2024-09-24,Box Hill,5.8044
2024-09-24,Brighton,9.07
2024-09-24,Dandenong,6.9627083333333335
2024-09-24,Geelong South,5.365208333333333
2024-09-24,Macleod,4.17975
2024-09-24,Melbourne CBD,7.787416666666667
2024-09-24,Melton,6.293210526315789
2024-09-24,Traralgon,5.327916666666667
2024-09-25,Alphington,7.076416666666667
2024-09-25,Box Hill,7.047291666666666
2024-09-25,Brighton,7.526416666666667
2024-09-25,Dandenong,8.030708333333333
2024-09-25,Geelong South,4.787125
2024-09-25,Macleod,3.5020416666666665
2024-09-25,Melbourne CBD,8.421833333333334
2024-09-25,Melton,4.586166666666666
2024-09-25,Traralgon,8.233625
2024-09-26,Alphington,5.425083333333333
2024-09-26,Box Hill,6.730166666666667
2024-09-26,Brighton,7.863833333333333
2024-09-26,Dandenong,6.905833333333334
2024-09-26,Geelong South,4.230333333333333
2024-09-26,Macleod,4.492208333333333
2024-09-26,Melbourne CBD,7.351708333333333
2024-09-26,Melton,3.9785
2024-09-26,Traralgon,9.494166666666667
2024-09-27,Alphington,8.619083333333334
2024-09-27,Box Hill,7.165416666666666
2024-09-27,Brighton,9.364791666666667
2024-09-27,Dandenong,6.908
2024-09-27,Geelong South,3.4869166666666667
2024-09-27,Macleod,6.271833333333333
2024-09-27,Melbourne CBD,8.701791666666667
2024-09-27,Melton,5.493708333333333
2024-09-27,Traralgon,8.702208333333333
2024-09-28,Alphington,7.522833333333333
2024-09-28,Box Hill,7.07625
2024-09-28,Brighton,9.242416666666667
2024-09-28,Dandenong,7.4895
2024-09-28,Geelong South,5.10925
2024-09-28,Macleod,3.3195833333333336
2024-09-28,Melbourne CBD,7.347416666666667
2024-09-28,Melton,6.313541666666667
2024-09-28,Traralgon,9.769416666666666
2024-09-29,Alphington,4.101916666666666
2024-09-29,Box Hill,2.6413
2024-09-29,Brighton,4.347708333333333
2024-09-29,Dandenong,3.8493749999999998
2024-09-29,Geelong South,2.9607083333333333
2024-09-29,Macleod,1.8697916666666667
2024-09-29,Melbourne CBD,5.240958333333333
2024-09-29,Melton,1.8583333333333334
2024-09-29,Traralgon,8.840166666666667
2024-09-30,Alphington,7.792916666666667
2024-09-30,Brighton,9.344666666666667
2024-09-30,Dandenong,6.488375
2024-09-30,Geelong South,5.295708333333334
2024-09-30,Macleod,5.040791666666667
2024-09-30,Melbourne CBD,8.679166666666667
2024-09-30,Melton,4.005208333333333
2024-09-30,Traralgon,7.332541666666667
2024-10-01,Alphington,6.376041666666667
2024-10-01,Brighton,8.434833333333334
2024-10-01,Dandenong,7.626111111111111
2024-10-01,Geelong South,3.6879999999999997
2024-10-01,Macleod,4.1142916666666665
2024-10-01,Melbourne CBD,7.5797083333333335
2024-10-01,Melton,4.553916666666667
2024-10-01,Traralgon,6.747625
2024-10-02,Alphington,9.578333333333333
2024-10-02,Brighton,10.793416666666667
2024-10-02,Dandenong,9.436875
2024-10-02,Geelong South,7.377111111111112
2024-10-02,Macleod,7.671458333333333
2024-10-02,Melbourne CBD,11.431125
2024-10-02,Melton,6.822958333333333
2024-10-02,Traralgon,8.8395
2024-10-03,Alphington,9.398458333333334
2024-10-03,Brighton,13.091833333333334
2024-10-03,Dandenong,10.118333333333332
2024-10-03,Geelong South,9.289391304347825
2024-10-03,Macleod,7.584708333333333
2024-10-03,Melbourne CBD,10.233833333333333
2024-10-03,Melton,7.352833333333334
2024-10-03,Traralgon,8.464458333333333
2024-10-04,Alphington,5.98
2024-10-04,Box Hill,5.463263157894737
2024-10-04,Brighton,6.3120416666666666
2024-10-04,Dandenong,5.668583333333333
2024-10-04,Geelong South,5.94225
2024-10-04,Macleod,2.7664999999999997
2024-10-04,Melbourne CBD,6.044666666666667
2024-10-04,Melton,4.971125
2024-10-04,Traralgon,7.762208333333334
2024-10-05,Alphington,4.856041666666666
2024-10-05,Box Hill,4.360380952380952
2024-10-05,Brighton,6.299545454545455
2024-10-05,Dandenong,4.013125
2024-10-05,Geelong South,3.128041666666667
2024-10-05,Macleod,2.4502916666666668
2024-10-05,Melbourne CBD,5.169291666666666
2024-10-05,Melton,1.61725
2024-10-05,Traralgon,5.366791666666667
2024-10-06,Alphington,4.600409090909091
2024-10-06,Box Hill,5.88185
2024-10-06,Brighton,7.878941176470588
2024-10-06,Dandenong,4.797428571428571
2024-10-06,Geelong South,5.456272727272728
2024-10-06,Macleod,3.449176470588235
2024-10-06,Melbourne CBD,6.4543684210526315
2024-10-06,Melton,3.774590909090909
2024-10-06,Traralgon,6.446272727272727
2024-10-07,Alphington,5.305458333333333
2024-10-07,Box Hill,4.6907
2024-10-07,Brighton,5.3414166666666665
2024-10-07,Dandenong,4.580125
2024-10-07,Geelong South,4.285541666666666
2024-10-07,Macleod,2.7227083333333333
2024-10-07,Melbourne CBD,7.1531666666666665
2024-10-07,Melton,2.9767916666666667
2024-10-07,Traralgon,6.812166666666666
2024-10-08,Alphington,2.521958333333333
2024-10-08,Brighton,4.132375
2024-10-08,Dandenong,5.803833333333333
2024-10-08,Geelong South,2.5019565217391304
2024-10-08,Macleod,2.077958333333333
2024-10-08,Melbourne CBD,4.9387083333333335
2024-10-08,Melton,2.4711250000000002
2024-10-08,Traralgon,6.4235
2024-10-09,Alphington,5.903416666666667
2024-10-09,Brighton,10.115291666666668
2024-10-09,Dandenong,6.947333333333333
2024-10-09,Geelong South,3.074625
2024-10-09,Macleod,4.110833333333333
2024-10-09,Melbourne CBD,6.95375
2024-10-09,Melton,5.595000000000001
2024-10-09,Traralgon,4.945125
2024-10-10,Alphington,5.878916666666666
2024-10-10,Brighton,8.091625
2024-10-10,Dandenong,6.2532499999999995
2024-10-10,Geelong South,6.843041666666667
2024-10-10,Macleod,4.148333333333333
2024-10-10,Melbourne CBD,8.268583333333334
2024-10-10,Melton,4.639875
2024-10-10,Traralgon,6.607083333333334
2024-10-11,Alphington,6.877041666666667
2024-10-11,Brighton,9.179124999999999
2024-10-11,Dandenong,6.470833333333333
2024-10-11,Geelong South,5.539875
2024-10-11,Macleod,5.6273333333333335
2024-10-11,Melbourne CBD,9.770458333333334
2024-10-11,Melton,4.754125
2024-10-11,Traralgon,7.765041666666667
2024-10-12,Alphington,9.279833333333332
2024-10-12,Box Hill,8.663347826086957
2024-10-12,Brighton,10.485083333333334
2024-10-12,Dandenong,9.693041666666666
2024-10-12,Geelong South,6.9165
2024-10-12,Macleod,7.701208333333334
2024-10-12,Melbourne CBD,9.623708333333333
2024-10-12,Melton,7.52075
2024-10-12,Traralgon,10.535166666666667
2024-10-13,Alphington,8.204375
2024-10-13,Box Hill,6.46925
2024-10-13,Brighton,12.464416666666667
2024-10-13,Dandenong,6.493833333333333
2024-10-13,Geelong South,6.007833333333333
2024-10-13,Macleod,5.413583333333333
2024-10-13,Melbourne CBD,7.796541666666666
2024-10-13,Melton,9.910291666666666
2024-10-13,Traralgon,7.250958333333333
2024-10-14,Alphington,6.728875
2024-10-14,Box Hill,5.794291666666667
2024-10-14,Brighton,8.283625
2024-10-14,Dandenong,6.766916666666667
2024-10-14,Geelong South,6.737666666666667
2024-10-14,Macleod,5.003625
2024-10-14,Melbourne CBD,12.589041666666667
2024-10-14,Melton,5.402625
2024-10-14,Traralgon,8.092541666666667
2024-10-15,Alphington,5.914916666666667
2024-10-15,Box Hill,4.290375
2024-10-15,Brighton,4.804055555555555
2024-10-15,Dandenong,6.60725
2024-10-15,Geelong South,5.559333333333333
2024-10-15,Macleod,4.037625
2024-10-15,Melbourne CBD,9.035791666666666
2024-10-15,Melton,5.727083333333333
2024-10-15,Traralgon,7.845083333333333
2024-10-16,Alphington,5.349291666666667
2024-10-16,Box Hill,4.742541666666667
2024-10-16,Brighton,7.943625000000001
2024-10-16,Dandenong,3.2722083333333334
2024-10-16,Geelong South,4.529791666666666
2024-10-16,Macleod,3.87845
2024-10-16,Melbourne CBD,6.832958333333334
2024-10-16,Melton,4.616416666666667
2024-10-16,Traralgon,6.529083333333333
2024-10-17,Alphington,5.172583333333334
2024-10-17,Box Hill,4.034458333333333
2024-10-17,Brighton,7.0110833333333336
2024-10-17,Dandenong,4.86475
2024-10-17,Geelong South,5.53275
2024-10-17,Macleod,3.1468333333333334
2024-10-17,Melbourne CBD,6.7852500000000004
2024-10-17,Melton,4.701208333333334
2024-10-17,Traralgon,5.1200833333333335
2024-10-18,Alphington,3.6725
2024-10-18,Box Hill,3.0730833333333334
2024-10-18,Brighton,5.175625
2024-10-18,Dandenong,4.310333333333333
2024-10-18,Geelong South,3.5543333333333336
2024-10-18,Macleod,1.0017916666666666
2024-10-18,Melbourne CBD,5.627416666666667
2024-10-18,Melton,0.9917083333333335
2024-10-18,Traralgon,5.105208333333334
2024-10-19,Alphington,3.449708333333333
2024-10-19,Box Hill,3.407208333333333
2024-10-19,Brighton,6.014833333333334
2024-10-19,Dandenong,3.7809583333333334
2024-10-19,Geelong South,3.0187916666666665
2024-10-19,Macleod,2.5635416666666666
2024-10-19,Melbourne CBD,6.001125
2024-10-19,Melton,2.1367916666666664
2024-10-19,Traralgon,3.6722083333333337
2024-10-20,Alphington,3.687
2024-10-20,Box Hill,4.011875
2024-10-20,Brighton,5.930041666666667
2024-10-20,Dandenong,3.3737916666666665
2024-10-20,Geelong South,2.791875
2024-10-20,Macleod,4.386791666666666
2024-10-20,Melbourne CBD,6.4331249999999995
2024-10-20,Melton,2.1351666666666667
2024-10-20,Traralgon,4.843666666666667
2024-10-21,Alphington,9.663041666666667
2024-10-21,Box Hill,5.934666666666667
2024-10-21,Brighton,9.514375000000001
2024-10-21,Dandenong,6.074958333333333
2024-10-21,Geelong South,5.441291666666666
2024-10-21,Macleod,5.642333333333333
2024-10-21,Melbourne CBD,10.589583333333334
2024-10-21,Melton,6.588583333333333
2024-10-21,Traralgon,3.9302916666666667
2024-10-22,Alphington,7.898541666666667
2024-10-22,Box Hill,7.959958333333333
2024-10-22,Brighton,8.721666666666666
2024-10-22,Dandenong,6.992875000000001
2024-10-22,Geelong South,6.679291666666667
2024-10-22,Macleod,6.23825
2024-10-22,Melbourne CBD,11.494
2024-10-22,Melton,9.317166666666667
2024-10-22,Traralgon,7.147166666666667
2024-10-23,Alphington,7.7872916666666665
2024-10-23,Box Hill,7.691
2024-10-23,Brighton,10.402083333333334
2024-10-23,Dandenong,8.817041666666666
2024-10-23,Geelong South,5.804625
2024-10-23,Macleod,7.270333333333333
2024-10-23,Melbourne CBD,10.305041666666666
2024-10-23,Melton,6.278458333333333
2024-10-23,Traralgon,7.89225
2024-10-24,Alphington,4.9798333333333336
2024-10-24,Box Hill,5.832708333333334
2024-10-24,Brighton,6.1509583333333335
2024-10-24,Dandenong,4.774041666666666
2024-10-24,Geelong South,3.9975
2024-10-24,Macleod,2.796416666666667
2024-10-24,Melbourne CBD,7.037333333333334
2024-10-24,Melton,1.470833333333333
2024-10-24,Traralgon,4.494083333333333
2024-10-25,Alphington,3.8290416666666665
2024-10-25,Box Hill,3.6026249999999997
2024-10-25,Brighton,4.3654166666666665
2024-10-25,Dandenong,3.483083333333333
2024-10-25,Geelong South,1.5104166666666665
2024-10-25,Macleod,1.6466666666666665
2024-10-25,Melbourne CBD,13.142041666666666
2024-10-25,Melton,1.9366250000000003
2024-10-25,Traralgon,4.240291666666667
2024-10-26,Alphington,4.883583333333333
2024-10-26,Box Hill,4.115458333333334
2024-10-26,Brighton,7.838666666666667
2024-10-26,Dandenong,4.08475
2024-10-26,Geelong South,3.9570000000000003
2024-10-26,Macleod,3.067625
2024-10-26,Melbourne CBD,5.174
2024-10-26,Melton,4.734333333333334
2024-10-26,Traralgon,5.033916666666666
2024-10-27,Alphington,10.043208333333332
2024-10-27,Box Hill,3.6908333333333334
2024-10-27,Brighton,5.860916666666666
2024-10-27,Dandenong,4.3737916666666665
2024-10-27,Geelong South,4.790208333333333
2024-10-27,Macleod,2.396375
2024-10-27,Melbourne CBD,6.15575
2024-10-27,Melton,2.8798333333333335
2024-10-27,Traralgon,4.680208333333333
2024-10-28,Alphington,7.133333333333333
2024-10-28,Box Hill,6.7715
2024-10-28,Brighton,8.44075
2024-10-28,Dandenong,6.978166666666667
2024-10-28,Geelong South,5.374083333333333
2024-10-28,Macleod,5.1775
2024-10-28,Melbourne CBD,9.114291666666666
2024-10-28,Melton,5.654708333333334
2024-10-28,Traralgon,6.197791666666667
2024-10-29,Alphington,7.133291666666667
2024-10-29,Box Hill,6.303
2024-10-29,Brighton,8.026083333333334
2024-10-29,Dandenong,6.756916666666667
2024-10-29,Geelong South,5.313041666666667
2024-10-29,Macleod,5.0244583333333335
2024-10-29,Melbourne CBD,9.99275
2024-10-29,Melton,5.989958333333333
2024-10-29,Traralgon,7.1225555555555555
2024-10-30,Alphington,4.590208333333333
2024-10-30,Box Hill,2.1741428571428574
2024-10-30,Brighton,4.1338333333333335
2024-10-30,Dandenong,2.22425
2024-10-30,Geelong South,0.7134166666666667
2024-10-30,Macleod,1.7125
2024-10-30,Melbourne CBD,7.839791666666667
2024-10-30,Melton,1.5077500000000001
2024-10-30,Traralgon,3.2988333333333335
2024-10-31,Alphington,3.5733333333333333
2024-10-31,Brighton,3.739375
2024-10-31,Dandenong,2.8949583333333333
2024-10-31,Geelong South,1.065
2024-10-31,Macleod,1.5354583333333331
2024-10-31,Melbourne CBD,4.926583333333333
2024-10-31,Melton,0.9994583333333332
2024-10-31,Traralgon,2.4217916666666666
2024-11-01,Alphington,3.358416666666667
2024-11-01,Box Hill,5.034916666666667
2024-11-01,Brighton,4.721875
2024-11-01,Dandenong,3.9897916666666666
2024-11-01,Geelong South,2.6377083333333333
2024-11-01,Macleod,2.4667916666666665
2024-11-01,Melbourne CBD,6.244291666666666
2024-11-01,Melton,1.5964166666666666
2024-11-01,Traralgon,4.806791666666666
2024-11-02,Alphington,5.986833333333333
2024-11-02,Box Hill,3.8161666666666667
2024-11-02,Brighton,8.621833333333333
2024-11-02,Dandenong,4.740666666666667
2024-11-02,Geelong South,5.40125
2024-11-02,Macleod,3.2156666666666665
2024-11-02,Melbourne CBD,5.999708333333333
2024-11-02,Melton,5.4355416666666665
2024-11-02,Traralgon,6.823125
2024-11-03,Alphington,7.060708333333333
2024-11-03,Box Hill,5.387083333333333
2024-11-03,Brighton,8.28425
2024-11-03,Dandenong,7.225916666666667
2024-11-03,Geelong South,6.784
2024-11-03,Macleod,4.2504583333333334
2024-11-03,Melbourne CBD,8.6335
2024-11-03,Melton,8.01725
2024-11-03,Traralgon,7.388833333333333
2024-11-04,Alphington,6.7695
2024-11-04,Box Hill,6.1630416666666665
2024-11-04,Brighton,8.078041666666667
2024-11-04,Dandenong,5.454041666666667
2024-11-04,Geelong South,4.579833333333333
2024-11-04,Macleod,4.551375
2024-11-04,Melbourne CBD,9.394833333333333
2024-11-04,Melton,4.636166666666667
2024-11-04,Traralgon,7.242625
2024-11-05,Alphington,7.178791666666667
2024-11-05,Box Hill,5.072875
2024-11-05,Brighton,9.549875
2024-11-05,Dandenong,6.530375
2024-11-05,Geelong South,5.39075
2024-11-05,Macleod,3.989375
2024-11-05,Melbourne CBD,9.118041666666667
2024-11-05,Melton,4.808875
2024-11-05,Traralgon,6.423583333333333
2024-11-06,Alphington,13.352833333333333
2024-11-06,Box Hill,5.081833333333333
2024-11-06,Brighton,9.106041666666666
2024-11-06,Dandenong,6.013791666666667
2024-11-06,Geelong South,6.103208333333333
2024-11-06,Macleod,4.220166666666667
2024-11-06,Melbourne CBD,9.060666666666666
2024-11-06,Melton,5.739083333333333
2024-11-06,Traralgon,6.3525
2024-11-07,Alphington,7.2265
2024-11-07,Box Hill,5.1349583333333335
2024-11-07,Brighton,6.956958333333333
2024-11-07,Dandenong,4.956125
2024-11-07,Geelong South,4.588041666666666
2024-11-07,Macleod,4.113833333333333
2024-11-07,Melbourne CBD,6.697708333333333
2024-11-07,Melton,3.344333333333333
2024-11-07,Traralgon,5.426166666666667
2024-11-08,Alphington,4.520888888888889
2024-11-08,Box Hill,4.193833333333333
2024-11-08,Brighton,5.449333333333334
2024-11-08,Dandenong,4.235375
2024-11-08,Geelong South,4.455583333333333
2024-11-08,Macleod,3.0805
2024-11-08,Melbourne CBD,7.269333333333334
2024-11-08,Melton,1.870041666666667
2024-11-08,Traralgon,5.302125
2024-11-09,Alphington,8.146833333333333
2024-11-09,Box Hill,5.628875
2024-11-09,Brighton,9.22275
2024-11-09,Dandenong,6.811375
2024-11-09,Geelong South,5.0165
2024-11-09,Macleod,5.2515833333333335
2024-11-09,Melbourne CBD,8.95775
2024-11-09,Melton,5.5151666666666666
2024-11-09,Traralgon,7.402541666666667
2024-11-10,Alphington,8.763041666666666
2024-11-10,Box Hill,5.321458333333333
2024-11-10,Brighton,7.529583333333333
2024-11-10,Dandenong,6.446791666666667
2024-11-10,Geelong South,4.0852916666666665
2024-11-10,Macleod,4.10925
2024-11-10,Melbourne CBD,7.515416666666667
2024-11-10,Melton,4.34775
2024-11-10,Traralgon,6.114583333333333
2024-11-11,Alphington,6.2182916666666666
2024-11-11,Box Hill,4.33575
2024-11-11,Brighton,7.9455
2024-11-11,Dandenong,5.6505833333333335
2024-11-11,Geelong South,5.729333333333334
2024-11-11,Macleod,4.4202916666666665
2024-11-11,Melbourne CBD,8.345208333333334
2024-11-11,Melton,4.550041666666667
2024-11-11,Traralgon,5.529625
2024-11-12,Alphington,10.157833333333333
2024-11-12,Box Hill,7.3685
2024-11-12,Brighton,11.791375
2024-11-12,Dandenong,8.179916666666667
2024-11-12,Geelong South,5.551
2024-11-12,Macleod,9.349583333333333
2024-11-12,Melbourne CBD,11.988916666666666
2024-11-12,Melton,9.403166666666667
2024-11-12,Traralgon,6.009833333333334
2024-11-13,Alphington,8.111363636363636
2024-11-13,Box Hill,7.28725
2024-11-13,Brighton,8.884916666666667
2024-11-13,Dandenong,7.916333333333333
2024-11-13,Geelong South,5.575208333333333
2024-11-13,Macleod,5.656125
2024-11-13,Melbourne CBD,12.781541666666667
2024-11-13,Melton,4.815666666666666
2024-11-13,Traralgon,5.4063043478260875
2024-11-14,Alphington,6.255375
2024-11-14,Box Hill,4.845125
2024-11-14,Brighton,6.027833333333334
2024-11-14,Dandenong,5.891666666666667
2024-11-14,Geelong South,4.563083333333333
2024-11-14,Macleod,3.5212083333333335
2024-11-14,Melbourne CBD,7.532166666666667
2024-11-14,Traralgon,6.728791666666667
2024-11-15,Alphington,5.375208333333333
2024-11-15,Box Hill,5.514583333333333
2024-11-15,Brighton,7.759625000000001
2024-11-15,Dandenong,6.470416666666667
2024-11-15,Geelong South,3.060125
2024-11-15,Macleod,3.912916666666667
2024-11-15,Melbourne CBD,8.24352380952381
2024-11-15,Traralgon,5.80725
2024-11-16,Alphington,8.787208333333334
2024-11-16,Box Hill,5.813958333333334
2024-11-16,Brighton,10.904375
2024-11-16,Dandenong,5.655875
2024-11-16,Geelong South,6.659708333333334
2024-11-16,Macleod,5.891333333333334
2024-11-16,Melbourne CBD,9.586916666666667
2024-11-16,Traralgon,8.879833333333334
2024-11-17,Alphington,11.518625
2024-11-17,Box Hill,12.509541666666667
2024-11-17,Brighton,18.489375
2024-11-17,Dandenong,13.544
2024-11-17,Geelong South,12.684916666666666
2024-11-17,Macleod,8.362291666666666
2024-11-17,Melbourne CBD,13.798416666666666
2024-11-17,Traralgon,7.024666666666667
2024-11-18,Alphington,5.836166666666666
2024-11-18,Box Hill,4.653083333333333
2024-11-18,Brighton,6.839583333333334
2024-11-18,Dandenong,4.301333333333333
2024-11-18,Geelong South,4.539291666666666
2024-11-18,Macleod,3.464875
2024-11-18,Melbourne CBD,7.342083333333333
2024-11-18,Traralgon,4.953875
2024-11-19,Alphington,4.516791666666666
2024-11-19,Box Hill,4.1366249999999996
2024-11-19,Brighton,5.698375
2024-11-19,Dandenong,3.975041666666667
2024-11-19,Geelong South,3.3873333333333333
2024-11-19,Macleod,2.1999166666666667
2024-11-19,Melbourne CBD,5.537333333333333
2024-11-19,Melton,2.699333333333333
2024-11-19,Traralgon,4.765791666666667
2024-11-20,Alphington,4.062625
2024-11-20,Box Hill,4.051583333333333
2024-11-20,Brighton,5.473083333333333
2024-11-20,Dandenong,4.948416666666667
2024-11-20,Geelong South,2.699333333333333
2024-11-20,Macleod,3.26875
2024-11-20,Melbourne CBD,5.578916666666666
2024-11-20,Melton,4.0809999999999995
2024-11-20,Traralgon,8.025166666666667
2024-11-21,Alphington,11.196625000000001
2024-11-21,Box Hill,7.157041666666666
2024-11-21,Brighton,13.241583333333333
2024-11-21,Dandenong,8.227833333333333
2024-11-21,Geelong South,10.023
2024-11-21,Macleod,7.152833333333334
2024-11-21,Melbourne CBD,13.066375
2024-11-21,Melton,8.159375
2024-11-21,Traralgon,10.551458333333333
2024-11-22,Alphington,10.16475
2024-11-22,Box Hill,8.256166666666667
2024-11-22,Brighton,10.275749999999999
2024-11-22,Dandenong,9.0875
2024-11-22,Geelong South,12.167791666666666
2024-11-22,Macleod,8.41875
2024-11-22,Melbourne CBD,12.417541666666667
2024-11-22,Melton,9.826166666666667
2024-11-22,Traralgon,9.166458333333333
2024-11-23,Alphington,6.394
2024-11-23,Box Hill,6.824333333333334
2024-11-23,Brighton,9.09025
2024-11-23,Dandenong,9.890625
2024-11-23,Geelong South,9.370000000000001
2024-11-23,Macleod,5.033125
2024-11-23,Melbourne CBD,9.522833333333333
2024-11-23,Melton,6.133208333333333
2024-11-23,Traralgon,10.860708333333333
2024-11-24,Box Hill,5.49325
2024-11-24,Brighton,9.141166666666667
2024-11-24,Dandenong,6.581083333333333
2024-11-24,Geelong South,7.175166666666667
2024-11-24,Macleod,5.121708333333333
2024-11-24,Melbourne CBD,8.514333333333333
2024-11-24,Melton,5.944875
2024-11-24,Traralgon,7.7055
2024-11-25,Box Hill,12.401416666666666
2024-11-25,Brighton,8.9470833333333335
2024-11-25,Dandenong,11.89975
2024-11-25,Geelong South,4.588333333333333
2024-11-25,Macleod,6.705666666666667
2024-11-25,Melbourne CBD,10.781291666666666
2024-11-25,Melton,6.904791666666666
2024-11-25,Traralgon,8.485333333333333
2024-11-26,Box Hill,11.354041666666667
2024-11-26,Brighton,15.08325
2024-11-26,Dandenong,9.943583333333333
2024-11-26,Geelong South,4.642166666666666
2024-11-26,Macleod,9.134291666666666
2024-11-26,Melbourne CBD,14.514916666666666
2024-11-26,Melton,11.80025
2024-11-26,Traralgon,8.298541666666667
2024-11-27,Box Hill,4.0741249999999996
2024-11-27,Brighton,7.561304347826087
2024-11-27,Dandenong,5.565083333333333
2024-11-27,Geelong South,4.739
2024-11-27,Macleod,2.0403333333333333
2024-11-27,Melbourne CBD,6.949541666666667
2024-11-27,Melton,3.5705416666666667
2024-11-27,Traralgon,8.954083333333333
2024-11-28,Box Hill,6.157958333333333
2024-11-28,Brighton,7.865083333333334
2024-11-28,Dandenong,5.7523333333333335
2024-11-28,Geelong South,4.4405833333333335
2024-11-28,Macleod,4.808708333333334
2024-11-28,Melbourne CBD,8.255333333333333
2024-11-28,Melton,3.502416666666667
2024-11-28,Traralgon,4.244458333333333
2024-11-29,Box Hill,3.188083333333333
2024-11-29,Brighton,4.857666666666667
2024-11-29,Dandenong,3.979541666666667
2024-11-29,Geelong South,4.424166666666666
2024-11-29,Macleod,3.5561249999999998
2024-11-29,Melbourne CBD,5.237416666666666
2024-11-29,Melton,5.6205
2024-11-29,Traralgon,3.283541666666667
2024-11-30,Box Hill,2.6049166666666665
2024-11-30,Brighton,4.658083333333334
2024-11-30,Dandenong,2.4114705882352943
2024-11-30,Geelong South,2.5957500000000002
2024-11-30,Macleod,1.9467083333333333
2024-11-30,Melbourne CBD,3.9250833333333333
2024-11-30,Melton,2.7884166666666665
2024-11-30,Traralgon,3.5344583333333337
2024-12-01,Box Hill,2.574
2024-12-01,Brighton,4.729125
2024-12-01,Dandenong,2.507625
2024-12-01,Geelong South,1.8057916666666667
2024-12-01,Macleod,1.01525
2024-12-01,Melbourne CBD,3.174
2024-12-01,Melton,1.6095833333333334
2024-12-01,Traralgon,4.590333333333334
2024-12-02,Box Hill,2.8842083333333335
2024-12-02,Brighton,7.364416666666667
2024-12-02,Dandenong,4.453125
2024-12-02,Geelong South,3.8239166666666664
2024-12-02,Macleod,1.9427916666666667
2024-12-02,Melbourne CBD,5.748083333333334
2024-12-02,Melton,3.2028333333333334
2024-12-02,Traralgon,6.442875
2024-12-03,Box Hill,5.355375
2024-12-03,Brighton,5.4839166666666666
2024-12-03,Dandenong,4.654458333333333
2024-12-03,Geelong South,3.459375
2024-12-03,Macleod,2.741041666666667
2024-12-03,Melbourne CBD,6.100583333333333
2024-12-03,Melton,3.2524583333333332
2024-12-03,Traralgon,6.521
2024-12-04,Box Hill,6.44975
2024-12-04,Brighton,9.043666666666667
2024-12-04,Dandenong,8.4439
2024-12-04,Geelong South,4.929166666666667
2024-12-04,Macleod,5.034681818181818
2024-12-04,Melbourne CBD,8.214
2024-12-04,Melton,5.984791666666667
2024-12-04,Traralgon,8.226166666666666
2024-12-05,Box Hill,5.898333333333333
2024-12-05,Brighton,8.568708333333333
2024-12-05,Geelong South,6.049625
2024-12-05,Macleod,5.673041666666667
2024-12-05,Melbourne CBD,8.486083333333333
2024-12-05,Melton,5.485916666666666
2024-12-05,Traralgon,8.074208333333333
2024-12-06,Box Hill,5.786708333333333
2024-12-06,Brighton,16.347958333333334
2024-12-06,Geelong South,7.205416666666666
2024-12-06,Macleod,7.068625
2024-12-06,Melbourne CBD,10.70725
2024-12-06,Melton,7.235
2024-12-06,Traralgon,10.806708333333333
2024-12-07,Box Hill,5.202166666666667
2024-12-07,Brighton,7.98175
2024-12-07,Geelong South,4.465208333333333
2024-12-07,Macleod,4.598166666666667
2024-12-07,Melbourne CBD,9.574583333333333
2024-12-07,Melton,5.0440000000000005
2024-12-07,Traralgon,8.832333333333333
2024-12-08,Box Hill,4.9269
2024-12-08,Brighton,6.784708333333334
2024-12-08,Geelong South,4.011958333333333
2024-12-08,Macleod,3.7224166666666667
2024-12-08,Melbourne CBD,6.5492083333333335
2024-12-08,Melton,3.7540416666666667
2024-12-08,Traralgon,6.058708333333334
2024-12-09,Box Hill,5.365
2024-12-09,Brighton,5.980166666666667
2024-12-09,Dandenong,5.816153846153846
2024-12-09,Geelong South,3.6834583333333333
2024-12-09,Macleod,4.366416666666667
2024-12-09,Melbourne CBD,7.954791666666667
2024-12-09,Melton,4.582583333333333
2024-12-09,Traralgon,6.68775
2024-12-10,Box Hill,4.388888888888889
2024-12-10,Brighton,5.6964999999999995
2024-12-10,Dandenong,4.998875
2024-12-10,Geelong South,5.027208333333333
2024-12-10,Macleod,3.0156666666666667
2024-12-10,Melbourne CBD,5.581291666666667
2024-12-10,Melton,3.9370416666666666
2024-12-10,Traralgon,5.0797083333333335
2024-12-11,Box Hill,3.7834583333333334
2024-12-11,Brighton,5.929291666666667
2024-12-11,Dandenong,5.1225
2024-12-11,Geelong South,3.9387499999999998
2024-12-11,Macleod,2.650875
2024-12-11,Melbourne CBD,6.437416666666667
2024-12-11,Melton,3.592416666666667
2024-12-11,Traralgon,5.713291666666667
2024-12-12,Box Hill,3.9014583333333333
2024-12-12,Brighton,6.231791666666667
2024-12-12,Dandenong,3.946875
2024-12-12,Geelong South,3.3198333333333334
2024-12-12,Macleod,3.18575
2024-12-12,Melbourne CBD,6.424416666666667
2024-12-12,Melton,3.39825
2024-12-12,Traralgon,5.492125
2024-12-13,Box Hill,2.795375
2024-12-13,Brighton,4.231611111111111
2024-12-13,Dandenong,3.1051666666666664
2024-12-13,Geelong South,3.0778333333333334
2024-12-13,Macleod,2.1169166666666666
2024-12-13,Melbourne CBD,4.25375
2024-12-13,Melton,2.1079999999999997
2024-12-13,Traralgon,3.232625
2024-12-14,Box Hill,4.6685
2024-12-14,Brighton,6.570833333333333
2024-12-14,Dandenong,6.163958333333333
2024-12-14,Geelong South,3.32125
2024-12-14,Macleod,3.6150833333333336
2024-12-14,Melbourne CBD,7.32175
2024-12-14,Melton,4.9645
2024-12-14,Traralgon,5.689041666666666
2024-12-15,Box Hill,7.592583333333334
2024-12-15,Brighton,14.302541666666666
2024-12-15,Dandenong,9.032041666666666
2024-12-15,Geelong South,8.07975
2024-12-15,Macleod,5.945083333333334
2024-12-15,Melbourne CBD,13.480541666666667
2024-12-15,Melton,9.637416666666667
2024-12-15,Traralgon,8.938916666666666
2024-12-16,Box Hill,8.338708333333333
2024-12-16,Brighton,10.070416666666667
2024-12-16,Dandenong,10.857708333333333
2024-12-16,Geelong South,9.450916666666666
2024-12-16,Macleod,7.5005
2024-12-16,Melbourne CBD,11.510666666666665
2024-12-16,Melton,11.34140909090909
2024-12-16,Traralgon,8.888458333333332
2024-12-17,Box Hill,7.509166666666667
2024-12-17,Brighton,9.914875
2024-12-17,Dandenong,8.061208333333333
2024-12-17,Geelong South,7.082458333333333
2024-12-17,Macleod,5.788333333333333
2024-12-17,Melbourne CBD,9.662208333333334
2024-12-17,Melton,4.67375
2024-12-17,Traralgon,7.65025
2024-12-18,Box Hill,6.9562083333333335
2024-12-18,Brighton,6.679833333333333
2024-12-18,Dandenong,7.543541666666667
2024-12-18,Geelong South,5.356083333333333
2024-12-18,Macleod,5.450916666666667
2024-12-18,Melbourne CBD,8.7125
2024-12-18,Melton,4.614833333333333
2024-12-18,Traralgon,8.592166666666667
2024-12-19,Box Hill,6.147541666666667
2024-12-19,Brighton,8.791916666666667
2024-12-19,Dandenong,7.2985
2024-12-19,Geelong South,6.5049166666666665
2024-12-19,Macleod,4.44325
2024-12-19,Melbourne CBD,8.3185416666666665
2024-12-19,Melton,5.8894761904761905
2024-12-20,Box Hill,7.792375
2024-12-20,Brighton,11.068624999999999
2024-12-20,Dandenong,9.039708333333333
2024-12-20,Geelong South,8.174166666666666
2024-12-20,Macleod,6.719708333333333
2024-12-20,Melbourne CBD,11.524083333333333
2024-12-20,Melton,10.329374999999999
2024-12-20,Traralgon,7.714214285714285
2024-12-21,Box Hill,5.9510000000000005
2024-12-21,Brighton,6.987916666666667
2024-12-21,Dandenong,6.294833333333333
2024-12-21,Geelong South,4.829208333333334
2024-12-21,Macleod,5.0437916666666665
2024-12-21,Melbourne CBD,8.891125
2024-12-21,Melton,4.806625
2024-12-21,Traralgon,10.125
2024-12-22,Box Hill,5.083375
2024-12-22,Brighton,6.598625
2024-12-22,Dandenong,4.915125
2024-12-22,Geelong South,3.6759999999999997
2024-12-22,Macleod,3.38525
2024-12-22,Melbourne CBD,6.715416666666667
2024-12-22,Melton,4.204625
2024-12-22,Traralgon,8.190625
2024-12-23,Box Hill,3.70725
2024-12-23,Brighton,5.121666666666667
2024-12-23,Dandenong,4.7335416666666665
2024-12-23,Geelong South,3.5649583333333332
2024-12-23,Macleod,3.2249583333333334
2024-12-23,Melbourne CBD,6.176208333333333
2024-12-23,Melton,1.7769583333333334
2024-12-23,Traralgon,4.73025
2024-12-24,Box Hill,4.777791666666666
2024-12-24,Brighton,5.213333333333333
2024-12-24,Dandenong,2.491875
2024-12-24,Geelong South,3.6268333333333334
2024-12-24,Macleod,2.8827499999999997
2024-12-24,Melbourne CBD,6.271125
2024-12-24,Melton,3.7274583333333333
2024-12-24,Traralgon,5.281458333333333
2024-12-25,Box Hill,4.226416666666666
2024-12-25,Brighton,5.438583333333334
2024-12-25,Dandenong,4.133875
2024-12-25,Geelong South,3.322416666666667
2024-12-25,Macleod,2.7750833333333333
2024-12-25,Melbourne CBD,5.412
2024-12-25,Melton,6.529875
2024-12-25,Traralgon,4.006833333333334
2024-12-26,Box Hill,5.3457083333333335
2024-12-26,Brighton,6.553166666666667
2024-12-26,Dandenong,6.6125
2024-12-26,Geelong South,6.520083333333333
2024-12-26,Macleod,2.111625
2024-12-26,Melbourne CBD,7.077458333333333
2024-12-26,Melton,4.714125
2024-12-26,Traralgon,7.17675
2024-12-27,Box Hill,5.696666666666666
2024-12-27,Brighton,7.824916666666667
2024-12-27,Dandenong,4.9005833333333335
2024-12-27,Geelong South,3.655666666666667
2024-12-27,Macleod,4.7084166666666665
2024-12-27,Melbourne CBD,6.776583333333333
2024-12-27,Melton,4.452416666666666
2024-12-27,Traralgon,5.340458333333333
2024-12-28,Box Hill,4.01575
2024-12-28,Brighton,4.934958333333333
2024-12-28,Dandenong,4.253958333333333
2024-12-28,Geelong South,3.0985833333333335
2024-12-28,Macleod,2.605
2024-12-28,Melbourne CBD,6.391916666666667
2024-12-28,Melton,2.843541666666667
2024-12-28,Traralgon,5.353666666666666
2024-12-29,Box Hill,3.7947083333333333
2024-12-29,Brighton,5.588416666666666
2024-12-29,Dandenong,4.830541666666667
2024-12-29,Geelong South,3.8472916666666666
2024-12-29,Macleod,2.6864166666666667
2024-12-29,Melbourne CBD,6.433583333333334
2024-12-29,Melton,3.4902499999999996
2024-12-29,Traralgon,5.307791666666667
2024-12-30,Box Hill,3.857458333333333
2024-12-30,Brighton,6.762166666666666
2024-12-30,Dandenong,4.82125
2024-12-30,Geelong South,3.7908333333333335
2024-12-30,Macleod,3.7317916666666666
2024-12-30,Melbourne CBD,6.424416666666667
2024-12-30,Melton,4.516958333333333
2024-12-30,Traralgon,5.71875
2024-12-31,Box Hill,3.528
2024-12-31,Brighton,4.2857916666666664
2024-12-31,Dandenong,3.7874583333333334
2024-12-31,Geelong South,2.7020833333333334
2024-12-31,Macleod,2.3064583333333335
2024-12-31,Melbourne CBD,6.983
2024-12-31,Melton,2.8684166666666666
2024-12-31,Traralgon,5.024208333333333
2025-01-01,Macleod,0
2025-01-01,Traralgon,9.525
